COMPANY,ADDRESS,CITY,STATE,ZIP,ZIP4,LEGALNAME,PADDRESSLNG,PCITY,PSTATE,PZIP,PCRRT,SICDESC,TITLE,CONTACTNAMECOMP,Corporate Name (Search),UCC URL (Search),Source File,Status (UCC),Date Filed,Expires,Filings Completed Through,UCC Number,Filing Events,Secured Parties Count,Secured Party 1 Name,Secured Party 1 Address,Secured Party 2 Name,Secured Party 2 Address,Secured Party 3 Name,Secured Party 3 Address,Secured Party 4 Name,Secured Party 4 Address,Secured Party 5 Name,Secured Party 5 Address,Debtor Parties Count,Debtor Name,Debtor Address,Document Type,Document Pages,Document Number,Filing Date
Pure Edge  Inc,P O Box 2298,South Hamilton,MA,01982-0298,298,"PURE EDGE, INC.",109 Royal Palm Way,Palm Beach,FL,33480-4249,,"Trusts: Educational, Religious, Etc.",Chief Executive Officer,Mr. Chi Kim,Pure Edge  Inc,,Search1600.csv,No close match,,,,,,,,,,,,,,,,,,,,,,,
Andre Partners LLC,P O Box 880,Siasconset,MA,2564,,ANDRE PARTNERS LLC,408 Chilean Ave,Palm Beach,FL,33480-4529,,Inns,Managing Member,Mr. Peter G Karlson,Andre Partners LLC,,Search1600.csv,No close match,,,,,,,,,,,,,,,,,,,,,,,
Gaetano Cacciatore LLC,P O Box 678,Somerville,NJ,08876-0678,678,GAETANO CACCIATORE LLC,1601 Forum Pl Ste 1110,West Palm Beach,FL,33401-8104,,Concrete Work,Chief Executive Officer,Mr. Alessandro Civera,Gaetano Cacciatore LLC,,Search1600.csv,No close match,,,,,,,,,,,,,,,,,,,,,,,
Uts Aviation LLC,P O Box 924,Gainesville,VA,20156-0924,924,UTS AVIATION LLC,1801 N Flagler Dr Apt 938,West Palm Beach,FL,33407-6568,,Real Estate Agents And Managers,Member,Mr. Norman G Wear,Uts Aviation LLC,,Search1600.csv,No close match,,,,,,,,,,,,,,,,,,,,,,,
Palm Beach Intl Raceway,P O Box 11408,Norfolk,VA,23517,,PALM BEACH INTERNATIONAL RACEWAY,1555 Palm Beach Lakes Blvd Ste 400,West Palm Beach,FL,33401-2327,,"Racing, Including Track Operation",Chief Executive Officer,Mr. Jason Rittenberry,Palm Beach Intl Raceway,,Search1600.csv,No close match,,,,,,,,,,,,,,,,,,,,,,,
Edison Electrical Surplus Inc,P O Box 40,West Union,SC,29696-0040,40,"EDISON ELECTRICAL SURPLUS, INC.",2000 Avenue P Ste 12,Riviera Beach,FL,33404-5342,,"Electrical Supplies, Nec",President,Mr. Michael H Hall,Edison Electrical Surplus Inc,"https://floridaucc.com/search?text=EDISON ELECTRICAL SURPLUS, INC.&searchOptionType=LegacySearch&searchOptionSubOption=FiledAndLapsedActualDebtorNameList&searchCategory=Standard",Search1600.csv,Filed,06/02/2020,06/02/2030,03/02/2026,202001963007,1,1,,,,,,,,,,,1,"EDISON ELECTRICAL SURPLUS , INC","2000 AVE P STE 12, RIVERA BEACH, FL, 33404",UCC1,1,,06/02/2020
Nuclear Medicine Scanning PA,P O Box 1607,Dania,FL,33004-1607,1607,"NUCLEAR MEDICINE SCANNING, P.A.",2540 Metrocentre Blvd Ste 1,West Palm Beach,FL,33407-3137,,Radiologist,President,Mr. Henry Pevsner,Nuclear Medicine Scanning PA,"https://floridaucc.com/search?text=NUCLEAR MEDICINE SCANNING, P.A.&searchOptionType=LegacySearch&searchOptionSubOption=FiledAndLapsedActualDebtorNameList&searchCategory=Standard",Search1600.csv,Lapsed,12/29/2004,12/29/2009,03/02/2026,200408624408,1,1,,,,,,,,,,,1,NUCLEAR MEDICINE SCANNING PA,"2500 METROCENTRE BLVD STE 6, WEST PALM BEACH, FL, 33407",UCC1,1,,12/29/2004
Adel Cnstr Co Of W Palm Bch,P O Box 530035,Miami,FL,33153,,ADEL CONSTRUCTION CO OF WEST PALM BEACH INC,1030 W 15th St,West Palm Beach,FL,33404-6726,,Parking Lot Maintenance,President,Mr. Frank J Hollub,Adel Cnstr Co Of W Palm Bch,,Search1600.csv,No close match,,,,,,,,,,,,,,,,,,,,,,,
Diamond Advertising & Mktg,P O Box 222,West Palm Beach,FL,33401,,DIAMOND ADVERTISING & MARKETING INC,1200 S Flagler Dr Apt 106,West Palm Beach,FL,33401-6701,,Magazines: Publishing And Printing,Owner,Ms. Audrey Diamonds,Diamond Advertising & Mktg,,Search1600.csv,No close match,,,,,,,,,,,,,,,,,,,,,,,
Center For Gstrntnstnal Endsco,P O Box 949,West Palm Beach,FL,33401,,"CENTER FOR GASTROINTENSTINAL ENDOSCOPY, LLC",1117 N Olive Ave Ste 201,West Palm Beach,FL,33401-3520,,General Medical And Surgical Hospitals,Member,Mr. Jeff Wenger,Center For Gstrntnstnal Endsco,,Search1600.csv,No close match,,,,,,,,,,,,,,,,,,,,,,,
James S Gaspari Aia,3520 Embassy Dr,West Palm Beach,FL,33401-1030,1030,JAMES S GASPARI AIA,3520 Embassy Dr,West Palm Beach,FL,33401-1030,,Architectural Services,Owner,Ms. Florence S Gaspari,James S Gaspari Aia,,Search1600.csv,No close match,,,,,,,,,,,,,,,,,,,,,,,
Jack Krauser Dmd,3017 Embassy Dr,West Palm Beach,FL,33401-1041,1041,JACK KRAUSER DMD,3017 Embassy Dr,West Palm Beach,FL,33401-1041,C039,Periodontist,Owner,Mr. Jack Krauser,Jack Krauser Dmd,,Search1600.csv,No close match,,,,,,,,,,,,,,,,,,,,,,,
Chin Yet & Associate Intl Corp,3726 Embassy Dr,West Palm Beach,FL,33401-1045,1045,CHIN YET & ASSOCIATE INTERNATIONAL CORP.,3726 Embassy Dr,West Palm Beach,FL,33401-1045,C083,Food Industry Machinery,President,Mr. Owen J Chin Yet,Chin Yet & Associate Intl Corp,,Search1600.csv,No close match,,,,,,,,,,,,,,,,,,,,,,,
Envoy Condominium Assn Inc,2450 Presidential Way Ofc,West Palm Beach,FL,33401-1328,1328,THE ENVOY CONDOMINIUM ASSOCIATION INC,2450 Presidential Way Ofc,West Palm Beach,FL,33401-1328,C086,Condominium Association,President,Mr. Herb Mazer,Envoy Condominium Assn Inc,,Search1600.csv,No close match,,,,,,,,,,,,,,,,,,,,,,,
President Country Club  Inc,2300 Presidential Way,West Palm Beach,FL,33401-1599,1599,THE PRESIDENT COUNTRY CLUB INC,2300 Presidential Way,West Palm Beach,FL,33401-1599,C037,"Country Club, Membership",President,Mr. Stan Sirak,President Country Club  Inc,https://floridaucc.com/search?text=THE PRESIDENT COUNTRY CLUB INC&searchOptionType=LegacySearch&searchOptionSubOption=FiledAndLapsedActualDebtorNameList&searchCategory=Standard,Search1600.csv,Lapsed,09/16/1996,09/16/2001,03/02/2026,960000194927,1,1,,,,,,,,,,,1,PRESIDENT COUNTRY CLUB INC,"2300 PRESIDENTIAL WAY, WEST PALM BEACH, FL, 33401",UCC1,2,,09/16/1996
Cross Creek Condo Assn Inc,1500 N Congress Ave,West Palm Beach,FL,33401-1717,1717,"CROSS CREEK CONDOMINIUM ASSOCIATION, INC.",1500 N Congress Ave,West Palm Beach,FL,33401-1717,C083,"Dwelling Operators, Except Apartments",President,Ms. Lois Pike,Cross Creek Condo Assn Inc,,Search1600.csv,No close match,,,,,,,,,,,,,,,,,,,,,,,
Presidential Way Assn Inc,1630 Presidential Way,West Palm Beach,FL,33401-1809,1809,"PRESIDENTIAL WAY ASSOCIATION, INC.",1630 Presidential Way,West Palm Beach,FL,33401-1809,,Merchants' Association,Vice-President,Mr. John Buonocore,Presidential Way Assn Inc,,Search1600.csv,No close match,,,,,,,,,,,,,,,,,,,,,,,
Endodntic Assoc Of Palm Bches,1501 Prsdential Way Ste 7,West Palm Beach,FL,33401-1852,1852,"ENDODONTIC ASSOCIATES OF THE PALM BEACHES, P.A.",1501 Presidential Way Ste 7,West Palm Beach,FL,33401-1852,,Endodontist,Principal,Rory E Mortman,Endodntic Assoc Of Palm Bches,,Search1600.csv,No close match,,,,,,,,,,,,,,,,,,,,,,,
Moorhead and Ferlita,1501 Presidential Way,West Palm Beach,FL,33401-1852,1852,MOORHEAD AND FERLITA,1501 Presidential Way Ste 3,West Palm Beach,FL,33401-1852,,Dentists' Office,Partner,Gernie Moorhead,Moorhead and Ferlita,,Search1600.csv,No close match,,,,,,,,,,,,,,,,,,,,,,,
Presidential Eye Center PA,1501 Prsdntial Way Ste 11,West Palm Beach,FL,33401-1852,1852,PRESIDENTIAL EYE CENTER PA,1501 Presidential Way Ste 11,West Palm Beach,FL,33401-1852,,Opthalmologist,President,Mr. Steve Spector,Presidential Eye Center PA,https://floridaucc.com/search?text=PRESIDENTIAL EYE CENTER PA&searchOptionType=LegacySearch&searchOptionSubOption=FiledAndLapsedActualDebtorNameList&searchCategory=Standard,Search1600.csv,Lapsed,12/27/1991,12/27/1996,03/02/2026,910000272481,0,1,,,,,,,,,,,2,BEAL RICHARD,"373 PO BOX, BIG INE KEY, FL, 33043",UCC1,1,,12/27/1991
Axelrod and Silver DDS PA Inc,1501 Presidential Way,West Palm Beach,FL,33401-1852,1852,AXELROD AND SILVER DDS PA INC,1501 Presidential Way Ste 15,West Palm Beach,FL,33401-1852,C037,Orthodontist,Partner,Mr. Michael Axelrod,Axelrod and Silver DDS PA Inc,,Search1600.csv,No close match,,,,,,,,,,,,,,,,,,,,,,,
Marble Doctors LLC,1700 Embassy Dr Apt 108,West Palm Beach,FL,33401-1961,1961,MARBLE DOCTORS LLC,1700 Embassy Dr Apt 108,West Palm Beach,FL,33401-1961,,"Marble, Building: Cut And Shaped",Member,Mr. Sergio Gomes Da Silva,Marble Doctors LLC,,Search1600.csv,No close match,,,,,,,,,,,,,,,,,,,,,,,
Palm Beach Lakes Oil LLC,1840 Palm Bch Lakes Blvd,West Palm Beach,FL,33401-2002,2002,PALM BEACH LAKES OIL LLC,1840 Palm Beach Lakes Blvd,West Palm Beach,FL,33401-2002,,Crude Oil,Principal,Mr. Amjad Hammad,Palm Beach Lakes Oil LLC,https://floridaucc.com/search?text=PALM BEACH LAKES OIL LLC&searchOptionType=LegacySearch&searchOptionSubOption=FiledAndLapsedActualDebtorNameList&searchCategory=Standard,Search1600.csv,Lapsed,03/31/2004,03/31/2009,03/02/2026,200406532719,1,1,,,,,,,,,,,1,"PALM BEACH LAKES, L.L.C.","505 E FLAGLER DR, STE 1010, WEST PALM BEACH, FL, 33401",UCC1,2,,03/31/2004
Earthology  LLC,1700 Palm Bch Lkes Blvd S,West Palm Beach,FL,33401-2011,2011,"EARTHOLOGY, LLC",1700 Palm Beach Lakes Blvd Ste 730,West Palm Beach,FL,33401-2011,,Environmental Consultant,,Prajakta Kamthe,Earthology  LLC,"https://floridaucc.com/search?text=EARTHOLOGY, LLC&searchOptionType=LegacySearch&searchOptionSubOption=FiledAndLapsedActualDebtorNameList&searchCategory=Standard",Search1600.csv,Filed,03/14/2022,03/14/2027,03/02/2026,202200802707,0,1,,,,,,,,,,,1,EARTHOLOGY LLC,"3611 HIGH RIDGE WAY APT 306, BOYNTON BEACH, FL, 33426",UCC1,1,,03/14/2022
First Choice Credit Mgt LLC,1665 Palm Bch Lkes Blvd S,West Palm Beach,FL,33401-2106,2106,"FIRST CHOICE CREDIT MANAGEMENT, LLC",1665 Palm Beach Lakes Blvd Ste 800,West Palm Beach,FL,33401-2106,,Business Management,President,Mr. Anthony Sacchetillo,First Choice Credit Mgt LLC,,Search1600.csv,No close match,,,,,,,,,,,,,,,,,,,,,,,
Kelley Kaplan & Eller  Pllc,1665 Palm Bch Lkes Blvd S,West Palm Beach,FL,33401-2109,2109,"KELLEY KAPLAN & ELLER, PLLC",1665 Palm Beach Lakes Blvd Ste 1000,West Palm Beach,FL,33401-2109,,"Specialized Law Offices, Attorneys",Manager,Mr. Craig I Kelley,Kelley Kaplan & Eller  Pllc,,Search1600.csv,No close match,,,,,,,,,,,,,,,,,,,,,,,
Gary Roberts & Associates PA,1665 Palm Bch Lakes Blvd,West Palm Beach,FL,33401-2121,2121,"GARY ROBERTS & ASSOCIATES, P.A.",1665 Palm Beach Lakes Blvd,West Palm Beach,FL,33401-2121,,"General Practice Attorney, Lawyer",President,Mr. Gary W Roberts,Gary Roberts & Associates PA,"https://floridaucc.com/search?text=GARY ROBERTS & ASSOCIATES, P.A.&searchOptionType=LegacySearch&searchOptionSubOption=FiledAndLapsedActualDebtorNameList&searchCategory=Standard",Search1600.csv,Lapsed,09/25/2000,09/25/2005,03/02/2026,200000226554,0,1,,,,,,,,,,,1,GARY ROBERTS & ASSOCIATES PA,"1675 PALM BEACH LAKES BLVD STE 700, WEST PALM BEACH, FL, 33401",UCC1,2,,09/25/2000
Wyland & Tadros LLP,1665 Palm Beach Lakes Blv,West Palm Beach,FL,33401-2121,2121,WYLAND & TADROS LLP,1665 Palm Beach Lakes Blvd Ste 900,West Palm Beach,FL,33401-2121,C037,General Practice Law Office,Partner,Mr. David Tadros,Wyland & Tadros LLP,,Search1600.csv,No close match,,,,,,,,,,,,,,,,,,,,,,,
National Sttlment Slutions Inc,1645 Palm Bch Lakes Blvd,West Palm Beach,FL,33401-2204,2204,"NATIONAL SETTLEMENT SOLUTIONS, INC.",1645 Palm Beach Lakes Blvd Ste 480,West Palm Beach,FL,33401-2204,C036,Management Services,President,Mr. Jason Simons,National Sttlment Slutions Inc,,Search1600.csv,No close match,,,,,,,,,,,,,,,,,,,,,,,
Ribson Company  Inc,1655 Palm Bch Lkes Blvd S,West Palm Beach,FL,33401-2208,2208,"RIBSON COMPANY, INC",1655 Palm Beach Lakes Blvd Ste 801,West Palm Beach,FL,33401-2208,,"Electronic Parts And Equipment, Nec",President,Ms. Krystyna Zebrowska,Ribson Company  Inc,,Search1600.csv,No close match,,,,,,,,,,,,,,,,,,,,,,,
Matrix Mediation,1655 Palm Bch Lkes Blvd S,West Palm Beach,FL,33401-2208,2208,MATRIX MEDIATION,1655 Palm Beach Lakes Blvd Ste 700,West Palm Beach,FL,33401-2208,,"Personal Service Agents, Brokers, And Bureaus",Principal,Mr. Rodney G Romano,Matrix Mediation,,Search1600.csv,No close match,,,,,,,,,,,,,,,,,,,,,,,
Greenstein & Associates  LLC,1655 Palm Bch Lkes Blvd S,West Palm Beach,FL,33401-2208,2208,"GREENSTEIN & ASSOCIATES, LLC",1655 Palm Beach Lakes Blvd Ste 800,West Palm Beach,FL,33401-2208,,Real Estate Law,Managing Partner,Ms. Blanca Greenstein,Greenstein & Associates  LLC,,Search1600.csv,No close match,,,,,,,,,,,,,,,,,,,,,,,
Lyle B Masnikoff & Assoc P A,1645 Palm Bch Lkes Blvd S,West Palm Beach,FL,33401-2210,2210,LYLE B MASNIKOFF & ASSOCIATES P A,1645 Palm Beach Lakes Blvd Ste 550,West Palm Beach,FL,33401-2210,,Labor And Employment Law,Principal,Mr. Lyle B Masnikoff,Lyle B Masnikoff & Assoc P A,,Search1600.csv,No close match,,,,,,,,,,,,,,,,,,,,,,,
Mg Malls  LLC,1655 Palm Bch Lkes Blvd S,West Palm Beach,FL,33401-2211,2211,"MG MALLS, LLC",1655 Palm Beach Lakes Blvd Ste 903,West Palm Beach,FL,33401-2211,,Advertising Agencies,Principal,Mr. David Parsons,Mg Malls  LLC,,Search1600.csv,No close match,,,,,,,,,,,,,,,,,,,,,,,
Abeam Analytics Inc,1645 Palm Bch Lkes Blvd S,West Palm Beach,FL,33401-2214,2214,ABEAM ANALYTICS INC.,1645 Palm Beach Lakes Blvd Ste 1200,West Palm Beach,FL,33401-2214,,Computer Installation,President,Tiai Stewart,Abeam Analytics Inc,,Search1600.csv,No close match,,,,,,,,,,,,,,,,,,,,,,,
Classique Realty & Investments,1645 Palm Bch Lkes Blvd S,West Palm Beach,FL,33401-2214,2214,CLASSIQUE REALTY AND INVESTMENTS INC,1645 Palm Beach Lakes Blvd Ste 1200,West Palm Beach,FL,33401-2214,,"Investors, Nec",Chief Executive Officer,Ms. Monique Gilce,Classique Realty & Investments,,Search1600.csv,No close match,,,,,,,,,,,,,,,,,,,,,,,
Worth Avenue Restaurant  Inc,1645 Palm Bch Lakes Blvd,West Palm Beach,FL,33401-2214,2214,"WORTH AVENUE RESTAURANT, INC.",1645 Palm Beach Lakes Blvd Ste 1200,West Palm Beach,FL,33401-2214,,Italian Restaurant,President,Mr. Franklyn P Demarco,Worth Avenue Restaurant  Inc,"https://floridaucc.com/search?text=WORTH AVENUE RESTAURANT, INC.&searchOptionType=LegacySearch&searchOptionSubOption=FiledAndLapsedActualDebtorNameList&searchCategory=Standard",Search1600.csv,Lapsed,11/06/1995,11/06/2000,03/02/2026,950000222152,0,1,,,,,,,,,,,1,WORTH AVENUE RESTAURANT INC,"221 WORTH AVE, PALM BEACH, FL, 33480",UCC1,1,,11/06/1995
Prestige Ultimate Care LLC,1645 Palm Bch Lakes Blvd,West Palm Beach,FL,33401-2214,2214,PRESTIGE ULTIMATE CARE LLC,1645 Palm Beach Lakes Blvd Ste 1200,West Palm Beach,FL,33401-2214,,Home Health Care Services,Managing Member,Ms. Monique Gilce,Prestige Ultimate Care LLC,,Search1600.csv,No close match,,,,,,,,,,,,,,,,,,,,,,,
Senior Care Nvigator Group Inc,1645 Palm Bch Lakes Blvd,West Palm Beach,FL,33401-2214,2214,"SENIOR CARE NAVIGATOR GROUP, INC.",1645 Palm Beach Lakes Blvd Ste 1200,West Palm Beach,FL,33401-2214,,Old Age Assistance,Principal,Timisha Emanuel,Senior Care Nvigator Group Inc,"https://floridaucc.com/search?text=SENIOR CARE NAVIGATOR GROUP, INC.&searchOptionType=LegacySearch&searchOptionSubOption=FiledAndLapsedActualDebtorNameList&searchCategory=Standard",Search1600.csv,Filed,09/08/2020,09/08/2030,03/02/2026,20200463053X,1,1,,,,,,,,,,,1,SENIOR CARE NAVIGATOR GROUP,"1645 PALM BEACH LAKE BLVD SUITE 1200, WEST PALM BEACH, FL, 33401",UCC1,1,,09/08/2020
Steinger & Iscoe  PA,1645 Palm Bch Lkes Blvd S,West Palm Beach,FL,33401-2219,2219,"STEINGER & ISCOE, P.A.",1645 Palm Beach Lakes Blvd Ste 900,West Palm Beach,FL,33401-2219,,"General Practice Attorney, Lawyer",President,Mr. Michael Steinger,Steinger & Iscoe  PA,"https://floridaucc.com/search?text=STEINGER & ISCOE, P.A.&searchOptionType=LegacySearch&searchOptionSubOption=FiledAndLapsedActualDebtorNameList&searchCategory=Standard",Search1600.csv,Lapsed,05/19/2006,05/19/2021,03/02/2026,200602684984,3,1,,,,,,,,,,,1,STEINGER & ISCOE PA,"1645 PALM BEACH LAKES BLVD, 9TH FLOOR, WEST PALM BEACH, FL, 33401",UCC1,1,,05/19/2006
Tech Search America Inc,1655 Palm Bch Lakes Blvd,West Palm Beach,FL,33401-2225,2225,"TECH SEARCH AMERICA, INC",1655 Palm Beach Lakes Blvd,West Palm Beach,FL,33401-2225,,Placement Agencies,Chief Executive Officer,Kim Zakarian,Tech Search America Inc,,Search1600.csv,No close match,,,,,,,,,,,,,,,,,,,,,,,
Rosenthal Levy Simon & Sosa PA,1401 Forum Way Ste 730,West Palm Beach,FL,33401-2289,2289,"ROSENTHAL, LEVY, SIMON & SOSA, P.A.",1401 Forum Way,West Palm Beach,FL,33401-2289,C036,"General Practice Attorney, Lawyer",Principal,Mr. Gerald A Rosenthal,Rosenthal Levy Simon & Sosa PA,,Search1600.csv,No close match,,,,,,,,,,,,,,,,,,,,,,,
Four Points Construction  LLC,1555 Palm Beach Lakes Blv,West Palm Beach,FL,33401-2300,2300,"FOUR POINTS CONSTRUCTION, LLC",1555 Palm Beach Lakes Blvd Ste 300,West Palm Beach,FL,33401-2300,C043,"General Remodeling, Single-Family Houses",Principal,Mr. James Macnamee,Four Points Construction  LLC,,Search1600.csv,No close match,,,,,,,,,,,,,,,,,,,,,,,
Flagler Medical Associates PA,1552 Palm Bch Lakes Blvd,West Palm Beach,FL,33401-2302,2302,FLAGLER MEDICAL ASSOCIATES P.A.,1552 Palm Beach Lakes Blvd,West Palm Beach,FL,33401-2302,C043,"General And Family Practice, Physician/Surgeon",President,Mr. Mark Rattinger,Flagler Medical Associates PA,https://floridaucc.com/search?text=FLAGLER MEDICAL ASSOCIATES P.A.&searchOptionType=LegacySearch&searchOptionSubOption=FiledAndLapsedActualDebtorNameList&searchCategory=Standard,Search1600.csv,Lapsed,03/20/1995,03/20/2000,03/02/2026,950000054455,0,1,,,,,,,,,,,1,FLAGLER MEDICAL ASSOCIATES PA,"2801 N FLAGLER DR, WEST PALM BEACH, FL, 33407",UCC1,1,,03/20/1995
Sara Of Palm Beach  Inc,1677 Forum Pl,West Palm Beach,FL,33401-2303,2303,"SARA OF PALM BEACH, INC.",1677 Forum Pl,West Palm Beach,FL,33401-2303,,"Pizzeria, Chain",Principal,Abdelali Eljai,Sara Of Palm Beach  Inc,"https://floridaucc.com/search?text=SARA OF PALM BEACH, INC.&searchOptionType=LegacySearch&searchOptionSubOption=FiledAndLapsedActualDebtorNameList&searchCategory=Standard",Search1600.csv,Lapsed,05/22/2006,05/22/2011,03/02/2026,200602702818,0,1,,,,,,,,,,,1,"SARA OF PALM BEACH, INC.","1677 FORUM PLACE, WEST PALM BEACH, FL, 33401",UCC1,2,,05/22/2006
U C A C Inc,1551 Forum Pl Ste 500d,West Palm Beach,FL,33401-2309,2309,U C A C INC,1551 Forum Pl Ste 500d,West Palm Beach,FL,33401-2309,,Labor Resource Services,Chairman Of The Board,Mr. Bertram Collins,U C A C Inc,,Search1600.csv,No close match,,,,,,,,,,,,,,,,,,,,,,,
Asset Planning Corporation,1615 Forum Pl Ste 1a,West Palm Beach,FL,33401-2314,2314,ASSET PLANNING CORPORATION,1615 Forum Pl Ste 1a,West Palm Beach,FL,33401-2314,C036,Financial Consultant,President,Mr. Louis Micloskey,Asset Planning Corporation,,Search1600.csv,No close match,,,,,,,,,,,,,,,,,,,,,,,
Roy W Jordan  Jr  PA,1615 Forum Pl Ste 200,West Palm Beach,FL,33401-2315,2315,"ROY W. JORDAN, JR., P.A.",1615 Forum Pl Ste 200,West Palm Beach,FL,33401-2315,C036,"General Practice Attorney, Lawyer",President,Mr. Roy W Jordan,Roy W Jordan  Jr  PA,"https://floridaucc.com/search?text=ROY W. JORDAN, JR., P.A.&searchOptionType=LegacySearch&searchOptionSubOption=FiledAndLapsedActualDebtorNameList&searchCategory=Standard",Search1600.csv,Lapsed,12/15/2008,12/15/2013,03/02/2026,200809701098,1,1,,,,,,,,,,,1,"ROY W. JORDAN, JR. P.A.","1675 PALM BEACH LAKES BLVD. SUITE 700, WEST PALM BEACH, FL, 33401",UCC1,1,,12/15/2008
Jezerinac Group  Pllc,1615 Forum Pl,West Palm Beach,FL,33401-2316,2316,"JEZERINAC GROUP, PLLC",1615 Forum Pl Ste 3a,West Palm Beach,FL,33401-2316,,Structural Engineering,Managing Member,Mr. Ronald Jezerinac,Jezerinac Group  Pllc,"https://floridaucc.com/search?text=JEZERINAC GROUP, PLLC&searchOptionType=LegacySearch&searchOptionSubOption=FiledAndLapsedActualDebtorNameList&searchCategory=Standard",Search1600.csv,Filed,09/18/2024,09/18/2029,03/02/2026,202402478649,0,1,,,,,,,,,,,1,JEZERINAC GROUP PLLC,"480 HIBISCUS ST STE 107, WEST PALM BEACH, FL, 334015868",UCC1,3,,09/18/2024
Schuler Wsser Zller Ovrbeck Bx,1615 Forum Pl Ste 4,West Palm Beach,FL,33401-2317,2317,"SCHULER, WEISSER, ZOELLER, OVERBECK AND BAXTER, PA",1615 Forum Pl Ste 4d,West Palm Beach,FL,33401-2317,,General Practice Law Office,Partner,Rrichard Schuler,Schuler Wsser Zller Ovrbeck Bx,,Search1600.csv,No close match,,,,,,,,,,,,,,,,,,,,,,,
Law Office Of Paul A Krsker PA,1615 Forum Pl Ste 500,West Palm Beach,FL,33401-2318,2318,THE LAW OFFICE OF PAUL A KRASKER P A,1615 Forum Pl Ste 500,West Palm Beach,FL,33401-2318,,General Practice Law Office,Principal,Mr. Paul Krasker,Law Office Of Paul A Krsker PA,,Search1600.csv,No close match,,,,,,,,,,,,,,,,,,,,,,,
Rigell & Associates PA,1615 Forum Pl Ste 500,West Palm Beach,FL,33401-2318,2318,RIGELL & ASSOCIATES PA,1615 Forum Pl Ste 500,West Palm Beach,FL,33401-2318,,"General Practice Attorney, Lawyer",Partner,Mr. David R Rigell,Rigell & Associates PA,,Search1600.csv,No close match,,,,,,,,,,,,,,,,,,,,,,,
Clyatt & Richardson  PA,1401 Forum Way Ste 720,West Palm Beach,FL,33401-2322,2322,"CLYATT & RICHARDSON, P.A.",1401 Forum Way Ste 720,West Palm Beach,FL,33401-2322,,"General Practice Attorney, Lawyer",Partner,Mr. Shelton Clyatt,Clyatt & Richardson  PA,"https://floridaucc.com/search?text=CLYATT & RICHARDSON, P.A.&searchOptionType=LegacySearch&searchOptionSubOption=FiledAndLapsedActualDebtorNameList&searchCategory=Standard",Search1600.csv,Filed,03/15/2019,03/15/2029,03/02/2026,201908033450,1,1,,,,,,,,,,,1,"CLYATT & RICHARDSON, P.A.","1401 FORUM WAY, SUITE 720, WEST PALM BEACH, FL, 33401",UCC1,1,,03/15/2019
Gaunt Pratt Radford & Methe PA,1401 Forum Way Ste 500,West Palm Beach,FL,33401-2322,2322,GAUNT PRATT RADFORD & METHE PA,1401 Forum Way Ste 500,West Palm Beach,FL,33401-2322,,General Practice Law Office,President,Mr. Kent S Pratt,Gaunt Pratt Radford & Methe PA,https://floridaucc.com/search?text=GAUNT PRATT RADFORD & METHE PA&searchOptionType=LegacySearch&searchOptionSubOption=FiledAndLapsedActualDebtorNameList&searchCategory=Standard,Search1600.csv,Lapsed,10/09/1995,10/09/2000,03/02/2026,950000203203,1,1,,,,,,,,,,,1,GAUNT PRATT RADFORD & METHE PA,"1401 FORUM WAY SUITE 500, WEST PALM BEACH, FL, 33401",UCC1,1,,10/09/1995
629 It Solutions  LLC,1401 Forum Way Ste 730 B,West Palm Beach,FL,33401-2322,2322,"629 IT SOLUTIONS, LLC",1401 Forum Way Ste 730b,West Palm Beach,FL,33401-2322,,Computer Facilities Management,Managing Member,Mr. Edward Hom,629 It Solutions  LLC,"https://floridaucc.com/search?text=629 IT SOLUTIONS, LLC&searchOptionType=LegacySearch&searchOptionSubOption=FiledAndLapsedActualDebtorNameList&searchCategory=Standard",Search1600.csv,Lapsed,06/18/2014,06/18/2019,03/02/2026,201401647721,0,1,,,,,,,,,,,1,"629 IT SOLUTIONS, LLC","1401 FORUM WAY SUITE 730, WEST PALM BEACH, FL, 33401",UCC1,2,,06/18/2014
Palm Beach Prosthodontics  LLC,1401 Forum Way Ste 800,West Palm Beach,FL,33401-2322,2322,"PALM BEACH PROSTHODONTICS, LLC",1401 Forum Way Ste 800,West Palm Beach,FL,33401-2322,C036,Dentists' Office,Partner,Mr. Miguel J Santamarina,Palm Beach Prosthodontics  LLC,"https://floridaucc.com/search?text=PALM BEACH PROSTHODONTICS, LLC&searchOptionType=LegacySearch&searchOptionSubOption=FiledAndLapsedActualDebtorNameList&searchCategory=Standard",Search1600.csv,Lapsed,02/16/2007,02/16/2017,03/02/2026,200704835302,3,1,,,,,,,,,,,1,"PALM BEACH PROSTHODONTICS, LLC","2521 NORTH FLAGLER DRIVE, WEST PALM BEACH, FL, 33407",UCC1,1,,02/16/2007
S L Powers Telecom,1401 Forum Way Ste 730,West Palm Beach,FL,33401-2322,2322,S L POWERS TELECOM,1401 Forum Way Ste 730,West Palm Beach,FL,33401-2322,C036,Telecommunications Consultant,Owner,Mr. James Anderson,S L Powers Telecom,,Search1600.csv,No close match,,,,,,,,,,,,,,,,,,,,,,,
Constellation Ltd Partnership,1555 Palm Bch Lks Blvd,West Palm Beach,FL,33401-2323,2323,CONSTELLATION LIMITED PARTNERSHIP,1555 Palm Beach Lakes Blvd Ste 406,West Palm Beach,FL,33401-2323,C043,"Personal Service Agents, Brokers, And Bureaus",Partner,Mr. William Gubelmann,Constellation Ltd Partnership,,Search1600.csv,No close match,,,,,,,,,,,,,,,,,,,,,,,
P B C Cultural Counsel,1555 Palm Bch Lakes Blvd,West Palm Beach,FL,33401-2323,2323,P B C CULTURAL COUNSEL,1555 Palm Beach Lakes Blvd,West Palm Beach,FL,33401-2323,,Culture Media,Chief Executive Officer,Ms. Rena Blades,P B C Cultural Counsel,,Search1600.csv,No close match,,,,,,,,,,,,,,,,,,,,,,,
Palm Bch Cnty Cnvntion Vstors,1555 Palm Bch Lakes Blvd,West Palm Beach,FL,33401-2323,2323,PALM BEACH COUNTY CONVENTION AND VISITORS BUREAU,1555 Palm Beach Lakes Blvd,West Palm Beach,FL,33401-2323,,Convention And Show Services,Principal,Mr. Michael Valdes,Palm Bch Cnty Cnvntion Vstors,,Search1600.csv,No close match,,,,,,,,,,,,,,,,,,,,,,,
Cove Insurance Agency,1401 Forum Way # 4,West Palm Beach,FL,33401-2325,2325,COVE INSURANCE AGENCY,1401 Forum Way # 4,West Palm Beach,FL,33401-2325,,"Insurance Agents, Nec",Partner,C R Higgins,Cove Insurance Agency,,Search1600.csv,No close match,,,,,,,,,,,,,,,,,,,,,,,
Law Offices Lewis Williams PA,1555 Palm Bch Lkes Blvd S,West Palm Beach,FL,33401-2327,2327,"LAW OFFICES OF LEWIS & WILLIAMS, P.A.",1555 Palm Beach Lakes Blvd Ste 310,West Palm Beach,FL,33401-2327,,General Practice Law Office,Principal,Mr. Jason L Williams,Law Offices Lewis Williams PA,,Search1600.csv,No close match,,,,,,,,,,,,,,,,,,,,,,,
Rothell Law Group  PA,1555 Palm Bch Lkes Blvd S,West Palm Beach,FL,33401-2327,2327,"ROTHELL LAW GROUP, P.A.",1555 Palm Beach Lakes Blvd Ste 400,West Palm Beach,FL,33401-2327,,"General Practice Attorney, Lawyer",Partner,Mr. Daniel C Methe,Rothell Law Group  PA,,Search1600.csv,No close match,,,,,,,,,,,,,,,,,,,,,,,
Ihra Motorsports,1555 Palm Bch Lakes Blvd,West Palm Beach,FL,33401-2327,2327,IHRA MOTORSPORTS,1555 Palm Beach Lakes Blvd Ste 400,West Palm Beach,FL,33401-2327,,"Racing, Including Track Operation",Principal,Ms. Pam Kendrick,Ihra Motorsports,,Search1600.csv,No close match,,,,,,,,,,,,,,,,,,,,,,,
Cb Management Solutions LLC,1555 Palm Bch Lkes Blvd S,West Palm Beach,FL,33401-2328,2328,CB MANAGEMENT SOLUTIONS LLC,1555 Palm Beach Lakes Blvd Ste 1105,West Palm Beach,FL,33401-2328,,Management Services,Member,Ms. Joanne Telmosse,Cb Management Solutions LLC,,Search1600.csv,No close match,,,,,,,,,,,,,,,,,,,,,,,
Gelfand & Arpe  PA,1555 Palm Bch Lakes Blvd,West Palm Beach,FL,33401-2329,2329,"GELFAND & ARPE, P.A.",1555 Palm Beach Lakes Blvd Ste 1220,West Palm Beach,FL,33401-2329,,"General Practice Attorney, Lawyer",Partner,Mr. Michael Gelfand,Gelfand & Arpe  PA,,Search1600.csv,No close match,,,,,,,,,,,,,,,,,,,,,,,
Taplin & Associates,1555 Palm Beach Lakes Blv,West Palm Beach,FL,33401-2329,2329,TAPLIN & ASSOCIATES,1555 Palm Beach Lakes Blvd Ste 1510,West Palm Beach,FL,33401-2329,C043,"General Practice Attorney, Lawyer",President,Mr. Norman E Taplin,Taplin & Associates,,Search1600.csv,No close match,,,,,,,,,,,,,,,,,,,,,,,
Multilngual Psychthrapy Ctrs I,1639 Forum Pl Ste 7,West Palm Beach,FL,33401-2330,2330,"MULTILINGUAL PSYCHOTHERAPY CENTERS, INC.",1639 Forum Pl Ste 7,West Palm Beach,FL,33401-2330,C036,"Psychotherapist, Except M.D.",President,Ms. Maria Maloof,Multilngual Psychthrapy Ctrs I,,Search1600.csv,No close match,,,,,,,,,,,,,,,,,,,,,,,
Republican Party Palm Bch Cnty,1555 Palm Bch Lkes Blvd S,West Palm Beach,FL,33401-2333,2333,REPUBLICAN PARTY OF PALM BEACH COUNTY,1555 Palm Beach Lakes Blvd Ste 500,West Palm Beach,FL,33401-2333,,Political Action Committee,Chairman,Ms. Sid Dynerstein,Republican Party Palm Bch Cnty,,Search1600.csv,No close match,,,,,,,,,,,,,,,,,,,,,,,
Passport Pblcations Media Corp,1555 Palm Bch Lakes Blvd,West Palm Beach,FL,33401-2335,2335,PASSPORT PUBLICATIONS & MEDIA CORPORATION,1555 Palm Beach Lakes Blvd Ste 1550,West Palm Beach,FL,33401-2335,,"Magazines: Publishing Only, Not Printed On Site",President,Mr. Robert Kirschner,Passport Pblcations Media Corp,,Search1600.csv,No close match,,,,,,,,,,,,,,,,,,,,,,,
Afi Consulting  LLC,1691 Forum Pl Ste B201,West Palm Beach,FL,33401-2336,2336,"AFI CONSULTING, LLC",1691 Forum Pl Ste B201,West Palm Beach,FL,33401-2336,,Advertising Consultant,Manager,Mr. Jose Fernandez,Afi Consulting  LLC,,Search1600.csv,No close match,,,,,,,,,,,,,,,,,,,,,,,
5nine Software  Inc,1555 Palm Bch Lkes Blvd S,West Palm Beach,FL,33401-2343,2343,"5NINE SOFTWARE, INC.",1555 Palm Beach Lakes Blvd Ste 750,West Palm Beach,FL,33401-2343,,Prepackaged Software,Chief Executive Officer,Ms. Karen Armor,5nine Software  Inc,,Search1600.csv,No close match,,,,,,,,,,,,,,,,,,,,,,,
Christiansen & Jacknin,1555 Palm Bch Lkes Blvd S,West Palm Beach,FL,33401-2360,2360,CHRISTIANSEN & JACKNIN,1555 Palm Beach Lakes Blvd Ste 1010,West Palm Beach,FL,33401-2360,,General Practice Law Office,Partner,Mr. John T Christiansen,Christiansen & Jacknin,,Search1600.csv,No close match,,,,,,,,,,,,,,,,,,,,,,,
Kareem Food World  Inc,1401 N Tamarind Ave,West Palm Beach,FL,33401-2539,2539,"KAREEM FOOD WORLD, INC.",1401 N Tamarind Ave,West Palm Beach,FL,33401-2539,,"Grocery Stores, Independent",President,Mr. Akram Ayesh,Kareem Food World  Inc,"https://floridaucc.com/search?text=KAREEM FOOD WORLD, INC.&searchOptionType=LegacySearch&searchOptionSubOption=FiledAndLapsedActualDebtorNameList&searchCategory=Standard",Search1600.csv,Lapsed,10/16/1998,10/16/2008,03/02/2026,980000231105,2,1,,,,,,,,,,,1,KAREEM FOOD WORLD INC,"1401 NORTH TARMARINO AVE, WEST PALM BEACH, FL, 33401",UCC1,1,,10/16/1998
Disaster Solutions  LLC,514 14th St,West Palm Beach,FL,33401-2608,2608,"DISASTER SOLUTIONS, LLC",514 14th St,West Palm Beach,FL,33401-2608,,Disaster Service,Managing Member,Ms. Carol J Lewis,Disaster Solutions  LLC,"https://floridaucc.com/search?text=DISASTER SOLUTIONS, LLC&searchOptionType=LegacySearch&searchOptionSubOption=FiledAndLapsedActualDebtorNameList&searchCategory=Standard",Search1600.csv,Filed,06/07/2022,06/07/2027,03/02/2026,202201870013,0,1,,,,,,,,,,,1,DISASTER SOLUTIONS OF FLORIDA LLC,"111 CANAL AVENUE, INDIAN ROCKS BEACH, FL, 33785",UCC1,1,,06/07/2022
Donald R Watren  MD  PA,1500 N Dixie Hwy Ste 102,West Palm Beach,FL,33401-2715,2715,"DONALD R. WATREN, M.D., P.A.",1500 N Dixie Hwy Ste 102,West Palm Beach,FL,33401-2715,C035,"General And Family Practice, Physician/Surgeon",Principal,Mr. Donald R Watren,Donald R Watren  MD  PA,"https://floridaucc.com/search?text=DONALD R. WATREN, M.D., P.A.&searchOptionType=LegacySearch&searchOptionSubOption=FiledAndLapsedActualDebtorNameList&searchCategory=Standard",Search1600.csv,Lapsed,02/25/2003,02/25/2018,03/02/2026,200303347897,3,1,,,,,,,,,,,1,"DONALD R WATREN, MD, PA","1500 NORTH DIXIE HIGHWAY #102, WEST PALM BEACH, FL, 33401",UCC1,1,,02/25/2003
Anesthesia & Pain Medicine PA,1500 N Dixie Hwy Ste 103,West Palm Beach,FL,33401-2715,2715,ANESTHESIA & PAIN MEDICINE PA,1500 N Dixie Hwy Ste 103,West Palm Beach,FL,33401-2715,C035,Offices And Clinics Of Medical Doctors,Manager,Ms. Carol Thomas,Anesthesia & Pain Medicine PA,https://floridaucc.com/search?text=ANESTHESIA & PAIN MEDICINE PA&searchOptionType=LegacySearch&searchOptionSubOption=FiledAndLapsedActualDebtorNameList&searchCategory=Standard,Search1600.csv,Lapsed,05/19/2005,05/19/2015,03/02/2026,200509717843,2,1,,,,,,,,,,,1,"ANESTHESIA & PAIN MEDICINE, P.A.","1500 NORTH DIXIE HIGHWAY SUITE 103, WEST PALM BEACH, FL, 33401-2715",UCC1,1,,05/19/2005
Kenneth R Beer  MD  PA,1500 N Dixie Hwy Ste 305,West Palm Beach,FL,33401-2717,2717,"KENNETH R. BEER, M.D., P.A.",1500 N Dixie Hwy Ste 305,West Palm Beach,FL,33401-2717,C035,Dermatologist,President,Mr. Kenneth R Beer,Kenneth R Beer  MD  PA,"https://floridaucc.com/search?text=KENNETH R. BEER, M.D., P.A.&searchOptionType=LegacySearch&searchOptionSubOption=FiledAndLapsedActualDebtorNameList&searchCategory=Standard",Search1600.csv,Lapsed,10/27/1998,10/27/2003,03/02/2026,980000239786,0,1,,,,,,,,,,,1,KENNETH R BEER MD PA,"1500 NORTH DIXIE HIGHWAY SUITE 305, WEST PALM BEACH, FL, 33401",UCC1,2,,10/27/1998
Artistry Masters Woodcraft Inc,951 13th St,West Palm Beach,FL,33401-2827,2827,ARTISTRY MASTERS OF WOODCRAFT INC.,951 13th St,West Palm Beach,FL,33401-2827,C041,Customized Furniture And Cabinets,President,Ms. Joan Tedesco,Artistry Masters Woodcraft Inc,https://floridaucc.com/search?text=ARTISTRY MASTERS OF WOODCRAFT INC.&searchOptionType=LegacySearch&searchOptionSubOption=FiledAndLapsedActualDebtorNameList&searchCategory=Standard,Search1600.csv,Filed,06/21/2007,06/21/2027,03/02/2026,200705842922,4,1,,,,,,,,,,,1,ARTISTRY MASTERS OF WOODCRAFT INC,"951 W 13TH ST UNIT 9, RIVIERA BEACH, FL, 34404-0734",UCC1,1,,06/21/2007
Elite Stor Management LLC,400 N Congress Ave,West Palm Beach,FL,33401-2912,2912,ELITE STOR MANAGEMENT LLC,400 N Congress Ave,West Palm Beach,FL,33401-2912,,Management Services,Principal,Mr. Benjamin Macfarland,Elite Stor Management LLC,https://floridaucc.com/search?text=ELITE STOR MANAGEMENT LLC&searchOptionType=LegacySearch&searchOptionSubOption=FiledAndLapsedActualDebtorNameList&searchCategory=Standard,Search1600.csv,Lapsed,11/19/2018,11/19/2023,03/02/2026,201807051682,1,1,,,,,,,,,,,1,"ELITE STOR MANAGEMENT, LLC","324 DATURA STREET, SUITE 338, WEST PALM BEACH, FL, 33401",UCC1,1,,11/19/2018
Cunningham Drrnce Cnslting Eng,400 Exctive Ctr Dr Ste 10,West Palm Beach,FL,33401-2919,2919,"CUNNINGHAM & DURRANCE CONSULTING ENGINEERS, INC.",400 Executive Center Dr Ste 108,West Palm Beach,FL,33401-2919,,Civil Engineering,President,Mr. Stewart Cunningham,Cunningham Drrnce Cnslting Eng,,Search1600.csv,No close match,,,,,,,,,,,,,,,,,,,,,,,
Massey  Clark  Fischer  Inc,400 Exctive Ctr Dr Ste 20,West Palm Beach,FL,33401-2922,2922,"MASSEY, CLARK, FISCHER, INC.",400 Executive Center Dr Ste 205,West Palm Beach,FL,33401-2922,,"Insurance Agents, Nec",President,Mr. Hank Massey,Massey  Clark  Fischer  Inc,,Search1600.csv,No close match,,,,,,,,,,,,,,,,,,,,,,,
Calidus Holdings  LLC,400 N Cngress Ave Ste 100,West Palm Beach,FL,33401-2933,2933,"CALIDUS HOLDINGS, LLC",400 N Congress Ave Ste 100,West Palm Beach,FL,33401-2933,,"Real Estate Agent, Commercial",Principal,Mr. Cameron H Jonathan,Calidus Holdings  LLC,,Search1600.csv,No close match,,,,,,,,,,,,,,,,,,,,,,,
Aristotle Group LLC,1331 8th St,West Palm Beach,FL,33401-3029,3029,ARISTOTLE GROUP LLC,1331 8th St,West Palm Beach,FL,33401-3029,,Real Estate Leasing And Rentals,Managing Member,Duckens Aristilde,Aristotle Group LLC,https://floridaucc.com/search?text=ARISTOTLE GROUP LLC&searchOptionType=LegacySearch&searchOptionSubOption=FiledAndLapsedActualDebtorNameList&searchCategory=Standard,Search1600.csv,Lapsed,06/27/2020,06/27/2025,03/02/2026,202002511029,0,1,,,,,,,,,,,1,ARISTOTLE GROUP LLC,"1374 SUMMIT PINES BLVD 427, WEST PALM BEACH, FL, 33415",UCC1,1,,06/27/2020
Ywca Palm Beach County  Inc,1016 N Dixie Hwy,West Palm Beach,FL,33401-3306,3306,"YWCA OF PALM BEACH COUNTY, INC.",1016 N Dixie Hwy Fl 1,West Palm Beach,FL,33401-3306,,Youth Organizations,Chief Executive Officer,Ms. Suzanne Turner,Ywca Palm Beach County  Inc,,Search1600.csv,No close match,,,,,,,,,,,,,,,,,,,,,,,
Benitz Building LLC,315 9th St,West Palm Beach,FL,33401-3313,3313,BENITZ BUILDING LLC,315 9th St,West Palm Beach,FL,33401-3313,C029,"New Construction, Single-Family Houses",Managing Member,Mr. Timothy Benitz,Benitz Building LLC,,Search1600.csv,No close match,,,,,,,,,,,,,,,,,,,,,,,
Palm Beach Institute  Inc,314 10th St,West Palm Beach,FL,33401-3318,3318,"PALM BEACH INSTITUTE, INC.",314 10th St,West Palm Beach,FL,33401-3318,,Substance Abuse Clinics (outpatient),Executive Director,Mr. Dan D Ba,Palm Beach Institute  Inc,"https://floridaucc.com/search?text=PALM BEACH INSTITUTE, INC.&searchOptionType=LegacySearch&searchOptionSubOption=FiledAndLapsedActualDebtorNameList&searchCategory=Standard",Search1600.csv,Lapsed,12/12/1994,12/12/1999,03/02/2026,940000249343,1,1,,,,,,,,,,,1,PALM BEACH INSTITUTE INC,"1017 N OLIVE AVE, WEST PALM BEACH, FL, 33401",UCC1,1,,12/12/1994
Inspire Recovery LLC,909 N Dixie Hwy,West Palm Beach,FL,33401-3329,3329,INSPIRE RECOVERY LLC,909 N Dixie Hwy,West Palm Beach,FL,33401-3329,,Substance Abuse Clinics (outpatient),Principal,Ms. Donna R Weinberger,Inspire Recovery LLC,https://floridaucc.com/search?text=INSPIRE RECOVERY LLC&searchOptionType=LegacySearch&searchOptionSubOption=FiledAndLapsedActualDebtorNameList&searchCategory=Standard,Search1600.csv,Filed,07/04/2020,07/04/2030,03/02/2026,202003143864,1,1,,,,,,,,,,,1,INSPIRE RECOVERY LLC,"909 N DIXIE HWY, WEST PALM BEACH, FL, 33401",UCC1,1,,07/04/2020
Palm Print Inc,919 North Dixie Hwy,West Palm Beach,FL,33401-3329,3329,PALM PRINT INC.,919 N Dixie Hwy,West Palm Beach,FL,33401-3329,,Offset Printing,President,Yuda Raz,Palm Print Inc,https://floridaucc.com/search?text=PALM PRINT INC.&searchOptionType=LegacySearch&searchOptionSubOption=FiledAndLapsedActualDebtorNameList&searchCategory=Standard,Search1600.csv,Lapsed,10/09/1998,10/09/2003,03/02/2026,980000226327,0,1,,,,,,,,,,,1,PALM PRINT INC,"430 CLEMATIS ST, WEST PALM BEACH, FL",UCC1,1,,10/09/1998
Palms Beach Nautical Apparel,1007 N Dixie Hwy,West Palm Beach,FL,33401-3331,3331,PALMS BEACH NAUTICAL APPAREL INC,1007 N Dixie Hwy,West Palm Beach,FL,33401-3331,C033,Uniforms And Work Clothing,President,Mr. Steve Johnson,Palms Beach Nautical Apparel,,Search1600.csv,No close match,,,,,,,,,,,,,,,,,,,,,,,
A Nurses Registry  Inc,1411 N Flagler Dr,West Palm Beach,FL,33401-3400,3400,"A NURSES' REGISTRY, INC.",1411 N Flagler Dr Ste 3901,West Palm Beach,FL,33401-3400,C035,Nurses' Registry,Chief Executive Officer,Ms. Nancy Roe,A Nurses Registry  Inc,,Search1600.csv,No close match,,,,,,,,,,,,,,,,,,,,,,,
New Age Dermatology  Inc,1411 N Flgler Dr Ste 3900,West Palm Beach,FL,33401-3400,3400,"NEW AGE DERMATOLOGY, INC.",1411 N Flagler Dr Ste 3900,West Palm Beach,FL,33401-3400,,Dermatologist,President,Supriya Tomar,New Age Dermatology  Inc,"https://floridaucc.com/search?text=NEW AGE DERMATOLOGY, INC.&searchOptionType=LegacySearch&searchOptionSubOption=FiledAndLapsedActualDebtorNameList&searchCategory=Standard",Search1600.csv,Lapsed,11/28/2007,11/28/2012,03/02/2026,200707092718,0,1,,,,,,,,,,,1,NEW AGE DERMATOLOGY INC,"1411 N FLAGLER DR, SUITE 7300, WEST PALM BEACH, FL, 33401",UCC1,1,,11/28/2007
Palm Bch Plstic Csmtc Srgery P,1411 N Flagler Dr,West Palm Beach,FL,33401-3404,3404,"PALM BEACH PLASTIC & COSMETIC SURGERY, PLLC",1411 N Flagler Dr Ste 5800,West Palm Beach,FL,33401-3404,C035,Plastic Surgeon,Member,Mr. Fredric M Barr,Palm Bch Plstic Csmtc Srgery P,,Search1600.csv,No close match,,,,,,,,,,,,,,,,,,,,,,,
Sandra P Sanchez Do,1309 N Flagler Dr,West Palm Beach,FL,33401-3406,3406,SANDRA P SANCHEZ DO,1309 N Flagler Dr,West Palm Beach,FL,33401-3406,C035,"General And Family Practice, Physician/Surgeon",Principal,Ms. Sandra Sanchez,Sandra P Sanchez Do,,Search1600.csv,No close match,,,,,,,,,,,,,,,,,,,,,,,
Andre J Golino MD and Assoc PA,1411 N Flagler Dr,West Palm Beach,FL,33401-3411,3411,"ANDRE J. GOLINO, M.D. AND ASSOCIATES, P.A.",1411 N Flagler Dr Ste 4000,West Palm Beach,FL,33401-3411,C035,Opthalmologist,President,Mr. Andre J Golino,Andre J Golino MD and Assoc PA,"https://floridaucc.com/search?text=ANDRE J. GOLINO, M.D. AND ASSOCIATES, P.A.&searchOptionType=LegacySearch&searchOptionSubOption=FiledAndLapsedActualDebtorNameList&searchCategory=Standard",Search1600.csv,Filed,07/12/2017,07/12/2027,03/02/2026,20170179715X,2,1,,,,,,,,,,,1,"ANDRE J. GOLINO, M.D. AND ASSOCIATES, P.A.","130 BUTLER ST., W. PALM BEACH, FL, 33407",UCC1,1,,07/12/2017
Virshup & Schweitz MD PA,1411 N Flgler Dr Ste 5600,West Palm Beach,FL,33401-3412,3412,VIRSHUP & SCHWEITZ MD PA,1411 N Flagler Dr Ste 5600,West Palm Beach,FL,33401-3412,,"Internal Medicine, Physician/Surgeon",President,Mr. Michael Schweitz,Virshup & Schweitz MD PA,https://floridaucc.com/search?text=VIRSHUP & SCHWEITZ MD PA&searchOptionType=LegacySearch&searchOptionSubOption=FiledAndLapsedActualDebtorNameList&searchCategory=Standard,Search1600.csv,Lapsed,07/26/1993,07/26/1998,03/02/2026,930000155758,0,1,,,,,,,,,,,1,VIRSHUP & SCHWEITZ MD P A,"1500 N DIXIE HWY, WEST PALM BEACH, FL, 33401",UCC1,3,,07/26/1993
Clive E Roberson MD,1411 N Flgler Dr Ste 6100,West Palm Beach,FL,33401-3412,3412,CLIVE E ROBERSON MD,1411 N Flagler Dr Ste 6100,West Palm Beach,FL,33401-3412,,Allergist,Owner,Mr. Clive E Roberson,Clive E Roberson MD,,Search1600.csv,No close match,,,,,,,,,,,,,,,,,,,,,,,
Robert S Scoma  MD  PA,1411 N Flagler Dr,West Palm Beach,FL,33401-3413,3413,"ROBERT S. SCOMA, M.D., P.A.",1411 N Flagler Dr Ste 8300,West Palm Beach,FL,33401-3413,C035,"General And Family Practice, Physician/Surgeon",Principal,Mr. Robert Scoma,Robert S Scoma  MD  PA,"https://floridaucc.com/search?text=ROBERT S. SCOMA, M.D., P.A.&searchOptionType=LegacySearch&searchOptionSubOption=FiledAndLapsedActualDebtorNameList&searchCategory=Standard",Search1600.csv,Lapsed,09/17/1998,09/17/2013,03/02/2026,980000207886,3,1,,,,,,,,,,,1,ROBERT S SCOMA MD PA,"1411 N FLAGLER DRIVE STE 8300, WEST PALM BEACH, FL, 33401",UCC1,2,,09/17/1998
John R Jordan Dmd,1515 N Flagler Dr Ste 360,West Palm Beach,FL,33401-3429,3429,JOHN R JORDAN DMD,1515 N Flagler Dr Ste 360,West Palm Beach,FL,33401-3429,,Dentists' Office,Owner,Mr. John R Jordan,John R Jordan Dmd,,Search1600.csv,No close match,,,,,,,,,,,,,,,,,,,,,,,
Ears  Nose and Throat Practice,1515 N Flagler Dr Ste 600,West Palm Beach,FL,33401-3430,3430,"EARS, NOSE AND THROAT PRACTICE",1515 N Flagler Dr Ste 600,West Palm Beach,FL,33401-3430,,"Ears, Nose, And Throat Specialist: Physician/Surgeon",Partner,Mr. John Murray,Ears  Nose and Throat Practice,,Search1600.csv,No close match,,,,,,,,,,,,,,,,,,,,,,,
Palm Bch Dbtes Endcrine Spclst,1515 N Flagler Dr Ste 430,West Palm Beach,FL,33401-3430,3430,PALM BEACH DIABETES AND ENDOCRINE SPECIALISTS P A,1515 N Flagler Dr Ste 430,West Palm Beach,FL,33401-3430,C035,"General And Family Practice, Physician/Surgeon",President,Mr. William Kaye,Palm Bch Dbtes Endcrine Spclst,,Search1600.csv,No close match,,,,,,,,,,,,,,,,,,,,,,,
Slade Condominium,1551 N Flagler Dr,West Palm Beach,FL,33401-3438,3438,SLADE CONDOMINIUM,1551 N Flagler Dr,West Palm Beach,FL,33401-3438,C035,Condominium Association,Principal,Mr. Jack Mcgregor,Slade Condominium,,Search1600.csv,No close match,,,,,,,,,,,,,,,,,,,,,,,
Jon E Schmidt & Associates Inc,1551 N Flagler Dr Ste 102,West Palm Beach,FL,33401-3454,3454,E SCHMIDT JON & ASSOCIATES INC,1551 N Flagler Dr Ste 102,West Palm Beach,FL,33401-3454,,Landscape Architects,Principal,Mr. Jon Schmidt,Jon E Schmidt & Associates Inc,https://floridaucc.com/search?text=E SCHMIDT JON & ASSOCIATES INC&searchOptionType=LegacySearch&searchOptionSubOption=FiledAndLapsedActualDebtorNameList&searchCategory=Standard,Search1600.csv,Lapsed,08/09/2013,08/09/2018,03/02/2026,201309607786,0,1,,,,,,,,,,,1,"JON E SCHMIDT & ASSOCIATES, INC","2247 PALM BEACH LAKES BLVD, SUITE 101, WEST PALM BEACH, FL, 33409",UCC1,1,,08/09/2013
Murray & Guari Trial Attys Pl,1525 N Flagler Dr,West Palm Beach,FL,33401-3460,3460,MURRAY & GUARI TRIAL ATTORNEYS PL,1525 N Flagler Dr,West Palm Beach,FL,33401-3460,,"General Practice Attorney, Lawyer",Partner,Mr. Scott Murray,Murray & Guari Trial Attys Pl,https://floridaucc.com/search?text=MURRAY & GUARI TRIAL ATTORNEYS PL&searchOptionType=LegacySearch&searchOptionSubOption=FiledAndLapsedActualDebtorNameList&searchCategory=Standard,Search1600.csv,Lapsed,10/07/2009,10/07/2019,03/02/2026,20090132114X,2,1,,,,,,,,,,,1,MURRAY & GUARI TRIAL ATTORNEYS PL,"1525 N FLAGLER DR STE 100, WEST PALM BEACH, FL, 33401",UCC1,1,,10/07/2009
Avicenna Laser Technology Inc,1209 N Flagler Dr,West Palm Beach,FL,33401-3509,3509,AVICENNA LASER TECHNOLOGY INC,1209 N Flagler Dr,West Palm Beach,FL,33401-3509,,Surgical And Medical Instruments,Chief Executive Officer,Mr. Bruce Coren,Avicenna Laser Technology Inc,,Search1600.csv,No close match,,,,,,,,,,,,,,,,,,,,,,,
Robert Shalhoub PA  Law Ofcs,1011 N Olive Ave,West Palm Beach,FL,33401-3511,3511,THE ROBERT SHALHOUB PA LAW OFFICES OF,1011 N Olive Ave,West Palm Beach,FL,33401-3511,C033,"General Practice Attorney, Lawyer",President,Mr. Robert M Shalhoub,Robert Shalhoub PA  Law Ofcs,,Search1600.csv,No close match,,,,,,,,,,,,,,,,,,,,,,,
Shopworks LLC,1101 N Olive Ave,West Palm Beach,FL,33401-3513,3513,SHOPWORKS L.L.C.,1101 N Olive Ave,West Palm Beach,FL,33401-3513,,Prepackaged Software,Chief Technology Officer,Mr. Jay Malanga,Shopworks LLC,https://floridaucc.com/search?text=SHOPWORKS L.L.C.&searchOptionType=LegacySearch&searchOptionSubOption=FiledAndLapsedActualDebtorNameList&searchCategory=Standard,Search1600.csv,Lapsed,11/14/2005,11/14/2010,03/02/2026,200501147274,0,1,,,,,,,,,,,1,"SHOPWORKS, LLC","13451 79 COURT NORTH, WEST PALM BEACH, FL, 33412",UCC1,1,,11/14/2005
James N Brown  PA,1110 N Olive Ave,West Palm Beach,FL,33401-3514,3514,"JAMES N. BROWN, P.A.",1110 N Olive Ave,West Palm Beach,FL,33401-3514,C033,General Practice Law Office,President,Mr. James N Brown,James N Brown  PA,"https://floridaucc.com/search?text=JAMES N. BROWN, P.A.&searchOptionType=LegacySearch&searchOptionSubOption=FiledAndLapsedActualDebtorNameList&searchCategory=Standard",Search1600.csv,Filed,07/16/2020,07/16/2030,03/02/2026,202003434761,1,1,,,,,,,,,,,1,"JAMES N BROWN, P.A.","1110 N OLIVE AVE, WEST PALM BEACH, FL, 33401",UCC1,1,,07/16/2020
Mark Sisko  DDS  PA,1117 N Olive Ave Ste 102,West Palm Beach,FL,33401-3591,3591,"MARK SISKO, D.D.S., P.A.",1117 N Olive Ave Ste 102,West Palm Beach,FL,33401-3591,,Dentists' Office,Owner,Mr. Mark Sisko,Mark Sisko  DDS  PA,"https://floridaucc.com/search?text=MARK SISKO, D.D.S., P.A.&searchOptionType=LegacySearch&searchOptionSubOption=FiledAndLapsedActualDebtorNameList&searchCategory=Standard",Search1600.csv,Lapsed,07/27/1989,07/27/1999,03/02/2026,890000200445,2,1,,,,,,,,,,,2,SISKO GERALD DDS,"1117 N OLIVE AVE, WEST PALM BEACH, FL, 33407",UCC1,2,,07/27/1989
Palm Beach Yacht Club Assoc,800 N Flagler Dr,West Palm Beach,FL,33401-3706,3706,"PALM BEACH YACHT CLUB ASSOCIATES, INC",800 N Flagler Dr,West Palm Beach,FL,33401-3706,C029,"Yacht Club, Membership",President,Ms. Elaine Olson,Palm Beach Yacht Club Assoc,"https://floridaucc.com/search?text=PALM BEACH YACHT CLUB ASSOCIATES, INC&searchOptionType=LegacySearch&searchOptionSubOption=FiledAndLapsedActualDebtorNameList&searchCategory=Standard",Search1600.csv,Lapsed,06/27/1995,06/27/2000,03/02/2026,950000128793,1,1,,,,,,,,,,,1,PALM BEACH YACHT CLUB ASSOCIATES,"800 N FLAGLER DR, WEST PALM BEACH, FL, 33401",UCC1,1,,06/27/1995
Sellars Marion Bachi Contri PA,811 N Olive,West Palm Beach,FL,33401-3709,3709,"SELLARS, MARION, BACHI & CONTRI, P.A.",811 N Olive Ave,West Palm Beach,FL,33401-3709,,"General Practice Attorney, Lawyer",President,Mr. John B Marion,Sellars Marion Bachi Contri PA,,Search1600.csv,No close match,,,,,,,,,,,,,,,,,,,,,,,
Law Offces Richard S Cohen LLC,811 N Olive Ave A,West Palm Beach,FL,33401-3709,3709,"LAW OFFICES OF RICHARD S. COHEN, LLC",811 N Olive Ave # A,West Palm Beach,FL,33401-3709,C029,"General Practice Attorney, Lawyer",Manager,Mr. Richard S Cohen,Law Offces Richard S Cohen LLC,,Search1600.csv,No close match,,,,,,,,,,,,,,,,,,,,,,,
Cameron Davis & Gonzalez PA,901 N Olive Ave,West Palm Beach,FL,33401-3711,3711,CAMERON DAVIS & GONZALEZ PA,901 N Olive Ave,West Palm Beach,FL,33401-3711,,General Practice Law Office,Member,Mr. Glenn S Cameron,Cameron Davis & Gonzalez PA,,Search1600.csv,No close match,,,,,,,,,,,,,,,,,,,,,,,
Middle East Bakery & Grocery,327 5th St,West Palm Beach,FL,33401-3901,3901,MIDDLE EAST BAKERY & GROCERY INC,327 5th St,West Palm Beach,FL,33401-3901,,"Grocery Stores, Independent",President,Mr. George A Chamoun,Middle East Bakery & Grocery,https://floridaucc.com/search?text=MIDDLE EAST BAKERY & GROCERY INC&searchOptionType=LegacySearch&searchOptionSubOption=FiledAndLapsedActualDebtorNameList&searchCategory=Standard,Search1600.csv,Lapsed,04/29/1991,04/29/1996,03/02/2026,910000093975,1,2,,,,,,,,,,,1,MIDDLE EAST BAKERY & GROCERY INC,"327 5TH ST, WEST PALM BEACH, FL",UCC1,1,,04/29/1991
Rudolph & Assoc LLP,315 5th St,West Palm Beach,FL,33401-3901,3901,RUDOLPH & ASSOC LLP,315 5th St,West Palm Beach,FL,33401-3901,,"General Practice Attorney, Lawyer",Managing Partner,Mr. Howard M Rudolph,Rudolph & Assoc LLP,,Search1600.csv,No close match,,,,,,,,,,,,,,,,,,,,,,,
Keshavarz & Associates  Inc,711 N Dixie Hwy Ste 201,West Palm Beach,FL,33401-3902,3902,"KESHAVARZ & ASSOCIATES, INC.",711 N Dixie Hwy Ste 201,West Palm Beach,FL,33401-3902,C021,Civil Engineering,President,Maziar Keshavarz,Keshavarz & Associates  Inc,"https://floridaucc.com/search?text=KESHAVARZ & ASSOCIATES, INC.&searchOptionType=LegacySearch&searchOptionSubOption=FiledAndLapsedActualDebtorNameList&searchCategory=Standard",Search1600.csv,Lapsed,09/26/1994,09/26/1999,03/02/2026,940000194896,1,1,,,,,,,,,,,1,KESHAVARZ & ASSOCIATES INC,"1280 N CONGRESS AVE STE 206, WEST PALM BEACH, FL, 33409",UCC1,1,,09/26/1994
Sabal Design LLC,420 6th St,West Palm Beach,FL,33401-3908,3908,SABAL DESIGN LLC,420 6th St,West Palm Beach,FL,33401-3908,C021,Design Services,President,Mr. Ben Carey,Sabal Design LLC,https://floridaucc.com/search?text=SABAL DESIGN LLC&searchOptionType=LegacySearch&searchOptionSubOption=FiledAndLapsedActualDebtorNameList&searchCategory=Standard,Search1600.csv,Lapsed,02/21/2019,02/21/2024,03/02/2026,201907850293,2,1,,,,,,,,,,,1,SABAL DESIGN LLC,"8458 THERESA RD, BOYNTON BEACH, FL, 33472",UCC1,2,,02/21/2019
New Hope Charities  Inc,626 N Dixie Hwy,West Palm Beach,FL,33401-3918,3918,"NEW HOPE CHARITIES, INC.",626 N Dixie Hwy,West Palm Beach,FL,33401-3918,,Charitable Organization,Chairman,Mr. Jose Fanjul,New Hope Charities  Inc,,Search1600.csv,No close match,,,,,,,,,,,,,,,,,,,,,,,
Mission Intl Rscue Chrties Inc,626 N Dixie Hwy,West Palm Beach,FL,33401-3918,3918,MISSION INTERNATIONAL RESCUE CHARITIES INC.,626 N Dixie Hwy,West Palm Beach,FL,33401-3918,,Ambulance Service,Principal,Ms. Lillian F De Azqueta,Mission Intl Rscue Chrties Inc,,Search1600.csv,No close match,,,,,,,,,,,,,,,,,,,,,,,
Aj1g  Inc,411 7th St,West Palm Beach,FL,33401-3921,3921,"AJ1G, INC.",411 7th St,West Palm Beach,FL,33401-3921,,Computer Related Consulting Services,President,Zuheng Xu,Aj1g  Inc,,Search1600.csv,No close match,,,,,,,,,,,,,,,,,,,,,,,
School Ldrship - Afghnstan Inc,700 N Olive Ave Ste 2,West Palm Beach,FL,33401-4004,4004,"SCHOOL OF LEADERSHIP - AFGHANISTAN, INC.",700 N Olive Ave Ste 2,West Palm Beach,FL,33401-4004,,Advocacy Group,Managing Director,Shabana Basij-Rasikh,School Ldrship - Afghnstan Inc,,Search1600.csv,No close match,,,,,,,,,,,,,,,,,,,,,,,
Thaler & Thaler  PA,700 N Olive Ave Ste 2,West Palm Beach,FL,33401-4004,4004,"THALER & THALER, P.A.",700 N Olive Ave,West Palm Beach,FL,33401-4004,C029,General Practice Law Office,President,Mr. Manley H Thaler,Thaler & Thaler  PA,"https://floridaucc.com/search?text=THALER & THALER, P.A.&searchOptionType=LegacySearch&searchOptionSubOption=FiledAndLapsedActualDebtorNameList&searchCategory=Standard",Search1600.csv,Lapsed,05/22/2003,05/22/2008,03/02/2026,200304027489,0,1,,,,,,,,,,,1,"THALER & THALER, P A","700 NORTH OLIVE AVENUE, WEST PALM BEACH, FL, 33401",UCC1,1,,05/22/2003
Law Office Of Tracy Sharpe,707 N Flager Dr,West Palm Beach,FL,33401-4008,4008,LAW OFFICE OF TRACY SHARPE,707 N Flagler Dr,West Palm Beach,FL,33401-4008,,"General Practice Attorney, Lawyer",President,Tracy R Sharpe,Law Office Of Tracy Sharpe,,Search1600.csv,No close match,,,,,,,,,,,,,,,,,,,,,,,
One Wtrmark Pl Of Palm Bches C,622 N Flagler Dr,West Palm Beach,FL,33401-4010,4010,"ONE WATERMARK PLACE OF THE PALM BEACHES CONDOMINIUM ASSOCIATION, INC.",622 N Flagler Dr,West Palm Beach,FL,33401-4010,C029,Condominium Association,General Manager,Mr. Marty Bishop,One Wtrmark Pl Of Palm Bches C,,Search1600.csv,No close match,,,,,,,,,,,,,,,,,,,,,,,
Edward Lclle Kimmel Foundation,625 N Flagler Dr Ste 506,West Palm Beach,FL,33401-4025,4025,EDWARD & LUCILLE KIMMEL FOUNDATION,625 N Flagler Dr Ste 506,West Palm Beach,FL,33401-4025,C029,Charitable Organization,Principal,Ms. Joan K Eigen,Edward Lclle Kimmel Foundation,,Search1600.csv,No close match,,,,,,,,,,,,,,,,,,,,,,,
Fri Investors  Inc,625 N Flagler Dr Ste 501,West Palm Beach,FL,33401-4025,4025,"FRI INVESTORS, INC.",625 N Flagler Dr Ste 501,West Palm Beach,FL,33401-4025,C029,"Real Estate Investors, Except Property Operators",Chief Executive Officer,Mr. Michael Mcloskey,Fri Investors  Inc,"https://floridaucc.com/search?text=FRI INVESTORS, INC.&searchOptionType=LegacySearch&searchOptionSubOption=FiledAndLapsedActualDebtorNameList&searchCategory=Standard",Search1600.csv,Lapsed,07/08/2020,07/08/2025,03/02/2026,202003245381,0,1,,,,,,,,,,,1,"FRI INVESTORS, INC","625 N. FLAGLER DRIVE SUITE 501, WEST PALM BEACH, FL, 33401",UCC1,1,,07/08/2020
Addison Development Group Inc,215 5th St Ste 100,West Palm Beach,FL,33401-4026,4026,ADDISON DEVELOPMENT GROUP INC,215 5th St Ste 100,West Palm Beach,FL,33401-4026,C021,"Subdividers And Developers, Nec",Principal,Mr. Danny E Swanson,Addison Development Group Inc,https://floridaucc.com/search?text=ADDISON DEVELOPMENT GROUP INC&searchOptionType=LegacySearch&searchOptionSubOption=FiledAndLapsedActualDebtorNameList&searchCategory=Standard,Search1600.csv,Lapsed,10/03/1997,10/03/2002,03/02/2026,970000224235,0,1,,,,,,,,,,,1,ADDISON DEVELOPMENT GROUP,"205 VIA TORTUGA, PALM BEACH, FL, 33480",UCC1,1,,10/03/1997
Cpk1 Inc,401 N Rosemary Ave,West Palm Beach,FL,33401-4133,4133,CPK1 INC.,401 N Rosemary Ave,West Palm Beach,FL,33401-4133,,Building Materials Transport,Chief Executive Officer,Ms. Carolyn Kennedy,Cpk1 Inc,https://floridaucc.com/search?text=CPK1 INC.&searchOptionType=LegacySearch&searchOptionSubOption=FiledAndLapsedActualDebtorNameList&searchCategory=Standard,Search1600.csv,Lapsed,03/11/2015,03/11/2020,03/02/2026,201503243298,0,2,,,,,,,,,,,1,CPK1 INC.,"401 N. ROSEMARY AVENUE, WEST PALM BEACH, FL, 33401",UCC1,2,,03/11/2015
Burlington & Rockenbach PA,444 W RR Ave Ste 430,West Palm Beach,FL,33401-4136,4136,BURLINGTON & ROCKENBACH PA,444 W Railroad Ave Ste 430,West Palm Beach,FL,33401-4136,,"Corporate, Partnership And Business Law",Partner,Mr. Philip Burlington,Burlington & Rockenbach PA,,Search1600.csv,No close match,,,,,,,,,,,,,,,,,,,,,,,
Usfg LLP,720 S Sapodilla Ave,West Palm Beach,FL,33401-4164,4164,USFG LLP,720 S Sapodilla Ave,West Palm Beach,FL,33401-4164,,Specialty Food Items,General Partner,Mr. Nicholas Guiliano,Usfg LLP,,Search1600.csv,No close match,,,,,,,,,,,,,,,,,,,,,,,
Chamber Of Cmmrce Of Palm Bche,401 N Flagler Dr,West Palm Beach,FL,33401-4305,4305,"CHAMBER OF COMMERCE OF THE PALM BEACHES, INC.",401 N Flagler Dr,West Palm Beach,FL,33401-4305,,Chamber Of Commerce,President,Mr. Dennis Grady,Chamber Of Cmmrce Of Palm Bche,,Search1600.csv,No close match,,,,,,,,,,,,,,,,,,,,,,,
Sunrise Management Svcs LLC,515 N Flagler Dr Ste 1702,West Palm Beach,FL,33401-4308,4308,SUNRISE MANAGEMENT SERVICES LLC,515 N Flagler Dr Ste 1702,West Palm Beach,FL,33401-4308,C029,Business Management,Chief Executive Officer,Mr. Stephen Magowan,Sunrise Management Svcs LLC,,Search1600.csv,No close match,,,,,,,,,,,,,,,,,,,,,,,
Waterview Twers Condo Assn Inc,400 N Flagler Dr Apt 501,West Palm Beach,FL,33401-4314,4314,THE WATERVIEW TOWERS CONDOMINIUM ASSOCIATION INC,400 N Flagler Dr Apt 501,West Palm Beach,FL,33401-4314,,Condominium Association,Manager,Ms. Donna A Basher,Waterview Twers Condo Assn Inc,,Search1600.csv,No close match,,,,,,,,,,,,,,,,,,,,,,,
Angari Foundation  Inc,515 N Flagler Dr,West Palm Beach,FL,33401-4321,4321,"ANGARI FOUNDATION, INC.",515 N Flagler Dr,West Palm Beach,FL,33401-4321,,"Physical Research, Noncommercial",President,Chris A Davis,Angari Foundation  Inc,,Search1600.csv,No close match,,,,,,,,,,,,,,,,,,,,,,,
Gaedeke Holdings Ltd Partnr,515 N Flagler Dr Ste 800,West Palm Beach,FL,33401-4324,4324,GAEDEKE HOLDINGS LIMITED PARTNERSHIP,515 N Flagler Dr Ste 800,West Palm Beach,FL,33401-4324,,Commercial And Industrial Building Operation,Manager,Ms. Joan Lenti,Gaedeke Holdings Ltd Partnr,,Search1600.csv,No close match,,,,,,,,,,,,,,,,,,,,,,,
Joel M Weissman PA,515 N Flagler Dr Ste 801,West Palm Beach,FL,33401-4324,4324,JOEL M WEISSMAN PA,515 N Flagler Dr Ste 801,West Palm Beach,FL,33401-4324,C029,"General Practice Attorney, Lawyer",President,Mr. Joel M Weissman,Joel M Weissman PA,https://floridaucc.com/search?text=JOEL M WEISSMAN PA&searchOptionType=LegacySearch&searchOptionSubOption=FiledAndLapsedActualDebtorNameList&searchCategory=Standard,Search1600.csv,Lapsed,04/07/2000,04/07/2005,03/02/2026,200000082221,0,1,,,,,,,,,,,1,JOEL M WEISSMAN PA,"515 N FLAGLER DR, SUITE 1100, WEST PALM BEACH, FL, 33401",UCC1,1,,04/07/2000
Whitehead Law Offices  PA,515 N Flagler Dr Ste P300,West Palm Beach,FL,33401-4326,4326,"WHITEHEAD LAW OFFICES, P.A.",515 N Flagler Dr Ste P300,West Palm Beach,FL,33401-4326,C029,General Practice Law Office,President,Mr. Patrick M Whitehead,Whitehead Law Offices  PA,"https://floridaucc.com/search?text=WHITEHEAD LAW OFFICES, P.A.&searchOptionType=LegacySearch&searchOptionSubOption=FiledAndLapsedActualDebtorNameList&searchCategory=Standard",Search1600.csv,Filed,09/20/2023,09/20/2028,03/02/2026,202302584331,0,1,,,,,,,,,,,1,"WHITEHEAD LAW OFFICES, P.A.","215 SOUTH OLIVE AVENUE, SUITE 400, WEST PALM BEACH, FL, 33401",UCC1,2,,09/20/2023
Vsp Mrketing Graphic Group LLC,515 N Flagler Dr Ste P300,West Palm Beach,FL,33401-4326,4326,VSP MARKETING GRAPHIC GROUP LLC,515 N Flagler Dr Ste P300,West Palm Beach,FL,33401-4326,,Graphic Arts And Related Design,Managing Member,Mr. Daniel J Gittere,Vsp Mrketing Graphic Group LLC,https://floridaucc.com/search?text=VSP MARKETING GRAPHIC GROUP LLC&searchOptionType=LegacySearch&searchOptionSubOption=FiledAndLapsedActualDebtorNameList&searchCategory=Standard,Search1600.csv,Filed,11/22/2016,11/22/2026,03/02/2026,201609490906,3,1,,,,,,,,,,,1,VSP MARKETING GRAPHIC GROUP LLC,"515 N FLAGLER DR, WEST PALM BEACH, FL, 33401",UCC1,1,,11/22/2016
Krusen Capital Management  LLC,515 N Flagler Dr Ste P300,West Palm Beach,FL,33401-4326,4326,"KRUSEN CAPITAL MANAGEMENT, LLC",515 N Flagler Dr Ste P300,West Palm Beach,FL,33401-4326,C029,Investment Bankers,Member,Mr. Steven Levitt,Krusen Capital Management  LLC,,Search1600.csv,No close match,,,,,,,,,,,,,,,,,,,,,,,
Scriptrx  Inc,515 N Flagler Dr Ste P300,West Palm Beach,FL,33401-4326,4326,"SCRIPTRX, INC.",515 N Flagler Dr Ste P300,West Palm Beach,FL,33401-4326,C029,Drug Stores,President,Dr. Timothy Coffield,Scriptrx  Inc,"https://floridaucc.com/search?text=SCRIPTRX, INC.&searchOptionType=LegacySearch&searchOptionSubOption=FiledAndLapsedActualDebtorNameList&searchCategory=Standard",Search1600.csv,Lapsed,06/09/2003,06/09/2008,03/02/2026,200304168791,0,1,,,,,,,,,,,1,"SCRIPTRX, INC","809 N DIXIE HIGHWAY, WEST PALM BEACH, FL, 33401",UCC1,1,,06/09/2003
Huizenga Family Foundation Inc,515 N Flagler Dr Ste 1500,West Palm Beach,FL,33401-4327,4327,"HUIZENGA FAMILY FOUNDATION, INC.",515 N Flagler Dr Ste 1500,West Palm Beach,FL,33401-4327,,Charitable Organization,Principal,H W Huizenga,Huizenga Family Foundation Inc,,Search1600.csv,No close match,,,,,,,,,,,,,,,,,,,,,,,
Grill 66 and Bar,515 N Flagler Dr Ste 1500,West Palm Beach,FL,33401-4327,4327,GRILL 66 AND BAR,515 N Flagler Dr Ste 1500,West Palm Beach,FL,33401-4327,,Grills (eating Places),Owner,Mr. Wayne Huizenga,Grill 66 and Bar,,Search1600.csv,No close match,,,,,,,,,,,,,,,,,,,,,,,
Lightview Capital  LLC,515 N Flagler Dr Ste 510,West Palm Beach,FL,33401-4329,4329,"LIGHTVIEW CAPITAL, LLC",515 N Flagler Dr Ste 510,West Palm Beach,FL,33401-4329,,"Investors, Nec",Member,Mr. Rich Erikson,Lightview Capital  LLC,,Search1600.csv,No close match,,,,,,,,,,,,,,,,,,,,,,,
West Palm Beach Victim Svcs,205 N Dxie Hwy Ste 5 Pt 1,West Palm Beach,FL,33401-4522,4522,WEST PALM BEACH VICTIM SERVICES,205 N Dixie Hwy Ste 5pt,West Palm Beach,FL,33401-4522,,Individual And Family Services,Director,Ms. Nancy Dixon,West Palm Beach Victim Svcs,,Search1600.csv,No close match,,,,,,,,,,,,,,,,,,,,,,,
Clerk Of Crcuit Crt Cmptrller,205 N Dixie Hwy,West Palm Beach,FL,33401-4522,4522,CLERK OF THE CIRCUIT COURT & COMPTROLLER PALM BEACH COUNTY,205 N Dixie Hwy,West Palm Beach,FL,33401-4522,C021,Administrative And Government Law,Principal,Ms. Sharon Bock,Clerk Of Crcuit Crt Cmptrller,,Search1600.csv,No close match,,,,,,,,,,,,,,,,,,,,,,,
Mpyre  Inc,330 Clematis St Ste 104,West Palm Beach,FL,33401-4602,4602,"MPYRE, INC.",330 Clematis St Ste 104,West Palm Beach,FL,33401-4602,,Computer Related Consulting Services,President,Mr. James Stiles,Mpyre  Inc,,Search1600.csv,No close match,,,,,,,,,,,,,,,,,,,,,,,
Timothy W Schulz  PA,330 Clematis St Ste 116,West Palm Beach,FL,33401-4602,4602,"TIMOTHY W SCHULZ, P.A.",330 Clematis St Ste 116,West Palm Beach,FL,33401-4602,C021,"General Practice Attorney, Lawyer",President,Mr. Timothy Schulz,Timothy W Schulz  PA,"https://floridaucc.com/search?text=TIMOTHY W SCHULZ, P.A.&searchOptionType=LegacySearch&searchOptionSubOption=FiledAndLapsedActualDebtorNameList&searchCategory=Standard",Search1600.csv,Filed,06/29/2020,06/29/2030,03/02/2026,202002701529,1,1,,,,,,,,,,,1,"TIMOTHY W. SCHULZ, P.A.","224 DATURA ST STE 815, WEST PALM BCH, FL, 33401",UCC1,1,,06/29/2020
Provident Jewelry & Loan  Inc,331 Clematis St,West Palm Beach,FL,33401-4613,4613,"PROVIDENT JEWELRY & LOAN, INC.",331 Clematis St,West Palm Beach,FL,33401-4613,C021,Jewelry,President,Mr. Robert Samuels,Provident Jewelry & Loan  Inc,"https://floridaucc.com/search?text=PROVIDENT JEWELRY & LOAN, INC.&searchOptionType=LegacySearch&searchOptionSubOption=FiledAndLapsedActualDebtorNameList&searchCategory=Standard",Search1600.csv,Lapsed,10/09/2000,10/09/2020,03/02/2026,200000230866,5,1,,,,,,,,,,,1,PROVIDENT JEWELRY & LOAN INC,"331 CLEMATIS STREET, WEST PALM BEACH, FL, 334014613",UCC1,2,,10/09/2000
Boner Group  Inc,319 Clematis St Ste 110,West Palm Beach,FL,33401-4615,4615,THE BONER GROUP INC,319 Clematis St Ste 110,West Palm Beach,FL,33401-4615,C021,Advertising Consultant,President,Ms. Ann Savage,Boner Group  Inc,,Search1600.csv,No close match,,,,,,,,,,,,,,,,,,,,,,,
Search Engine Partner,319 Clematis St Ste 300,West Palm Beach,FL,33401-4616,4616,SEARCH ENGINE PARTNER,319 Clematis St Ste 300,West Palm Beach,FL,33401-4616,,Information Retrieval Services,Partner,Shangri-La Boutique,Search Engine Partner,,Search1600.csv,No close match,,,,,,,,,,,,,,,,,,,,,,,
Improv City Place  Inc,319 Clematis St Ste 214,West Palm Beach,FL,33401-4616,4616,"IMPROV CITY PLACE, INC.",319 Clematis St,West Palm Beach,FL,33401-4616,C021,Night Clubs,General Manager,Mr. Joel Bachkoff,Improv City Place  Inc,"https://floridaucc.com/search?text=IMPROV CITY PLACE, INC.&searchOptionType=LegacySearch&searchOptionSubOption=FiledAndLapsedActualDebtorNameList&searchCategory=Standard",Search1600.csv,Lapsed,05/05/2008,05/05/2013,03/02/2026,200808234992,0,1,,,,,,,,,,,1,"IMPROV CITY PLACE, INC.","550 S ROSEMARY AVE. STE 250, WEST PALM BEACH, FL, 33401",UCC1,1,,05/05/2008
Hawthorne Inc,319 Clematis St Ste 402,West Palm Beach,FL,33401-4616,4616,HAWTHORNE INC.,319 Clematis St Ste 402,West Palm Beach,FL,33401-4616,C021,Financial Consultant,President,K B Hawthorne,Hawthorne Inc,https://floridaucc.com/search?text=HAWTHORNE INC.&searchOptionType=LegacySearch&searchOptionSubOption=FiledAndLapsedActualDebtorNameList&searchCategory=Standard,Search1600.csv,Lapsed,09/01/2005,09/01/2025,03/02/2026,200500580667,5,1,,,,,,,,,,,1,"HAWTHORNE INDUSTRIAL PRODUCTS, INC","9674 KILGORE RD, ORLANDO, FL, 32836",UCC1,1,,09/01/2005
Tds Marketing  Inc,319 Clematis St Ste 217,West Palm Beach,FL,33401-4616,4616,"TDS MARKETING, INC.",319 Clematis St Ste 217,West Palm Beach,FL,33401-4616,,Real Estate Brokers And Agents,President,Mr. Paul Stern,Tds Marketing  Inc,,Search1600.csv,No close match,,,,,,,,,,,,,,,,,,,,,,,
Rba Insurance Strategies  LLC,319 Clematis St Ste 408,West Palm Beach,FL,33401-4618,4618,"RBA INSURANCE STRATEGIES, LLC",319 Clematis St Ste 408,West Palm Beach,FL,33401-4618,,"Insurance Agents, Nec",Member,Riad B Assad,Rba Insurance Strategies  LLC,,Search1600.csv,No close match,,,,,,,,,,,,,,,,,,,,,,,
Regenx Science Inc,319 Clematis St Ste 408,West Palm Beach,FL,33401-4618,4618,REGENX SCIENCE INC.,319 Clematis St Ste 408,West Palm Beach,FL,33401-4618,C021,"Biotechnical Research, Commercial",Chief Executive Officer,Ms. Elisabeth Corson,Regenx Science Inc,,Search1600.csv,No close match,,,,,,,,,,,,,,,,,,,,,,,
K&B Equity Group  Inc,314 Clematis St # 202,West Palm Beach,FL,33401-4637,4637,"K&B EQUITY GROUP, INC.",314 Clematis St Ste 202,West Palm Beach,FL,33401-4637,,"Mortgage Brokers Arranging For Loans, Using Money Of Others",President,Mr. James P Kelly,K&B Equity Group  Inc,"https://floridaucc.com/search?text=K&B EQUITY GROUP, INC.&searchOptionType=LegacySearch&searchOptionSubOption=FiledAndLapsedActualDebtorNameList&searchCategory=Standard",Search1600.csv,Lapsed,03/04/2010,03/04/2015,03/02/2026,201002108878,1,1,,,,,,,,,,,1,K&B EQUITY GROUP INC.,"314 CLEMATIS STREET, STE 201, WEST PALM BEACH, FL, 33401",UCC1,1,,03/04/2010
Title Matters LLC,314 Clematis St Ste 201,West Palm Beach,FL,33401-4637,4637,TITLE MATTERS L.L.C.,314 Clematis St Ste 201,West Palm Beach,FL,33401-4637,,Title And Trust Companies,Member,Mr. Robert Kanjian,Title Matters LLC,,Search1600.csv,No close match,,,,,,,,,,,,,,,,,,,,,,,
Burman Critton Luttier Coleman,303 Banyan Blvd Ste 400,West Palm Beach,FL,33401-4639,4639,BURMAN CRITTON LUTTIER & COLEMAN,303 Banyan Blvd Ste 400,West Palm Beach,FL,33401-4639,C038,"General Practice Attorney, Lawyer",Principal,J M Burman,Burman Critton Luttier Coleman,https://floridaucc.com/search?text=BURMAN CRITTON LUTTIER & COLEMAN&searchOptionType=LegacySearch&searchOptionSubOption=FiledAndLapsedActualDebtorNameList&searchCategory=Standard,Search1600.csv,Lapsed,05/11/2005,05/11/2010,03/02/2026,200509652431,0,1,,,,,,,,,,,1,BURMAN CRITTON LUTTIER & COLEMAN,"515 N FLAGLER DRIVE, SUITE 400, WEST PALM BEACH, FL, 33401",UCC1,1,,05/11/2005
Maya & Maya Inc,330 Clematis St,West Palm Beach,FL,33401-4657,4657,MAYA & MAYA INC,330 Clematis St,West Palm Beach,FL,33401-4657,,Private Investigator,President,Mr. Daniel L Maya,Maya & Maya Inc,https://floridaucc.com/search?text=MAYA & MAYA INC&searchOptionType=LegacySearch&searchOptionSubOption=FiledAndLapsedActualDebtorNameList&searchCategory=Standard,Search1600.csv,Lapsed,08/13/2015,08/13/2020,03/02/2026,201504697144,0,1,,,,,,,,,,,1,MAYA & MAYA INC,"13155 SW 134TH ST STE 222, MIAMI, FL, 33186",UCC1,5,,08/13/2015
Christian Manor  Inc,325 Executive Ctr Dr Ofc,West Palm Beach,FL,33401-4800,4800,"CHRISTIAN MANOR, INC.",325 Executive Center Dr Ofc,West Palm Beach,FL,33401-4800,,Aged Home,President,Mr. Richard Holmes,Christian Manor  Inc,"https://floridaucc.com/search?text=CHRISTIAN MANOR, INC.&searchOptionType=LegacySearch&searchOptionSubOption=FiledAndLapsedActualDebtorNameList&searchCategory=Standard",Search1600.csv,Lapsed,01/26/1987,01/26/2012,03/02/2026,1870014333,8,1,,,,,,,,,,,1,CHRISTIAN MANOR INC,"325 EXECUTIVE CTR, DR, W PALM BEACH, FL",UCC1,1,,01/26/1987
Lakeside Commons Apartments,550 Executive Center Dr,West Palm Beach,FL,33401-4902,4902,LAKESIDE COMMONS APARTMENTS,550 Executive Center Dr,West Palm Beach,FL,33401-4902,,Apartment Building Operators,Partner,Ms. Jessica Espinal,Lakeside Commons Apartments,,Search1600.csv,No close match,,,,,,,,,,,,,,,,,,,,,,,
Pinnacle Palm,601 Executive Center Dr,West Palm Beach,FL,33401-4903,4903,PINNACLE PALM,601 Executive Center Dr,West Palm Beach,FL,33401-4903,,General Medical And Surgical Hospitals,Principal,Mr. Mark F Levy,Pinnacle Palm,,Search1600.csv,No close match,,,,,,,,,,,,,,,,,,,,,,,
Ko-Mar Colour Productions Inc,1100 Banyan Blvd,West Palm Beach,FL,33401-5000,5000,"KO-MAR COLOUR PRODUCTIONS, INC.",1100 Banyan Blvd,West Palm Beach,FL,33401-5000,,Video Production,President,Mr. Todd F Kolich,Ko-Mar Colour Productions Inc,"https://floridaucc.com/search?text=KO-MAR COLOUR PRODUCTIONS, INC.&searchOptionType=LegacySearch&searchOptionSubOption=FiledAndLapsedActualDebtorNameList&searchCategory=Standard",Search1600.csv,Lapsed,02/16/1995,02/16/2000,03/02/2026,950000032591,2,1,,,,,,,,,,,1,KO-MAR COLOUR PRODUCTIONS INC,"2135 S CONGRESS AVE STE 3-D, W PALM BEACH, FL, 33406",UCC1,2,,02/16/1995
Clinlab  Inc,400 S Australian Ave,West Palm Beach,FL,33401-5004,5004,"CLINLAB, INC.",400 S Australian Ave Ste 800 # 8,West Palm Beach,FL,33401-5004,C023,Computer Software Development And Applications,President,Mr. Daniel Stewart,Clinlab  Inc,"https://floridaucc.com/search?text=CLINLAB, INC.&searchOptionType=LegacySearch&searchOptionSubOption=FiledAndLapsedActualDebtorNameList&searchCategory=Standard",Search1600.csv,Lapsed,08/06/2019,08/06/2024,03/02/2026,201909330033,0,1,,,,,,,,,,,1,CLINLAB INC,"2411 E GRAVES AVE, STE 1, ORANGE CITY, FL, 32763",UCC1,1,,08/06/2019
Firm Cunningham Law,250 S Australian Ave,West Palm Beach,FL,33401-5007,5007,FIRM CUNNINGHAM LAW,250 S Australian Ave Ste 701,West Palm Beach,FL,33401-5007,C023,General Practice Law Office,Owner,F M Cunningham,Firm Cunningham Law,,Search1600.csv,No close match,,,,,,,,,,,,,,,,,,,,,,,
Koeppel Law Group  Pl,1016 Clearwater Pl,West Palm Beach,FL,33401-5013,5013,"KOEPPEL LAW GROUP, P.L.",1016 Clearwater Pl,West Palm Beach,FL,33401-5013,C023,General Practice Law Office,Partner,Mr. Joel P Koeppel,Koeppel Law Group  Pl,"https://floridaucc.com/search?text=KOEPPEL LAW GROUP, P.L.&searchOptionType=LegacySearch&searchOptionSubOption=FiledAndLapsedActualDebtorNameList&searchCategory=Standard",Search1600.csv,Lapsed,09/25/2007,09/25/2012,03/02/2026,200706622322,1,1,,,,,,,,,,,1,"KOEPPEL LAW GROUP, P.L.","1016 CLEARWATER PLACE, WEST PALM BEACH, FL, 33401",UCC1,1,,09/25/2007
Global Reo Incorporated,250 S Australian Ave,West Palm Beach,FL,33401-5014,5014,GLOBAL REO INCORPORATED,250 S Australian Ave Ste 1107,West Palm Beach,FL,33401-5014,C023,"Real Estate Agent, Commercial",President,Mr. Nicholas Jackson,Global Reo Incorporated,,Search1600.csv,No close match,,,,,,,,,,,,,,,,,,,,,,,
Ideal Nutrition LLC,250 S Astrlian Ave Ste 12,West Palm Beach,FL,33401-5016,5016,IDEAL NUTRITION LLC,250 S Australian Ave Ste 1204,West Palm Beach,FL,33401-5016,,Eating Places,Chief Executive Officer,Mr. Wolfgang Brunet,Ideal Nutrition LLC,https://floridaucc.com/search?text=IDEAL NUTRITION LLC&searchOptionType=LegacySearch&searchOptionSubOption=FiledAndLapsedActualDebtorNameList&searchCategory=Standard,Search1600.csv,Lapsed,03/11/2019,03/11/2024,03/02/2026,201907991571,1,1,,,,,,,,,,,1,IDEAL NUTRITION LLC,"1705 DONNA RD, WEST PALM BEACH, FL, 33409",UCC1,1,,03/11/2019
Lewis Kapner PA,250 S Australian Ave,West Palm Beach,FL,33401-5018,5018,LEWIS KAPNER PA,250 S Australian Ave Ste 1402,West Palm Beach,FL,33401-5018,C023,"General Practice Attorney, Lawyer",Owner,Mr. Lewis Kapner,Lewis Kapner PA,https://floridaucc.com/search?text=LEWIS KAPNER PA&searchOptionType=LegacySearch&searchOptionSubOption=FiledAndLapsedActualDebtorNameList&searchCategory=Standard,Search1600.csv,Lapsed,11/13/2006,11/13/2011,03/02/2026,200604123696,0,1,,,,,,,,,,,1,LEWIS KAPNER PA,"250 AUSTRALIAN AVE SOUTH, SUITE 140, WEST PALM BEACH, FL, 334015015",UCC1,1,,11/13/2006
Metcare Of Florida  Inc,250 S Australian Ave Ste,West Palm Beach,FL,33401-5018,5018,"METCARE OF FLORIDA, INC.",250 S Australian Ave,West Palm Beach,FL,33401-5018,,Offices And Clinics Of Medical Doctors,President,Mr. Fred Sternberg,Metcare Of Florida  Inc,"https://floridaucc.com/search?text=METCARE OF FLORIDA, INC.&searchOptionType=LegacySearch&searchOptionSubOption=FiledAndLapsedActualDebtorNameList&searchCategory=Standard",Search1600.csv,Lapsed,06/11/1999,06/11/2004,03/02/2026,990000131990,0,1,,,,,,,,,,,1,METCARE OF FLORIDA INC,"5100 TOWNE CENTER CIRCLE, BOCA RATON, FL",UCC1,3,,06/11/1999
Medytox Diagnostics  Inc,400 S Astrlian Ave Ste 80,West Palm Beach,FL,33401-5045,5045,"MEDYTOX DIAGNOSTICS, INC.",400 S Australian Ave Ste 800,West Palm Beach,FL,33401-5045,,Testing Laboratories,Chief Executive Officer,Seamun Lagan,Medytox Diagnostics  Inc,"https://floridaucc.com/search?text=MEDYTOX DIAGNOSTICS, INC.&searchOptionType=LegacySearch&searchOptionSubOption=FiledAndLapsedActualDebtorNameList&searchCategory=Standard",Search1600.csv,Lapsed,08/06/2019,08/06/2024,03/02/2026,201909329930,0,1,,,,,,,,,,,1,MEDYTOX DIAGNOSTICS INC,"400 SOUTH AUSTRALIAN AVENUE, STE 855, WEST PALM BEACH, FL, 33401",UCC1,1,,08/06/2019
Epinex Diagnostics Labs Inc,400 S Astrlian Ave Ste 85,West Palm Beach,FL,33401-5045,5045,"EPINEX DIAGNOSTICS LABORATORIES, INC.",400 S Australian Ave Ste 855,West Palm Beach,FL,33401-5045,,Testing Laboratories,Chief Executive Officer,Mr. William Depond,Epinex Diagnostics Labs Inc,,Search1600.csv,No close match,,,,,,,,,,,,,,,,,,,,,,,
Nathanson Chiropractor Lf Ctr,145 Exctive Ctr Dr Apt 50,West Palm Beach,FL,33401-5079,5079,NATHANSON CHIROPRACTOR LIFE CENTER,145 Executive Center Dr Apt 500,West Palm Beach,FL,33401-5079,,Offices And Clinics Of Chiropractors,Owner,Mr. Michael Nathanson,Nathanson Chiropractor Lf Ctr,,Search1600.csv,No close match,,,,,,,,,,,,,,,,,,,,,,,
Lawrence Building Contractors,300 S Australian Ave,West Palm Beach,FL,33401-5083,5083,LAWRENCE BUILDING CONTRACTORS,300 S Australian Ave Unit 1602,West Palm Beach,FL,33401-5083,C023,Construction Management,Chief Executive Officer,Mr. Kenneth Lawrence,Lawrence Building Contractors,,Search1600.csv,No close match,,,,,,,,,,,,,,,,,,,,,,,
Homeless Coalition,810 Datura St # 2,West Palm Beach,FL,33401-5204,5204,HOMELESS COALITION,810 Datura St # 2,West Palm Beach,FL,33401-5204,,Emergency Shelters,President,Mr. Robert Anis,Homeless Coalition,https://floridaucc.com/search?text=HOMELESS COALITION&searchOptionType=LegacySearch&searchOptionSubOption=FiledAndLapsedActualDebtorNameList&searchCategory=Standard,Search1600.csv,Lapsed,01/28/2010,01/28/2015,03/02/2026,201001924930,1,1,,,,,,,,,,,1,"HOMELESS COALITION OF HILLSBOROUGH COUNTY, INC.","2105 N. NEBRASKA AVENUE, TAMPA, FL, 33602",UCC1,1,,01/28/2010
Csm Holdings  Inc,531 Clematis St,West Palm Beach,FL,33401-5303,5303,"CSM HOLDINGS, INC.",531 Clematis St,West Palm Beach,FL,33401-5303,C028,Tavern (drinking Places),President,Mr. Maurice Costigan,Csm Holdings  Inc,"https://floridaucc.com/search?text=CSM HOLDINGS, INC.&searchOptionType=LegacySearch&searchOptionSubOption=FiledAndLapsedActualDebtorNameList&searchCategory=Standard",Search1600.csv,Lapsed,11/06/1997,11/06/2007,03/02/2026,970000251305,1,1,,,,,,,,,,,4,CSM HOLDINGS INC,"531 1/2 & 533 CLEMATIS STREET, WEST PALM BEACH, FL, 33401",UCC1,6,,11/06/1997
Respectable Street  Inc,518 Clematis St,West Palm Beach,FL,33401-5304,5304,"RESPECTABLE STREET, INC.",518 Clematis St,West Palm Beach,FL,33401-5304,,Cafe,President,Mr. Rodney Mayo,Respectable Street  Inc,"https://floridaucc.com/search?text=RESPECTABLE STREET, INC.&searchOptionType=LegacySearch&searchOptionSubOption=FiledAndLapsedActualDebtorNameList&searchCategory=Standard",Search1600.csv,Lapsed,08/19/1991,08/19/1996,03/02/2026,910000179994,0,1,,,,,,,,,,,1,RESPECTABLE STREET INC,"518 CLEMATIS ST, WEST PALM BEACH, FL",UCC1,1,,08/19/1991
Florida Housing Corp,534 Datura St,West Palm Beach,FL,33401-5308,5308,FLORIDA HOUSING CORP,534 Datura St,West Palm Beach,FL,33401-5308,,Aged Home,President,Mr. Joseph Glucksman,Florida Housing Corp,https://floridaucc.com/search?text=FLORIDA HOUSING CORP&searchOptionType=LegacySearch&searchOptionSubOption=FiledAndLapsedActualDebtorNameList&searchCategory=Standard,Search1600.csv,Lapsed,10/14/1999,10/14/2004,03/02/2026,990000233834,1,1,,,,,,,,,,,1,FLORIDA HOUSING CORP,"534 DATURA ST, WEST PALM BEACH, FL, 33401",UCC1,1,,10/14/1999
Extra Touch Flowers  Inc,420 Clematis St Ste B,West Palm Beach,FL,33401-5311,5311,"EXTRA TOUCH FLOWERS, INC.",420 Clematis St Ste B,West Palm Beach,FL,33401-5311,C021,"Flowers, Fresh",President,Mr. Gerald Supernaw,Extra Touch Flowers  Inc,,Search1600.csv,No close match,,,,,,,,,,,,,,,,,,,,,,,
Field Of Greens,412 Clematis St,West Palm Beach,FL,33401-5312,5312,FIELD OF GREENS,412 Clematis St,West Palm Beach,FL,33401-5312,C021,Health Food Restaurant,Principal,Ms. Debra S Lakow,Field Of Greens,https://floridaucc.com/search?text=FIELD OF GREENS&searchOptionType=LegacySearch&searchOptionSubOption=FiledAndLapsedActualDebtorNameList&searchCategory=Standard,Search1600.csv,Lapsed,09/19/2005,09/19/2015,03/02/2026,200500721902,1,1,,,,,,,,,,,2,"ANN RALPH, INC.","255 EVERNIA STREET, WEST PALM BEACH, FL, 33401",UCC1,7,,09/19/2005
Center City Pharmacy  Inc,416 Clematis St,West Palm Beach,FL,33401-5312,5312,"CENTER CITY PHARMACY, INC.",416 Clematis St,West Palm Beach,FL,33401-5312,C021,Drug Stores,Chief Executive Officer,Mr. Thomas Rebhandl,Center City Pharmacy  Inc,"https://floridaucc.com/search?text=CENTER CITY PHARMACY, INC.&searchOptionType=LegacySearch&searchOptionSubOption=FiledAndLapsedActualDebtorNameList&searchCategory=Standard",Search1600.csv,Filed,08/15/2005,08/15/2030,03/02/2026,200500432447,5,1,,,,,,,,,,,1,"CENTER CITY PHARMACY,  INC.","420 CLEMATIS ST.  SUITE A, WEST PALM BEACH, FL, 33401",UCC1,2,,08/15/2005
West Palm Bch Lib Fndation Inc,411 Clematis St 3rd Fl,West Palm Beach,FL,33401-5319,5319,"WEST PALM BEACH LIBRARY FOUNDATION, INC.",411 Clematis St 3rd Fl,West Palm Beach,FL,33401-5319,,Public Library,Executive Director,Mr. James Sugarman,West Palm Bch Lib Fndation Inc,,Search1600.csv,No close match,,,,,,,,,,,,,,,,,,,,,,,
Dailey Janssen Architects PA,400 Clematis St Ste 200,West Palm Beach,FL,33401-5322,5322,"DAILEY JANSSEN ARCHITECTS, P.A.",400 Clematis St Ste 200,West Palm Beach,FL,33401-5322,,Architectural Engineering,President,Mr. Roger Janson,Dailey Janssen Architects PA,,Search1600.csv,No close match,,,,,,,,,,,,,,,,,,,,,,,
Big Time Restaurant Group Corp,400 Clematis St Ste 205,West Palm Beach,FL,33401-5322,5322,BIG TIME RESTAURANT GROUP CORP.,400 Clematis St Ste 205,West Palm Beach,FL,33401-5322,C021,Business Management,Chief Executive Officer,Mr. Todd Herbst,Big Time Restaurant Group Corp,https://floridaucc.com/search?text=BIG TIME RESTAURANT GROUP CORP.&searchOptionType=LegacySearch&searchOptionSubOption=FiledAndLapsedActualDebtorNameList&searchCategory=Standard,Search1600.csv,Lapsed,03/05/2001,03/05/2011,03/02/2026,200100048991,2,1,,,,,,,,,,,11,BIG TIME RESTAURANT GROUP CORP,"222 CLEMATIS ST STE 204, WEST PALM BCH, FL, 33401",UCC1,10,,03/05/2001
Palm Bch Mtro Plg Organization,301 Datura St,West Palm Beach,FL,33401-5401,5401,PALM BEACH METROPOLITAN PLANNING ORGANIZATION,301 Datura St,West Palm Beach,FL,33401-5401,C022,Urban Planning And Consulting Services,Executive Director,Mr. Nick Uhren,Palm Bch Mtro Plg Organization,,Search1600.csv,No close match,,,,,,,,,,,,,,,,,,,,,,,
Information Mgt Networks Inc,324 Datura St Ste 252,West Palm Beach,FL,33401-5414,5414,"INFORMATION MANAGEMENT NETWORKS, INC.",324 Datura St Ste 252,West Palm Beach,FL,33401-5414,C022,Computer Related Consulting Services,Principal,Mr. David M Boshko,Information Mgt Networks Inc,,Search1600.csv,No close match,,,,,,,,,,,,,,,,,,,,,,,
Ods Advertising Worldwide,324 Datura St Ste 201,West Palm Beach,FL,33401-5415,5415,ODS ADVERTISING WORLDWIDE CORP,324 Datura St Ste 201,West Palm Beach,FL,33401-5415,,Advertising Agencies,Chief Executive Officer,Ms. Fatima Perez,Ods Advertising Worldwide,,Search1600.csv,No close match,,,,,,,,,,,,,,,,,,,,,,,
Valentin Rodriguez  PA,120 S Dixie Hwy Ste 204,West Palm Beach,FL,33401-5425,5425,"VALENTIN RODRIGUEZ, P.A.",120 S Dixie Hwy Ste 204,West Palm Beach,FL,33401-5425,,"General Practice Attorney, Lawyer",Owner,Valentin Rodriguez,Valentin Rodriguez  PA,"https://floridaucc.com/search?text=VALENTIN RODRIGUEZ, P.A.&searchOptionType=LegacySearch&searchOptionSubOption=FiledAndLapsedActualDebtorNameList&searchCategory=Standard",Search1600.csv,Filed,11/21/2025,11/21/2030,03/02/2026,202504365983,0,1,,,,,,,,,,,1,"VALENTIN RODRIGUEZ, P.A.","2465 MERCER AVE, SUITE 301, WEST PALM BEACH, FL, 33401",UCC1,1,,11/21/2025
Whitney Condominium Assn Inc,410 Evernia St,West Palm Beach,FL,33401-5430,5430,THE WHITNEY CONDOMINIUM ASSOCIATION INC,410 Evernia St,West Palm Beach,FL,33401-5430,C022,Condominium Manager,Vice-President,Mr. Thomas Fegyversi,Whitney Condominium Assn Inc,,Search1600.csv,No close match,,,,,,,,,,,,,,,,,,,,,,,
Logan Realty Inc,410 Evernia St Ste 113,West Palm Beach,FL,33401-5431,5431,LOGAN REALTY INC,410 Evernia St Ste 113,West Palm Beach,FL,33401-5431,C022,Real Estate Brokers And Agents,President,Mr. Rhys Hollyman,Logan Realty Inc,https://floridaucc.com/search?text=LOGAN REALTY INC&searchOptionType=LegacySearch&searchOptionSubOption=FiledAndLapsedActualDebtorNameList&searchCategory=Standard,Search1600.csv,Lapsed,06/03/2011,06/03/2016,03/02/2026,201104713630,0,1,,,,,,,,,,,1,LOGAN REALTY INC,"618 US HIGHWAY 1, STE 106, NORTHPALM BEACH, FL, 33408",UCC1,1,,06/03/2011
Altima Caviar LLC,410 Evernia St Apt 801,West Palm Beach,FL,33401-5440,5440,ALTIMA CAVIAR LLC,410 Evernia St Apt 801,West Palm Beach,FL,33401-5440,C022,"Caviar: Packaged In Cans, Jars, Etc.",Member,Ms. Maribel Alvarez,Altima Caviar LLC,,Search1600.csv,No close match,,,,,,,,,,,,,,,,,,,,,,,
Carl Domino  Inc,499 Evernia St Apt 220,West Palm Beach,FL,33401-5447,5447,"CARL DOMINO, INC.",499 Evernia St Apt 220,West Palm Beach,FL,33401-5447,C022,Personal Investment Trust Management,President,Mr. Carl Domino,Carl Domino  Inc,"https://floridaucc.com/search?text=CARL DOMINO, INC.&searchOptionType=LegacySearch&searchOptionSubOption=FiledAndLapsedActualDebtorNameList&searchCategory=Standard",Search1600.csv,Lapsed,11/07/2005,11/07/2010,03/02/2026,200501094839,0,1,,,,,,,,,,,1,"CARL DOMINO, INC.","249 ROYAL PALM WAY STE 403, PALM BEACH, FL, 33480",UCC1,1,,11/07/2005
Pistache,101 N Clematis St Ste 100,West Palm Beach,FL,33401-5500,5500,PISTACHE,101 N Clematis St Ste 100,West Palm Beach,FL,33401-5500,C021,French Restaurant,Manager,Thierry Beaud,Pistache,,Search1600.csv,No close match,,,,,,,,,,,,,,,,,,,,,,,
Bell Land Title LLC,120 S Olive Ave Unit 602,West Palm Beach,FL,33401-5501,5501,BELL LAND TITLE LLC,120 S Olive Ave Unit 602,West Palm Beach,FL,33401-5501,,Real Estate Title Insurance,Managing Member,Mr. Justin Bell,Bell Land Title LLC,,Search1600.csv,No close match,,,,,,,,,,,,,,,,,,,,,,,
Edward Riley Bradleys  Inc,104 S Clematis St,West Palm Beach,FL,33401-5511,5511,"EDWARD RILEY BRADLEY'S, INC.",104 S Clematis St,West Palm Beach,FL,33401-5511,C021,American Restaurant,President,Mr. Frank S Coniglio,Edward Riley Bradleys  Inc,"https://floridaucc.com/search?text=EDWARD RILEY BRADLEY'S, INC.&searchOptionType=LegacySearch&searchOptionSubOption=FiledAndLapsedActualDebtorNameList&searchCategory=Standard",Search1600.csv,Lapsed,08/18/1999,08/18/2004,03/02/2026,990000189155,1,1,,,,,,,,,,,1,EDWARD RILEY BRADLEY'S INC,"111 BRADLEY PLACE, PALM BEACH, FL, 33480",UCC1,1,,08/18/1999
Monkeyclub Inc,219 Clematis St,West Palm Beach,FL,33401-5512,5512,MONKEYCLUB INC,219 Clematis St,West Palm Beach,FL,33401-5512,,Night Clubs,President,Mr. Mike Mash,Monkeyclub Inc,,Search1600.csv,No close match,,,,,,,,,,,,,,,,,,,,,,,
Reg Architects  Inc,120 S Olive Ave Ste 210,West Palm Beach,FL,33401-5514,5514,"REG ARCHITECTS, INC.",120 S Olive Ave Ste 210,West Palm Beach,FL,33401-5514,C021,Architectural Engineering,President,Mr. Rick Gonzalez,Reg Architects  Inc,"https://floridaucc.com/search?text=REG ARCHITECTS, INC.&searchOptionType=LegacySearch&searchOptionSubOption=FiledAndLapsedActualDebtorNameList&searchCategory=Standard",Search1600.csv,Lapsed,05/27/1998,05/27/2003,03/02/2026,980000116081,0,1,,,,,,,,,,,1,REG ARCHITECTS INC,"330 CLEMATIS SR #114, WEST PALM BEACH, FL, 33401",UCC1,1,,05/27/1998
1515 Flagler Property LP,105 S Narcissus Ave,West Palm Beach,FL,33401-5526,5526,1515 FLAGLER PROPERTY LP,105 S Narcissus Ave Ste 400,West Palm Beach,FL,33401-5526,C022,Nonresidential Building Operators,Principal,Mr. Jerry Valerious,1515 Flagler Property LP,https://floridaucc.com/search?text=1515 FLAGLER PROPERTY LP&searchOptionType=LegacySearch&searchOptionSubOption=FiledAndLapsedActualDebtorNameList&searchCategory=Standard,Search1600.csv,Lapsed,01/31/2007,01/31/2022,03/02/2026,200704702310,7,1,,,,,,,,,,,1,1515 FLAGLER PROPERTY LP,"450 7TH AVENUE, 45TH FLOOR, NEW YORK, NY, 10123",UCC1,7,,01/31/2007
Hedgeco  LLC,105 S Nrcssus Ave Ste 701,West Palm Beach,FL,33401-5529,5529,"HEDGECO, L.L.C.",105 S Narcissus Ave Ste 701,West Palm Beach,FL,33401-5529,,"Investors, Nec",Principal,Mr. Evan Rapoport,Hedgeco  LLC,"https://floridaucc.com/search?text=HEDGECO, L.L.C.&searchOptionType=LegacySearch&searchOptionSubOption=FiledAndLapsedActualDebtorNameList&searchCategory=Standard",Search1600.csv,Lapsed,02/04/2008,02/04/2013,03/02/2026,200807562406,0,1,,,,,,,,,,,1,"HEDGECO, LLC","400 CLEMATIS STREET, SUITE 205, WEST PALM BEACH, FL, 33401",UCC1,2,,02/04/2008
Littky Smith and Phipps PA,105 S Narcissus Ave,West Palm Beach,FL,33401-5530,5530,LITTKY SMITH AND PHIPPS PA,105 S Narcissus Ave Ste 800,West Palm Beach,FL,33401-5530,C022,"General Practice Attorney, Lawyer",Partner,Mr. Mark J Smith,Littky Smith and Phipps PA,,Search1600.csv,No close match,,,,,,,,,,,,,,,,,,,,,,,
Palmcorp Construction Svcs Inc,120 S Olive Ave Ste 304,West Palm Beach,FL,33401-5532,5532,"PALMCORP CONSTRUCTION SERVICES, INC.",120 S Olive Ave Ste 304,West Palm Beach,FL,33401-5532,,"New Construction, Single-Family Houses",President,Mr. Russell Palmieri,Palmcorp Construction Svcs Inc,,Search1600.csv,No close match,,,,,,,,,,,,,,,,,,,,,,,
DMS-Bkl Drywall & Intr Systems,120 S Olive Ave Ste 601,West Palm Beach,FL,33401-5535,5535,DMS-BKL DRYWALL & INTERIOR SYSTEMS INC,120 S Olive Ave Ste 601,West Palm Beach,FL,33401-5535,C021,Drywall,Chief Executive Officer,Mr. David Schmitt,DMS-Bkl Drywall & Intr Systems,,Search1600.csv,No close match,,,,,,,,,,,,,,,,,,,,,,,
Harmony Lifestyle  LLC,120 S Olive Ave Ste 702,West Palm Beach,FL,33401-5536,5536,"HARMONY LIFESTYLE, LLC",120 S Olive Ave Ste 702,West Palm Beach,FL,33401-5536,,"Lighting, Lamps, And Accessories",President,Mr. Mark Wilson,Harmony Lifestyle  LLC,,Search1600.csv,No close match,,,,,,,,,,,,,,,,,,,,,,,
Crossbow Ventures Inc,1 N Clematis St Ste 510,West Palm Beach,FL,33401-5538,5538,CROSSBOW VENTURES INC.,1 N Clematis St Ste 510,West Palm Beach,FL,33401-5538,,Venture Capital Companies,Managing Director,Rene Eichenberger,Crossbow Ventures Inc,https://floridaucc.com/search?text=CROSSBOW VENTURES INC.&searchOptionType=LegacySearch&searchOptionSubOption=FiledAndLapsedActualDebtorNameList&searchCategory=Standard,Search1600.csv,Lapsed,08/07/2006,08/07/2011,03/02/2026,200603356905,0,1,,,,,,,,,,,1,CROSSBOW VENTURES INC.,"1 NORTH CLEMATIS ST,, STE 510, WEST PALM BEACH, FL, 33401",UCC1,1,,08/07/2006
Expedited Travel  LLC,222 Clematis St Ste 200,West Palm Beach,FL,33401-5539,5539,"EXPEDITED TRAVEL, LLC",222 Clematis St,West Palm Beach,FL,33401-5539,C021,Travel Agencies,Member,Mr. Adam Boalt,Expedited Travel  LLC,"https://floridaucc.com/search?text=EXPEDITED TRAVEL, LLC&searchOptionType=LegacySearch&searchOptionSubOption=FiledAndLapsedActualDebtorNameList&searchCategory=Standard",Search1600.csv,Lapsed,12/28/2012,12/28/2017,03/02/2026,201208149030,1,1,,,,,,,,,,,1,EXPEDITED TRAVEL HOLDINGS LLC,"319 CLEMATIS ST., SUITE 1004, WEST PALM BEACH, FL, 33401",UCC1,2,,12/28/2012
American Metro/Study Corp,222 Clematis St Ste 203,West Palm Beach,FL,33401-5539,5539,AMERICAN METRO/STUDY CORP,222 Clematis St Ste 203,West Palm Beach,FL,33401-5539,,Real Estate Agents And Managers,Principal,Mr. Bradley Hunter,American Metro/Study Corp,,Search1600.csv,No close match,,,,,,,,,,,,,,,,,,,,,,,
Eileens Travel Inc,222 Clematis St Ste 204,West Palm Beach,FL,33401-5540,5540,EILEEN'S TRAVEL INC,222 Clematis St Ste 204,West Palm Beach,FL,33401-5540,,"Tourist Agency Arranging Transport, Lodging And Car Rental",President,Ms. Mary Hurley-Lane,Eileens Travel Inc,,Search1600.csv,No close match,,,,,,,,,,,,,,,,,,,,,,,
G3 Global Services  LLC,222 Clematis St Ste 207,West Palm Beach,FL,33401-5540,5540,"G3 GLOBAL SERVICES, LLC",222 Clematis St Ste 207,West Palm Beach,FL,33401-5540,,"Ticket Offices, Transportation, Nec",Member,Leydy Jimenez,G3 Global Services  LLC,"https://floridaucc.com/search?text=G3 GLOBAL SERVICES, LLC&searchOptionType=LegacySearch&searchOptionSubOption=FiledAndLapsedActualDebtorNameList&searchCategory=Standard",Search1600.csv,Lapsed,10/13/2014,10/13/2019,03/02/2026,201402379054,1,1,,,,,,,,,,,1,"G3 GLOBAL SERVICES, LLC","319 CLEMATIS STREET, SUITE 1004, WEST PALM BEACH, FL, 33401",UCC1,1,,10/13/2014
Ocean Capital Lending  LLC,120 S Olive Ave Ste 311,West Palm Beach,FL,33401-5549,5549,"OCEAN CAPITAL LENDING, LLC",120 S Olive Ave Ste 311,West Palm Beach,FL,33401-5549,C021,Personal Credit Institutions,Member,Mr. Jeremy Vandervort,Ocean Capital Lending  LLC,"https://floridaucc.com/search?text=OCEAN CAPITAL LENDING, LLC&searchOptionType=LegacySearch&searchOptionSubOption=FiledAndLapsedActualDebtorNameList&searchCategory=Standard",Search1600.csv,Lapsed,09/10/2020,09/10/2025,03/02/2026,202004689755,0,1,,,,,,,,,,,1,"OCEAN CAPITAL LENDING, LLC","120 S. OLIVE AVE 311, WEST PALM BEACH, FL, 33401",UCC1,1,,09/10/2020
New Hope Sugar Company,One N Clematis St Ste 200,West Palm Beach,FL,33401-5551,5551,NEW HOPE SUGAR COMPANY,1 N Clematis St Ste 200,West Palm Beach,FL,33401-5551,,Sugar Plant Machinery,President,Mr. Luis J Fernandez,New Hope Sugar Company,https://floridaucc.com/search?text=NEW HOPE SUGAR COMPANY&searchOptionType=LegacySearch&searchOptionSubOption=FiledAndLapsedActualDebtorNameList&searchCategory=Standard,Search1600.csv,Lapsed,07/16/2001,07/16/2006,03/02/2026,200100154203,1,1,,,,,,,,,,,1,NEW HOPE SUGAR COMPANY,"340 ROYAL POINCIANA WAY, STE 316, PALM BEACH, FL, 33480",UCC1,4,,07/16/2001
Three Seasons Healthcare LLC,1 N Clemantis St Ste 110,West Palm Beach,FL,33401-5551,5551,THREE SEASONS HEALTHCARE LLC,1 N Clematis St Ste 110,West Palm Beach,FL,33401-5551,,Medical Equipment And Supplies,Managing Member,Mr. Fred Drasner,Three Seasons Healthcare LLC,,Search1600.csv,No close match,,,,,,,,,,,,,,,,,,,,,,,
Mashek Company,1 N Clematis St Ste 320,West Palm Beach,FL,33401-5552,5552,MASHEK COMPANY,1 N Clematis St Ste 320,West Palm Beach,FL,33401-5552,,"Computer Equipment And Electronics, Mail Order",President,Mr. Chandler C Mashek,Mashek Company,,Search1600.csv,No close match,,,,,,,,,,,,,,,,,,,,,,,
Navarro Lowrey Investment,285 Banyan Blvd,West Palm Beach,FL,33401-5565,5565,NAVARRO LOWREY INVESTMENT,285 Banyan Blvd,West Palm Beach,FL,33401-5565,C021,"Real Estate Agent, Residential",Partner,Mr. Jim Lowrey,Navarro Lowrey Investment,,Search1600.csv,No close match,,,,,,,,,,,,,,,,,,,,,,,
Ws Bpb Owner  LLC,251 N Narcissus Ave,West Palm Beach,FL,33401-5568,5568,"WS BPB OWNER, LLC",251 N Narcissus Ave,West Palm Beach,FL,33401-5568,,American Restaurant,Principal,Mr. Tim Hodes,Ws Bpb Owner  LLC,,Search1600.csv,No close match,,,,,,,,,,,,,,,,,,,,,,,
G3 Exports  Inc,201 S Narcissus Ave,West Palm Beach,FL,33401-5621,5621,"G3 EXPORTS, INC.",201 S Narcissus Ave,West Palm Beach,FL,33401-5621,C022,Travel Agencies,President,Mr. Christopher B Davis,G3 Exports  Inc,,Search1600.csv,No close match,,,,,,,,,,,,,,,,,,,,,,,
024 Pharma  Inc,224 Datura St,West Palm Beach,FL,33401-5624,5624,"024 PHARMA, INC.",224 Datura St,West Palm Beach,FL,33401-5624,,"Dietary Supplements, Dairy And Non-Dairy Based",President,Mr. Miro Zecevic,024 Pharma  Inc,,Search1600.csv,No close match,,,,,,,,,,,,,,,,,,,,,,,
Cepac  Inc,215 S Olive Ave Ste 300,West Palm Beach,FL,33401-5643,5643,"CEPAC, INC.",215 S Olive Ave Ste 300,West Palm Beach,FL,33401-5643,,Advertising Consultant,President,Rene Perras,Cepac  Inc,,Search1600.csv,No close match,,,,,,,,,,,,,,,,,,,,,,,
Bechtel Jewelers Inc,215 S Olive Ave,West Palm Beach,FL,33401-5652,5652,BECHTEL JEWELERS INC,215 S Olive Ave,West Palm Beach,FL,33401-5652,C022,"Jewelry, Precious Stones And Precious Metals",President,Mr. Robert L Bechtel,Bechtel Jewelers Inc,https://floridaucc.com/search?text=BECHTEL JEWELERS INC&searchOptionType=LegacySearch&searchOptionSubOption=FiledAndLapsedActualDebtorNameList&searchCategory=Standard,Search1600.csv,Lapsed,11/10/1998,11/10/2003,03/02/2026,980000251268,0,1,,,,,,,,,,,1,BECHTEL JEWELERS INC,"226 DATURA STREET, WEST PALM BEACH, FL, 33401",UCC1,1,,11/10/1998
The Strand Condo Assn Inc,255 Evernia St Fl 5,West Palm Beach,FL,33401-5678,5678,THE STRAND CONDOMINIUM ASSOCIATION INC,255 Evernia St 5th Fl,West Palm Beach,FL,33401-5678,C101,Apartment Building Operators,President,Mr. Gerald Curtin,The Strand Condo Assn Inc,,Search1600.csv,No close match,,,,,,,,,,,,,,,,,,,,,,,
Gracie Street Intr Design Inc,201 S Narcissus Ave Ste 1,West Palm Beach,FL,33401-5695,5695,"GRACIE STREET INTERIOR DESIGN, INC.",201 S Narcissus Ave Ste 1,West Palm Beach,FL,33401-5695,C022,Interior Designer,President,Ms. Mary D Mutch,Gracie Street Intr Design Inc,"https://floridaucc.com/search?text=GRACIE STREET INTERIOR DESIGN, INC.&searchOptionType=LegacySearch&searchOptionSubOption=FiledAndLapsedActualDebtorNameList&searchCategory=Standard",Search1600.csv,Lapsed,11/13/1996,11/13/2001,03/02/2026,960000238811,0,1,,,,,,,,,,,3,GRACIE STREET INTERIOR DESIGN INC,"300 CLEMATIS STREET, SUITE ONE, WEST PALM BEACH, FL, 33401",UCC1,6,,11/13/1996
Levatas,812 Fern St,West Palm Beach,FL,33401-5716,5716,LEVATAS,812 Fern St,West Palm Beach,FL,33401-5716,,Internet Publishing And Broadcasting,Owner,Chris Neilsen,Levatas,https://floridaucc.com/search?text=LEVATAS&searchOptionType=LegacySearch&searchOptionSubOption=FiledAndLapsedActualDebtorNameList&searchCategory=Standard,Search1600.csv,Lapsed,02/19/2013,02/19/2018,03/02/2026,201308470418,0,1,,,,,,,,,,,1,LEVATAS,"11701 LAKE VICTORIA GARDENS AVE. , #2202, PALM BEACH GARDENS, FL, 33401",UCC1,2,,02/19/2013
Mental Hlth Amer Of Palm Bches,909 Fern St,West Palm Beach,FL,33401-5717,5717,"MENTAL HEALTH AMERICA OF THE PALM BEACHES, INC.",909 Fern St,West Palm Beach,FL,33401-5717,,"Mental Health Clinic, Outpatient",Chief Executive Officer,Ms. Pamela Gionfriddo,Mental Hlth Amer Of Palm Bches,,Search1600.csv,No close match,,,,,,,,,,,,,,,,,,,,,,,
Azul Stone LLC,920 Fern St,West Palm Beach,FL,33401-5718,5718,AZUL STONE LLC,920 Fern St,West Palm Beach,FL,33401-5718,C023,Limestone And Marble Dimension Stone,Principal,Ihab Nasser,Azul Stone LLC,https://floridaucc.com/search?text=AZUL STONE LLC&searchOptionType=LegacySearch&searchOptionSubOption=FiledAndLapsedActualDebtorNameList&searchCategory=Standard,Search1600.csv,Lapsed,05/13/2014,05/13/2019,03/02/2026,201401414956,1,1,,,,,,,,,,,1,AZUL STONE LLC,"920 FERN ST, WEST PALM BEACH, FL, 33401",UCC1,1,,05/13/2014
Universal Cabling Systems Inc,914 Fern St Ste A,West Palm Beach,FL,33401-5756,5756,UNIVERSAL CABLING SYSTEMS INC,914 Fern St Ste A,West Palm Beach,FL,33401-5756,C023,Telephone And Telephone Equipment Installation,President,Mr. Mark V Son,Universal Cabling Systems Inc,https://floridaucc.com/search?text=UNIVERSAL CABLING SYSTEMS INC&searchOptionType=LegacySearch&searchOptionSubOption=FiledAndLapsedActualDebtorNameList&searchCategory=Standard,Search1600.csv,Lapsed,04/29/1996,04/29/2001,03/02/2026,960000088370,1,1,,,,,,,,,,,1,UNIVERSAL CABLING SYSTEMS INC,"914 FERN ST, WEST PALM BEACH, FL, 33401",UCC1,2,,04/29/1996
Amicable Home Health Care Inc,477 S Rsemary Ave Ste 202,West Palm Beach,FL,33401-5757,5757,AMICABLE HOME HEALTH CARE INC,477 S Rosemary Ave Ste 202,West Palm Beach,FL,33401-5757,,Home Health Care Services,President,Ms. Lucy Gorbatova,Amicable Home Health Care Inc,https://floridaucc.com/search?text=AMICABLE HOME HEALTH CARE INC&searchOptionType=LegacySearch&searchOptionSubOption=FiledAndLapsedActualDebtorNameList&searchCategory=Standard,Search1600.csv,Lapsed,07/09/2020,07/09/2025,03/02/2026,202003275701,1,1,,,,,,,,,,,1,"AMICABLE HOME HEALTH CARE, INC.","2101 VISTA PARKWAY, STE 102, WEST PALM BEACH, FL, 33411",UCC1,1,,07/09/2020
Clear Harbor  Ltd,477 S Rsemary Ave Ste 301,West Palm Beach,FL,33401-5758,5758,"CLEAR HARBOR, LTD.",477 S Rosemary Ave Ste 301,West Palm Beach,FL,33401-5758,,Apartment Hotel Operation,President,Ms. Kristin Miller,Clear Harbor  Ltd,"https://floridaucc.com/search?text=CLEAR HARBOR, LTD.&searchOptionType=LegacySearch&searchOptionSubOption=FiledAndLapsedActualDebtorNameList&searchCategory=Standard",Search1600.csv,Filed,07/06/2007,07/06/2027,03/02/2026,200705973768,5,1,,,,,,,,,,,1,"CLEAR HARBOR, LTD.","C/O JDF, LLC, 340 PEMBERWICK ROAD, GREENWICH, CT, 06831",UCC1,7,,07/06/2007
Olympusat  Inc,477 S Rosemary Ave,West Palm Beach,FL,33401-5758,5758,"OLYMPUSAT, INC.",477 S Rosemary Ave Ste 306,West Palm Beach,FL,33401-5758,C028,Communication Signal Enhancement Network Services,Chief Executive Officer,Mr. Tom Mohler,Olympusat  Inc,"https://floridaucc.com/search?text=OLYMPUSAT, INC.&searchOptionType=LegacySearch&searchOptionSubOption=FiledAndLapsedActualDebtorNameList&searchCategory=Standard",Search1600.csv,Lapsed,03/23/2000,03/23/2005,03/02/2026,200000068264,2,1,,,,,,,,,,,2,OCEAN COMMUNICATIONS INC,"470 COLUMBIA DRIVE #202A, WEST PALM BEACH, FL, 33409",UCC1,4,,03/23/2000
Foxo Technologies Inc,477 S Rsemary Ave Ste 224,West Palm Beach,FL,33401-5758,5758,FOXO TECHNOLOGIES INC.,477 S Rosemary Ave Ste 224,West Palm Beach,FL,33401-5758,,Commercial Physical Research,Chief Executive Officer,Mr. Seamus Lagan,Foxo Technologies Inc,,Search1600.csv,No close match,,,,,,,,,,,,,,,,,,,,,,,
Richman Riverview  Inc,477 S Rsemary Ave Ste 301,West Palm Beach,FL,33401-5758,5758,"RICHMAN RIVERVIEW, INC.",477 S Rosemary Ave Ste 301,West Palm Beach,FL,33401-5758,,"Subdividers And Developers, Nec",Director,Mr. Richard P Richman,Richman Riverview  Inc,,Search1600.csv,No close match,,,,,,,,,,,,,,,,,,,,,,,
Evernia Health Center  LLC,950 Evernia St Ste 100,West Palm Beach,FL,33401-5764,5764,"EVERNIA HEALTH CENTER, LLC",950 Evernia St Ste 100,West Palm Beach,FL,33401-5764,,"Health And Allied Services, Nec",Administrator,Mr. Lawrence Hawkins,Evernia Health Center  LLC,"https://floridaucc.com/search?text=EVERNIA HEALTH CENTER, LLC&searchOptionType=LegacySearch&searchOptionSubOption=FiledAndLapsedActualDebtorNameList&searchCategory=Standard",Search1600.csv,Filed,06/03/2022,06/03/2027,03/02/2026,202201841231,0,1,,,,,,,,,,,1,"EVERNIA HEALTH CENTER, LLC","950 EVERNIA STREET 100, WEST PALM BEACH, FL, 33401",UCC1,1,,06/03/2022
Mathews Consulting  Inc,477 S Rsemary Ave Ste 330,West Palm Beach,FL,33401-5798,5798,"MATHEWS CONSULTING, INC.",477 S Rosemary Ave Ste 330,West Palm Beach,FL,33401-5798,,Consulting Engineer,President,Rene L Mathews,Mathews Consulting  Inc,"https://floridaucc.com/search?text=MATHEWS CONSULTING, INC.&searchOptionType=LegacySearch&searchOptionSubOption=FiledAndLapsedActualDebtorNameList&searchCategory=Standard",Search1600.csv,Lapsed,03/18/1998,03/18/2003,03/02/2026,980000058509,1,1,,,,,,,,,,,1,MATHEWS CONSULTING INC,"1601 BELVEDERE ROAD #308, WEST PALM BEACH, FL, 33406",UCC1,1,,03/18/1998
William W Price  PA,320 Fern St,West Palm Beach,FL,33401-5802,5802,"WILLIAM W. PRICE, P.A.",320 Fern St,West Palm Beach,FL,33401-5802,C031,Malpractice And Negligence Law,President,Mr. William W Price,William W Price  PA,"https://floridaucc.com/search?text=WILLIAM W. PRICE, P.A.&searchOptionType=LegacySearch&searchOptionSubOption=FiledAndLapsedActualDebtorNameList&searchCategory=Standard",Search1600.csv,Filed,03/27/1997,03/27/2027,03/02/2026,970000064118,9,1,,,,,,,,,,,1,"WILLIAM W. PRICE, P.A.","320 FERN ST, WEST PALM BEACH, FL, 33401",UCC1,1,,03/27/1997
Evolution Metals Corp,516 S Dixie Hwy,West Palm Beach,FL,33401-5810,5810,EVOLUTION METALS CORP.,516 S Dixie Hwy,West Palm Beach,FL,33401-5810,C022,Metal Mining Services,Chief Executive Officer,Mr. David Wilcox,Evolution Metals Corp,https://floridaucc.com/search?text=EVOLUTION METALS CORP.&searchOptionType=LegacySearch&searchOptionSubOption=FiledAndLapsedActualDebtorNameList&searchCategory=Standard,Search1600.csv,Lapsed,06/10/2020,06/10/2025,03/02/2026,20200215529X,0,1,,,,,,,,,,,1,EVOLUTION METALS CORP.,"515 N. FLAGLER DRIVE, SUITE P200, WEST PALM BEACH, FL, 33401",UCC1,2,,06/10/2020
Maven Force  LLC,516 S Dixie Hwy,West Palm Beach,FL,33401-5810,5810,"MAVEN FORCE, LLC",516 S Dixie Hwy,West Palm Beach,FL,33401-5810,C022,Computer Related Consulting Services,President,Mr. Trevor Wellen,Maven Force  LLC,,Search1600.csv,No close match,,,,,,,,,,,,,,,,,,,,,,,
Seiu Florida Public Svcs UN,400 Hibiscus St # 200,West Palm Beach,FL,33401-5822,5822,SEIU FLORIDA PUBLIC SERVICES UNION,400 Hibiscus St # 200,West Palm Beach,FL,33401-5822,,Labor Union,Vice-President,Mr. Van Church,Seiu Florida Public Svcs UN,,Search1600.csv,No close match,,,,,,,,,,,,,,,,,,,,,,,
Arthrtis Fndtion Fla Chpter In,400 Hibiscus St Fl 2,West Palm Beach,FL,33401-5822,5822,"ARTHRITIS FOUNDATION, FLORIDA CHAPTER, INC.",400 Hibiscus St Fl 2,West Palm Beach,FL,33401-5822,,"Fund Raising Organization, Non-Fee Basis",President,Ms. Anne Forrest,Arthrtis Fndtion Fla Chpter In,,Search1600.csv,No close match,,,,,,,,,,,,,,,,,,,,,,,
Palm Beach Symphony Soc Inc,400 Hibiscus St Ste 100,West Palm Beach,FL,33401-5822,5822,THE PALM BEACH SYMPHONY SOCIETY INC,400 Hibiscus St Ste 100,West Palm Beach,FL,33401-5822,,Symphony Orchestra,Principal,Mr. David Mcclymont,Palm Beach Symphony Soc Inc,,Search1600.csv,No close match,,,,,,,,,,,,,,,,,,,,,,,
Hdox Bioinformatics Inc,600 S Dixie Hwy Ste 341,West Palm Beach,FL,33401-5829,5829,HDOX BIOINFORMATICS INC.,600 S Dixie Hwy Apt 341,West Palm Beach,FL,33401-5829,,Testing Laboratories,Chairman,Meenakshi Degala,Hdox Bioinformatics Inc,,Search1600.csv,No close match,,,,,,,,,,,,,,,,,,,,,,,
Kpc Lakeview Development LLC,295 Lakeview Ave,West Palm Beach,FL,33401-5836,5836,KPC LAKEVIEW DEVELOPMENT LLC,295 Lakeview Ave,West Palm Beach,FL,33401-5836,,Resort Hotel,Managing Member,Mr. Marcel Gerrard,Kpc Lakeview Development LLC,,Search1600.csv,No close match,,,,,,,,,,,,,,,,,,,,,,,
Katherine Van Deusen Hely Pllc,600 S Dixie Hwy Apt 357,West Palm Beach,FL,33401-5850,5850,KATHERINE VAN DEUSEN HELY PLLC,600 S Dixie Hwy Apt 357,West Palm Beach,FL,33401-5850,,General Practice Law Office,Owner,Ms. Katherine V Hely,Katherine Van Deusen Hely Pllc,,Search1600.csv,No close match,,,,,,,,,,,,,,,,,,,,,,,
Arthur S Demoss Foundation,700 S Dixie Hwy Ste 105,West Palm Beach,FL,33401-5854,5854,ARTHUR S. DEMOSS FOUNDATION,700 S Dixie Hwy Ste 105,West Palm Beach,FL,33401-5854,,Covenant And Evangelical Church,President,Mr. Robert G Demoss,Arthur S Demoss Foundation,,Search1600.csv,No close match,,,,,,,,,,,,,,,,,,,,,,,
R Cathleen Cox Mcfrlane Chrtb,700 S Dixie Hwy,West Palm Beach,FL,33401-5854,5854,"R. CATHLEEN COX MCFARLANE CHARITABLE FOUNDATION, INC.",700 S Dixie Hwy,West Palm Beach,FL,33401-5854,,Charitable Organization,Principal,Mr. Denis P Coleman,R Cathleen Cox Mcfrlane Chrtb,,Search1600.csv,No close match,,,,,,,,,,,,,,,,,,,,,,,
Larmoyeux & Bone Pi,550 S Quadrille Blvd,West Palm Beach,FL,33401-5855,5855,LARMOYEUX & BONE PI,550 S Quadrille Blvd Ste 200,West Palm Beach,FL,33401-5855,C028,General Practice Law Office,Managing Partner,Mr. Bill Bone,Larmoyeux & Bone Pi,,Search1600.csv,No close match,,,,,,,,,,,,,,,,,,,,,,,
Modern Living Real Estate  LLC,480 Hibiscus St Ste 110,West Palm Beach,FL,33401-5868,5868,"MODERN LIVING REAL ESTATE, LLC",480 Hibiscus St Ste 110,West Palm Beach,FL,33401-5868,C028,"Real Estate Agent, Residential",Managing Member,Mr. Patrick Lafferty,Modern Living Real Estate  LLC,,Search1600.csv,No close match,,,,,,,,,,,,,,,,,,,,,,,
Viking Systems International,525 S Flagler Dr 27d,West Palm Beach,FL,33401-5901,5901,"VIKING SYSTEMS INTERNATIONAL, INC",525 S Flagler Dr Apt 27d,West Palm Beach,FL,33401-5901,,Engineering Services,President,Mr. Lars Henriksen,Viking Systems International,,Search1600.csv,No close match,,,,,,,,,,,,,,,,,,,,,,,
Anderson & Carr  Inc,521 S Olive Ave,West Palm Beach,FL,33401-5907,5907,"ANDERSON & CARR, INC.",521 S Olive Ave,West Palm Beach,FL,33401-5907,C022,"Appraiser, Real Estate",President,Mr. Robert Banting,Anderson & Carr  Inc,"https://floridaucc.com/search?text=ANDERSON & CARR, INC.&searchOptionType=LegacySearch&searchOptionSubOption=FiledAndLapsedActualDebtorNameList&searchCategory=Standard",Search1600.csv,Lapsed,07/10/1997,07/10/2002,03/02/2026,970000151871,0,1,,,,,,,,,,,1,ANDERSON & CARTER INC,"3758 KORI ROAD, JACKSONVILLE, FL, 32232",UCC1,1,,07/10/1997
Grace Financial Services Inc,511 S Olive Ave,West Palm Beach,FL,33401-5907,5907,GRACE FINANCIAL SERVICES INC,511 S Olive Ave,West Palm Beach,FL,33401-5907,,Investment Advice,Principal,Grebet Norovich,Grace Financial Services Inc,,Search1600.csv,No close match,,,,,,,,,,,,,,,,,,,,,,,
James K Green  PA,501 S Flagler Dr Ste 306,West Palm Beach,FL,33401-5911,5911,"JAMES K. GREEN, P.A.",501 S Flagler Dr Ste 306,West Palm Beach,FL,33401-5911,C031,"General Practice Attorney, Lawyer",Owner,Mr. James K Green,James K Green  PA,,Search1600.csv,No close match,,,,,,,,,,,,,,,,,,,,,,,
Fisher  Bendeck & Potter  Pllc,501 S Flagler Dr Ste 450,West Palm Beach,FL,33401-5911,5911,"FISHER, BENDECK & POTTER, PLLC",501 S Flagler Dr Ste 450,West Palm Beach,FL,33401-5911,,"General Practice Attorney, Lawyer",Officer,Mr. Jeffrey Fisher,Fisher  Bendeck & Potter  Pllc,,Search1600.csv,No close match,,,,,,,,,,,,,,,,,,,,,,,
Kreuslr-Wlsh Vargas Serafin PA,501 S Flagler Dr Ste 503,West Palm Beach,FL,33401-5913,5913,"KREUSLER-WALSH, VARGAS & SERAFIN, P.A.",501 S Flagler Dr Ste 503,West Palm Beach,FL,33401-5913,C031,Criminal Law,President,Ms. Jane Walsh,Kreuslr-Wlsh Vargas Serafin PA,"https://floridaucc.com/search?text=KREUSLER-WALSH, VARGAS & SERAFIN, P.A.&searchOptionType=LegacySearch&searchOptionSubOption=FiledAndLapsedActualDebtorNameList&searchCategory=Standard",Search1600.csv,Filed,04/01/2021,04/01/2026,03/02/2026,202106649094,1,1,,,,,,,,,,,1,"KREUSLER-WALSH, VARGAS, & SERAFIN, P.A.","501 S. FLAGLER DR. #503, WEST PALM BEACH, FL, 33401",UCC1,1,,04/01/2021
Integra Oncology  LLC,501 S Flagler Dr Ste 600,West Palm Beach,FL,33401-5914,5914,"INTEGRA ONCOLOGY, LLC",501 S Flagler Dr Ste 600,West Palm Beach,FL,33401-5914,,Medical Help Service,Chief Financial Officer,Gira Shah,Integra Oncology  LLC,,Search1600.csv,No close match,,,,,,,,,,,,,,,,,,,,,,,
St Jmes Rsdnce Of Palm Bches,400 S Olive Ave,West Palm Beach,FL,33401-5921,5921,"ST. JAMES RESIDENCE OF THE PALM BEACHES, INC.",400 S Olive Ave,West Palm Beach,FL,33401-5921,,Condominium Manager,Controller,Ms. Carrie Leanos,St Jmes Rsdnce Of Palm Bches,,Search1600.csv,No close match,,,,,,,,,,,,,,,,,,,,,,,
Tt Of Matthews  Inc,505 S Flagler Dr,West Palm Beach,FL,33401-5923,5923,"TT OF MATTHEWS, INC.",505 S Flagler Dr Ste 700,West Palm Beach,FL,33401-5923,C031,"Automobiles, New And Used",President,Taylor Terry,Tt Of Matthews  Inc,,Search1600.csv,No close match,,,,,,,,,,,,,,,,,,,,,,,
Plaza Of The Palm Bches Cndo A,525 S Flagler Dr Ste 300,West Palm Beach,FL,33401-5932,5932,THE PLAZA OF THE PALM BEACHES CONDOMINIUM ASSOCIATION INC,525 S Flagler Dr Ste 300,West Palm Beach,FL,33401-5932,C031,Condominium Association,President,Mr. Michael Kampy,Plaza Of The Palm Bches Cndo A,,Search1600.csv,No close match,,,,,,,,,,,,,,,,,,,,,,,
Arc Devices USA  Inc,525 S Flagler Dr Ste 301,West Palm Beach,FL,33401-5932,5932,"ARC DEVICES USA, INC.",525 S Flagler Dr Ste 301,West Palm Beach,FL,33401-5932,C031,Medical Laboratory Equipment,Chief Executive Officer,Mr. Erwin Gross,Arc Devices USA  Inc,"https://floridaucc.com/search?text=ARC DEVICES USA, INC.&searchOptionType=LegacySearch&searchOptionSubOption=FiledAndLapsedActualDebtorNameList&searchCategory=Standard",Search1600.csv,Lapsed,06/01/2015,06/01/2020,03/02/2026,201503894132,1,1,,,,,,,,,,,1,"ARC DEVICES USA, INC.","1200 N FEDERAL HWY., SUITE 200, BOCA RATON, FL, 33432-2845",UCC1,1,,06/01/2015
A Dial Bagel Inc,401 S Olive Ave Ste S,West Palm Beach,FL,33401-5937,5937,A DIAL BAGEL INC,401 S Olive Ave Ste S,West Palm Beach,FL,33401-5937,C022,Bagels,Owner,Mr. Diego Villamil,A Dial Bagel Inc,,Search1600.csv,No close match,,,,,,,,,,,,,,,,,,,,,,,
Generations Gold  Inc,525 S Flagler Dr Ste 401,West Palm Beach,FL,33401-5938,5938,"GENERATIONS GOLD, INC.",525 S Flagler Dr Ste 401,West Palm Beach,FL,33401-5938,C031,Sales Promotion,President,Mr. Greg Golnick,Generations Gold  Inc,"https://floridaucc.com/search?text=GENERATIONS GOLD, INC.&searchOptionType=LegacySearch&searchOptionSubOption=FiledAndLapsedActualDebtorNameList&searchCategory=Standard",Search1600.csv,Lapsed,04/12/1994,04/12/1999,03/02/2026,940000074148,2,1,,,,,,,,,,,1,GENERATIONS GOLD INC,"1 EAST BROWARD BLVD #102, FORT LAUDERDALE, FL, 33301",UCC1,1,,04/12/1994
Mrachek Ftzgrald Rose Knpka Th,505 S Flagler Dr Ste 600,West Palm Beach,FL,33401-5945,5945,"MRACHEK, FITZGERALD, ROSE, KONOPKA, THOMAS & WEISS, P.A.",505 S Flagler Dr Ste 600,West Palm Beach,FL,33401-5945,,"General Practice Attorney, Lawyer",President,L L Mrachek,Mrachek Ftzgrald Rose Knpka Th,,Search1600.csv,No close match,,,,,,,,,,,,,,,,,,,,,,,
Legendary Publishing Group LLC,505 S Flagler Dr Ste 900,West Palm Beach,FL,33401-5948,5948,"LEGENDARY PUBLISHING GROUP, LLC",505 S Flagler Dr Ste 900,West Palm Beach,FL,33401-5948,C031,"Books, Publishing And Printing",Managing Member,Caler William,Legendary Publishing Group LLC,,Search1600.csv,No close match,,,,,,,,,,,,,,,,,,,,,,,
Spy Coast Farms  LLC,505 S Flagler Dr Ste 900,West Palm Beach,FL,33401-5948,5948,"SPY COAST FARMS, LLC",505 S Flagler Dr Ste 900,West Palm Beach,FL,33401-5948,,Animal Breeding Services,Managing Member,L J Lourie,Spy Coast Farms  LLC,,Search1600.csv,No close match,,,,,,,,,,,,,,,,,,,,,,,
Atlantic Drayage & Trnspt Inc,505 S Flagler Dr Ste 900,West Palm Beach,FL,33401-5948,5948,"ATLANTIC DRAYAGE AND TRANSPORT, INC.",505 S Flagler Dr Ste 900,West Palm Beach,FL,33401-5948,C031,Transportation Agents And Brokers,President,Mr. Donald Scott,Atlantic Drayage & Trnspt Inc,"https://floridaucc.com/search?text=ATLANTIC DRAYAGE AND TRANSPORT, INC.&searchOptionType=LegacySearch&searchOptionSubOption=FiledAndLapsedActualDebtorNameList&searchCategory=Standard",Search1600.csv,Lapsed,05/03/2011,05/03/2016,03/02/2026,201104522371,1,1,,,,,,,,,,,7,"ATLANTIC DRAYAGE AND TRANSPORT, INC.","436 AUSTRALIAN AVE SUITE #2, PALM BEACH, FL, 33480",UCC1,6,,05/03/2011
J M Rubin Foundation  Inc,505 S Flagler Dr Ste 1320,West Palm Beach,FL,33401-5951,5951,"J. M. RUBIN FOUNDATION, INC.",505 S Flagler Dr Ste 1320,West Palm Beach,FL,33401-5951,,Civic And Social Associations,President,Ms. Mary Harper,J M Rubin Foundation  Inc,,Search1600.csv,No close match,,,,,,,,,,,,,,,,,,,,,,,
Beasley Hser Kramer Leonard PA,505 S Flagler Dr Ste 1500,West Palm Beach,FL,33401-5953,5953,"BEASLEY, HAUSER KRAMER AND LEONARD PA",505 S Flagler Dr Ste 1500,West Palm Beach,FL,33401-5953,,"General Practice Attorney, Lawyer",President,Mr. James W Beasley,Beasley Hser Kramer Leonard PA,,Search1600.csv,No close match,,,,,,,,,,,,,,,,,,,,,,,
Arjeco Builders  Inc,480 Hibiscus St Apt 711,West Palm Beach,FL,33401-6005,6005,"ARJECO BUILDERS, INC.",480 Hibiscus St Apt 711,West Palm Beach,FL,33401-6005,,"Commercial And Office Building, New Construction",President,Arje Gerecht,Arjeco Builders  Inc,,Search1600.csv,No close match,,,,,,,,,,,,,,,,,,,,,,,
School Of Arts Foundation Inc,501 S Sapodilla St,West Palm Beach,FL,33401-6009,6009,"SCHOOL OF THE ARTS FOUNDATION, INC.",501 S Sapodilla Ave,West Palm Beach,FL,33401-6009,,"Secondary School, Nec",Executive Director,Mr. Christopher Snyder,School Of Arts Foundation Inc,,Search1600.csv,No close match,,,,,,,,,,,,,,,,,,,,,,,
Blue Martini Inc,550 S Rosemary Ave,West Palm Beach,FL,33401-6046,6046,"BLUE MARTINI, INC",550 S Rosemary Ave Ste 244,West Palm Beach,FL,33401-6046,C042,Bar (drinking Places),President,Mr. Mark E Vasu,Blue Martini Inc,"https://floridaucc.com/search?text=BLUE MARTINI, INC&searchOptionType=LegacySearch&searchOptionSubOption=FiledAndLapsedActualDebtorNameList&searchCategory=Standard",Search1600.csv,Lapsed,12/07/2000,12/07/2010,03/02/2026,200000276731,1,1,,,,,,,,,,,2,BLUE MARTINI INC,"1901 W CYPRESS CREEK RD, FT LAUDERDALE, FL, 333091864",UCC1,2,,12/07/2000
North American Dev Group Inc,360 S Rsemary Ave Ste 400,West Palm Beach,FL,33401-6052,6052,"NORTH AMERICAN DEVELOPMENT GROUP, INC.",360 S Rosemary Ave Ste 400,West Palm Beach,FL,33401-6052,,Nonresidential Building Operators,Chief Executive Officer,Ms. Tina Russel,North American Dev Group Inc,,Search1600.csv,No close match,,,,,,,,,,,,,,,,,,,,,,,
Related Ross  LLC,360 S Rsemary Ave Ste 800,West Palm Beach,FL,33401-6054,6054,"RELATED ROSS, LLC",360 S Rosemary Ave Ste 800,West Palm Beach,FL,33401-6054,,Architectural Engineering,Chief Executive Officer,Mr. Stephen M Ross,Related Ross  LLC,,Search1600.csv,No close match,,,,,,,,,,,,,,,,,,,,,,,
Sugarloaf Spine & Rehab Inc,701 S Olive Ave Apt 317,West Palm Beach,FL,33401-6107,6107,SUGARLOAF SPINE & REHAB INC,701 S Olive Ave Apt 317,West Palm Beach,FL,33401-6107,C096,Orthopedic Physician,Chief Executive Officer,Mr. Ross Carter,Sugarloaf Spine & Rehab Inc,https://floridaucc.com/search?text=SUGARLOAF SPINE & REHAB INC&searchOptionType=LegacySearch&searchOptionSubOption=FiledAndLapsedActualDebtorNameList&searchCategory=Standard,Search1600.csv,Filed,06/13/2020,06/13/2030,03/02/2026,202002263254,1,1,,,,,,,,,,,1,SUGARLOAF SPINE & REHAB,"701 S OLIVE AVE APT 418, WEST PALM BCH, FL, 33401",UCC1,1,,06/13/2020
Holy Trnty Epscpal Ch W Palm B,211 Trinity Pl,West Palm Beach,FL,33401-6119,6119,"HOLY TRINITY EPISCOPAL CHURCH OF WEST PALM BEACH, INC.",211 Trinity Pl,West Palm Beach,FL,33401-6119,C096,Episcopal Church,Pastor,Mr. Kenneth O'rnell,Holy Trnty Epscpal Ch W Palm B,,Search1600.csv,No close match,,,,,,,,,,,,,,,,,,,,,,,
Sda Enterprises Inc,777 S Flagler Dr Ste 600e,West Palm Beach,FL,33401-6122,6122,SDA ENTERPRISES INC,777 S Flagler Dr Ste 600e,West Palm Beach,FL,33401-6122,C026,Management Consulting Services,President,S D Abraham,Sda Enterprises Inc,,Search1600.csv,No close match,,,,,,,,,,,,,,,,,,,,,,,
Service Academy Capitl Mgt LLC,777 S Flagler Dr Ste 600e,West Palm Beach,FL,33401-6122,6122,SERVICE ACADEMY CAPITAL MANAGEMENT LLC,777 S Flagler Dr Ste 600e,West Palm Beach,FL,33401-6122,C026,Security Brokers And Dealers,Principal,Mr. Brian Sears,Service Academy Capitl Mgt LLC,,Search1600.csv,No close match,,,,,,,,,,,,,,,,,,,,,,,
Global Dynamics Capital  LLC,801 S Olive Ave Ste 114,West Palm Beach,FL,33401-6128,6128,"GLOBAL DYNAMICS CAPITAL, LLC",801 S Olive Ave Ste 114,West Palm Beach,FL,33401-6128,C096,"Lumber: Rough, Dressed, And Finished",Member,Ms. Claudia A Kajanoja,Global Dynamics Capital  LLC,"https://floridaucc.com/search?text=GLOBAL DYNAMICS CAPITAL, LLC&searchOptionType=LegacySearch&searchOptionSubOption=FiledAndLapsedActualDebtorNameList&searchCategory=Standard",Search1600.csv,Filed,06/29/2020,06/29/2030,03/02/2026,20200275892X,1,1,,,,,,,,,,,1,GLOBAL DYNAMICS CAPITAL LLC,"801 S OLIVE AVE STE 114, WEST PALM BCH, FL, 33401",UCC1,1,,06/29/2020
Audrey Martin Gruss Foundation,777 S Flagler Dr Ste 801e,West Palm Beach,FL,33401-6134,6134,AUDREY & MARTIN GRUSS FOUNDATION,777 S Flagler Dr Ste 801e,West Palm Beach,FL,33401-6134,,Charitable Organization,President,Ms. Audrey Gruss,Audrey Martin Gruss Foundation,,Search1600.csv,No close match,,,,,,,,,,,,,,,,,,,,,,,
Harris Trust Company Florida,777 S Flagler St Ste 140,West Palm Beach,FL,33401-6139,6139,HARRIS TRUST COMPANY OF FLORIDA,777 S Flagler Dr Ste 140,West Palm Beach,FL,33401-6139,,Nondeposit Trust Facilities,President,Mr. John M Stewart,Harris Trust Company Florida,https://floridaucc.com/search?text=HARRIS TRUST COMPANY OF FLORIDA&searchOptionType=LegacySearch&searchOptionSubOption=FiledAndLapsedActualDebtorNameList&searchCategory=Standard,Search1600.csv,Lapsed,01/08/2001,01/08/2006,03/02/2026,200100006084,1,1,,,,,,,,,,,4,HARRIS TRUST/BANK OF MONTREAL,"777 S FLAGER DR, WEST PALM BEACH, FL, 33401",UCC1,1,,01/08/2001
Fox Rostchild,222 Lake View Ave Ste 700,West Palm Beach,FL,33401-6148,6148,FOX ROSTCHILD,222 Lakeview Ave Ste 700,West Palm Beach,FL,33401-6148,,Taxation Law,Principal,Mr. Jerald David,Fox Rostchild,,Search1600.csv,No close match,,,,,,,,,,,,,,,,,,,,,,,
Sanders Capital  LLC,777 S Flgler Dr Ste 1100e,West Palm Beach,FL,33401-6153,6153,"SANDERS CAPITAL, LLC",777 S Flagler Dr Ste 1100e,West Palm Beach,FL,33401-6153,,Investment Advisory Service,Managing Member,Mr. Lewis Sanders,Sanders Capital  LLC,,Search1600.csv,No close match,,,,,,,,,,,,,,,,,,,,,,,
Generationx Enterprises,777 S Flagler Dr Ste 800,West Palm Beach,FL,33401-6161,6161,"GENERATIONX ENTERPRISES AND SERVICES UNLIMITED, LLC",777 S Flagler Dr Ste 800w,West Palm Beach,FL,33401-6161,C026,Management Consulting Services,Member,Mr. Thomas Valbrun,Generationx Enterprises,,Search1600.csv,No close match,,,,,,,,,,,,,,,,,,,,,,,
Academy Medical Inc,777 S Flagler Dr Ste 800,West Palm Beach,FL,33401-6161,6161,ACADEMY MEDICAL INC,777 S Flagler Dr Ste 800,West Palm Beach,FL,33401-6161,C026,Medical Equipment And Supplies,Managing Member,Mr. Daniel M Shaw,Academy Medical Inc,https://floridaucc.com/search?text=ACADEMY MEDICAL INC&searchOptionType=LegacySearch&searchOptionSubOption=FiledAndLapsedActualDebtorNameList&searchCategory=Standard,Search1600.csv,Filed,01/19/2024,01/19/2029,03/02/2026,202400169789,2,1,,,,,,,,,,,6,"FLIGHTLINE, LLC","110 FRONT STREET SUITE 300, JUPITER, FL, 33477",UCC1,3,,01/19/2024
A F I Consortium,777 S Flagger Dr Ste 800,West Palm Beach,FL,33401-6161,6161,A F I CONSORTIUM,777 S Flagler Dr Ste 800,West Palm Beach,FL,33401-6161,,"Durable Goods, Nec",Partner,Ali Brown,A F I Consortium,,Search1600.csv,No close match,,,,,,,,,,,,,,,,,,,,,,,
Nexus Apt  LLC,777 S Flagler Dr Ste 800,West Palm Beach,FL,33401-6161,6161,"NEXUS APT, LLC",777 S Flagler Dr Ste 800,West Palm Beach,FL,33401-6161,,Custom Computer Programming Services,Managing Member,Leigh Jacobs,Nexus Apt  LLC,"https://floridaucc.com/search?text=NEXUS APT, LLC&searchOptionType=LegacySearch&searchOptionSubOption=FiledAndLapsedActualDebtorNameList&searchCategory=Standard",Search1600.csv,Filed,05/09/2023,05/09/2028,03/02/2026,202301270104,1,1,,,,,,,,,,,1,NEXUS APT LLC,"777 S FLAGLER DR STE 800W, WEST PALM BEACH, FL, 33401",UCC1,1,,05/09/2023
New Synagogue Palm Beach  Inc,777 S Flagler Dr,West Palm Beach,FL,33401-6161,6161,"NEW SYNAGOGUE OF PALM BEACH, INC.",777 S Flagler Dr,West Palm Beach,FL,33401-6161,,Synagogue,Principal,Mr. Reuven Blank,New Synagogue Palm Beach  Inc,,Search1600.csv,No close match,,,,,,,,,,,,,,,,,,,,,,,
Eureka Investment Holdings Inc,777 S Flgler Dr Ste 800 W,West Palm Beach,FL,33401-6163,6163,"EUREKA INVESTMENT HOLDINGS, INC.",777 S Flagler Dr Ste 800w,West Palm Beach,FL,33401-6163,,Passenger Transportation Arrangement,President,Keish Thomas,Eureka Investment Holdings Inc,,Search1600.csv,No close match,,,,,,,,,,,,,,,,,,,,,,,
Circuit Transit Inc,777 S Flagler Dr Ste 800w,West Palm Beach,FL,33401-6163,6163,CIRCUIT TRANSIT INC.,777 S Flagler Dr Ste 800w,West Palm Beach,FL,33401-6163,C026,Physical Fitness Facilities,Principal,Mr. James Mirras,Circuit Transit Inc,https://floridaucc.com/search?text=CIRCUIT TRANSIT INC.&searchOptionType=LegacySearch&searchOptionSubOption=FiledAndLapsedActualDebtorNameList&searchCategory=Standard,Search1600.csv,Lapsed,07/25/2020,07/25/2025,03/02/2026,202003659208,1,1,,,,,,,,,,,1,CIRCUIT TRANSIT INC,"777 S FLAGLER DR, SUITE 800W, WEST PALM BEACH, FL, 33401",UCC1,1,,07/25/2020
Concierge Auctions  LLC,777 S Flagler Dr Ste 800w,West Palm Beach,FL,33401-6163,6163,"CONCIERGE AUCTIONS, LLC",777 S Flagler Dr Ste 800w,West Palm Beach,FL,33401-6163,,"Auctioneers, Fee Basis",Member,Mr. George Graham,Concierge Auctions  LLC,"https://floridaucc.com/search?text=CONCIERGE AUCTIONS, LLC&searchOptionType=LegacySearch&searchOptionSubOption=FiledAndLapsedActualDebtorNameList&searchCategory=Standard",Search1600.csv,Lapsed,11/21/2008,11/21/2013,03/02/2026,200809572387,0,1,,,,,,,,,,,1,CONCIERGE AUCTIONS LLC,"1517 STATE STREET, STE 202, SARASOTA, FL, 34236",UCC1,1,,11/21/2008
Pure Distribution US LLC,777 S Flagler Dr Ste 800w,West Palm Beach,FL,33401-6163,6163,PURE DISTRIBUTION US LLC,777 S Flagler Dr Ste 800w,West Palm Beach,FL,33401-6163,C026,"Nondurable Goods, Nec",Chief Executive Officer,Mr. David Lomnitz,Pure Distribution US LLC,https://floridaucc.com/search?text=PURE DISTRIBUTION US LLC&searchOptionType=LegacySearch&searchOptionSubOption=FiledAndLapsedActualDebtorNameList&searchCategory=Standard,Search1600.csv,Lapsed,04/16/2020,04/16/2025,03/02/2026,20200138144X,1,1,,,,,,,,,,,1,PURE DISTRIBUTION US LLC,"777 SOUTH FLAGLER DRIVE, SUITE 800 WEST TOWER, WEST PALM BEACH, FL, 33401",UCC1,1,,04/16/2020
Beach Capital Management LLC,777 S Flagler Dr Ste 800w,West Palm Beach,FL,33401-6163,6163,BEACH CAPITAL MANAGEMENT LLC,777 S Flagler Dr Ste 800w,West Palm Beach,FL,33401-6163,C026,Investment Advisory Service,Member,S D Abraham,Beach Capital Management LLC,,Search1600.csv,No close match,,,,,,,,,,,,,,,,,,,,,,,
Dock Street Asset Mgt Inc,777 S Flagler Dr Ste 800w,West Palm Beach,FL,33401-6163,6163,"DOCK STREET ASSET MANAGEMENT, INC.",777 S Flagler Dr Ste 800w,West Palm Beach,FL,33401-6163,C026,Investment Advisory Service,President,Mr. Daniel A Ogden,Dock Street Asset Mgt Inc,,Search1600.csv,No close match,,,,,,,,,,,,,,,,,,,,,,,
Christy S Etheredge,777 S Flagler Dr Ste 300e,West Palm Beach,FL,33401-6167,6167,CHRISTY S ETHEREDGE,777 S Flagler Dr Ste 300e,West Palm Beach,FL,33401-6167,,"General Practice Attorney, Lawyer",Principal,Christy Etheredge,Christy S Etheredge,,Search1600.csv,No close match,,,,,,,,,,,,,,,,,,,,,,,
Kochman & Ziska Plc,222 Lakeview Ave Ste 1500,West Palm Beach,FL,33401-6174,6174,KOCHMAN & ZISKA PLC,222 Lakeview Ave Ste 1500,West Palm Beach,FL,33401-6174,C096,"General Practice Attorney, Lawyer",Member,Mr. Ronald S Kochman,Kochman & Ziska Plc,https://floridaucc.com/search?text=KOCHMAN & ZISKA PLC&searchOptionType=LegacySearch&searchOptionSubOption=FiledAndLapsedActualDebtorNameList&searchCategory=Standard,Search1600.csv,Lapsed,08/24/2010,08/24/2015,03/02/2026,201003090085,0,1,,,,,,,,,,,1,KOCHMAN & ZISKA PLC,"222 LAKEVIEW AVE STE 950, WEST PALM BEACH, FL, 33401-6173",UCC1,1,,08/24/2010
Cl Parent Holdings  LLC,222 Lakeview Ave Ste 1660,West Palm Beach,FL,33401-6174,6174,"CL PARENT HOLDINGS, LLC",222 Lakeview Ave Ste 1660,West Palm Beach,FL,33401-6174,C096,Cargo Loading And Unloading Services,Managing Member,Mr. Mark Nix,Cl Parent Holdings  LLC,,Search1600.csv,No close match,,,,,,,,,,,,,,,,,,,,,,,
Grayson Enterprises  Inc,801 S Olive Ave Unit 707,West Palm Beach,FL,33401-6186,6186,"GRAYSON ENTERPRISES, INC.",801 S Olive Ave Unit 707,West Palm Beach,FL,33401-6186,,Roofing Contractor,Chief Executive Officer,Ms. Kimberly Young,Grayson Enterprises  Inc,,Search1600.csv,No close match,,,,,,,,,,,,,,,,,,,,,,,
J W Anderson Co,605 S Olive Ave,West Palm Beach,FL,33401-6196,6196,J W ANDERSON CO,605 S Olive Ave,West Palm Beach,FL,33401-6196,,"Builders' Hardware, Nec",President,Mr. James W Anderson,J W Anderson Co,,Search1600.csv,No close match,,,,,,,,,,,,,,,,,,,,,,,
Kolter Signature Homes GA LLC,701 S Olive Ave Ste 104,West Palm Beach,FL,33401-6197,6197,KOLTER SIGNATURE HOMES GA LLC,701 S Olive Ave Apt 104,West Palm Beach,FL,33401-6197,C096,Single-Family Housing Construction,Member,Mr. John Csapo,Kolter Signature Homes GA LLC,,Search1600.csv,No close match,,,,,,,,,,,,,,,,,,,,,,,
Panel Electric Inc,1044 Charlotte Ave,West Palm Beach,FL,33401-6204,6204,PANEL ELECTRIC INC.,1044 Charlotte Ave,West Palm Beach,FL,33401-6204,C023,General Electrical Contractor,President,Mr. James Mccarroll,Panel Electric Inc,,Search1600.csv,No close match,,,,,,,,,,,,,,,,,,,,,,,
Jfm Motorcars Inc,1023 Okeechobee Rd,West Palm Beach,FL,33401-6210,6210,JFM MOTORCARS INC,1023 Okeechobee Rd,West Palm Beach,FL,33401-6210,,New And Used Car Dealers,President,Mr. Enrique Gochicoa,Jfm Motorcars Inc,https://floridaucc.com/search?text=JFM MOTORCARS INC&searchOptionType=LegacySearch&searchOptionSubOption=FiledAndLapsedActualDebtorNameList&searchCategory=Standard,Search1600.csv,Lapsed,04/18/2018,04/18/2023,03/02/2026,201804900581,0,1,,,,,,,,,,,1,JFM MOTORCARS INC,"7052 OAKMONT DR., LAKE WORTH, FL, 33467",UCC1,1,,04/18/2018
City Soccer LLC,1016 Clare Ave Ste 1,West Palm Beach,FL,33401-6219,6219,CITY SOCCER L.L.C.,1016 Clare Ave Ste 1,West Palm Beach,FL,33401-6219,C034,Soccer Club,Principal,Mr. Boris Jofre,City Soccer LLC,https://floridaucc.com/search?text=CITY SOCCER L.L.C.&searchOptionType=LegacySearch&searchOptionSubOption=FiledAndLapsedActualDebtorNameList&searchCategory=Standard,Search1600.csv,Filed,09/05/2020,09/05/2030,03/02/2026,202004588495,1,1,,,,,,,,,,,1,CITY SOCCER L.L.C,"1016 CLARE AVENUE, UNIT 4, WEST PALM BEACH, FL, 33401",UCC1,1,,09/05/2020
Silver  Bass & Brams  PA,500 S Australian Ave,West Palm Beach,FL,33401-6220,6220,"SILVER, BASS & BRAMS, P.A.",500 S Australian Ave Ste 800,West Palm Beach,FL,33401-6220,C023,"General Practice Attorney, Lawyer",President,Mr. Scott A Silver,Silver  Bass & Brams  PA,,Search1600.csv,No close match,,,,,,,,,,,,,,,,,,,,,,,
Clarfeld Okon Slmone Pincus Pl,500 S Australian Ave,West Palm Beach,FL,33401-6223,6223,"CLARFIELD, OKON, SALOMONE & PINCUS, P.L.",500 S Australian Ave Ste 730,West Palm Beach,FL,33401-6223,C023,"General Practice Attorney, Lawyer",Principal,Mr. Kenneth L Salomone,Clarfeld Okon Slmone Pincus Pl,"https://floridaucc.com/search?text=CLARFIELD, OKON, SALOMONE & PINCUS, P.L.&searchOptionType=LegacySearch&searchOptionSubOption=FiledAndLapsedActualDebtorNameList&searchCategory=Standard",Search1600.csv,Lapsed,12/26/2012,12/26/2017,03/02/2026,201208132561,0,1,,,,,,,,,,,1,"CLARFIELD, OKON, SALOMONE & PINCUS, P.L.","500 S AUSTRAILIAN AVE STE 730, WEST PALM BEACH, FL, 33401",UCC1,3,,12/26/2012
Cockett Marine Oil US  Inc,500 S Australian Ave,West Palm Beach,FL,33401-6223,6223,"COCKETT MARINE OIL US, INC.",500 S Australian Ave Ste 705,West Palm Beach,FL,33401-6223,C023,Fuel Oil,President,Mr. Thomas Ireland,Cockett Marine Oil US  Inc,,Search1600.csv,No close match,,,,,,,,,,,,,,,,,,,,,,,
500 Clearlake Plaza,500 S Australian Ave,West Palm Beach,FL,33401-6223,6223,500 CLEARLAKE PLAZA,500 S Australian Ave Ste 710,West Palm Beach,FL,33401-6223,C023,Management Services,Principal,Mr. Herbert F Kahlert,500 Clearlake Plaza,,Search1600.csv,No close match,,,,,,,,,,,,,,,,,,,,,,,
Security Idntfction Systems Co,500 S Australian Ave,West Palm Beach,FL,33401-6223,6223,SECURITY IDENTIFICATION SYSTEMS CORPORATION,500 S Australian Ave,West Palm Beach,FL,33401-6223,C023,Safety And Security Specialization,Chief Executive Officer,Mr. Anthony R Zagami,Security Idntfction Systems Co,,Search1600.csv,No close match,,,,,,,,,,,,,,,,,,,,,,,
Palm Bch Fin & Cnstr Group Inc,500 S Australian Ave,West Palm Beach,FL,33401-6223,6223,"PALM BEACH FINANCE & CONSTRUCTION GROUP, INC.",500 S Australian Ave Ste 600,West Palm Beach,FL,33401-6223,C023,"Residential Construction, Nec",President,Henryk S Kusinksi,Palm Bch Fin & Cnstr Group Inc,,Search1600.csv,No close match,,,,,,,,,,,,,,,,,,,,,,,
Camelot Ventures/Ce LLC,222 Lakeview Ave Ste 1550,West Palm Beach,FL,33401-6229,6229,CAMELOT VENTURES/CE L.L.C.,222 Lakeview Ave Ste 1550,West Palm Beach,FL,33401-6229,C096,"Investment Offices, Nec",Member,Mr. Steve Cicurel,Camelot Ventures/Ce LLC,,Search1600.csv,No close match,,,,,,,,,,,,,,,,,,,,,,,
Marriott West Palm Beach,630 Clearwater Park Rd,West Palm Beach,FL,33401-6232,6232,MARRIOTT WEST PALM BEACH,630 Clearwater Park Rd,West Palm Beach,FL,33401-6232,C023,Resort Hotel,Principal,Jackie Terry,Marriott West Palm Beach,,Search1600.csv,No close match,,,,,,,,,,,,,,,,,,,,,,,
Blue Sky Jets Inc,500 S Australian Ave,West Palm Beach,FL,33401-6235,6235,SKY BLUE JETS INC,500 S Australian Ave Ste 625,West Palm Beach,FL,33401-6235,C023,Flying Charter Service,President,Mr. David Levy,Blue Sky Jets Inc,https://floridaucc.com/search?text=SKY BLUE JETS INC&searchOptionType=LegacySearch&searchOptionSubOption=FiledAndLapsedActualDebtorNameList&searchCategory=Standard,Search1600.csv,Filed,06/08/2020,06/08/2030,03/02/2026,202002111179,1,1,,,,,,,,,,,1,BLUE SKY JETS INC.,"500 S AUSTRALIAN AVE STE 120, WEST PALM BCH, FL, 33401",UCC1,1,,06/08/2020
Lavish Ice Cream LLC,500 S Astrlian Ave Ste 60,West Palm Beach,FL,33401-6237,6237,LAVISH ICE CREAM LLC,500 S Australian Ave Ste 600,West Palm Beach,FL,33401-6237,,Ice Cream And Frozen Desserts,,Ms. Bianca N Mcdaniel,Lavish Ice Cream LLC,,Search1600.csv,No close match,,,,,,,,,,,,,,,,,,,,,,,
Pi Global  Inc,500 S Astrlian Ave Ste 60,West Palm Beach,FL,33401-6237,6237,"PI GLOBAL, INC.",500 S Australian Ave Ste 600,West Palm Beach,FL,33401-6237,,Medical And Hospital Equipment,Principal,Mr. Michael Skellern,Pi Global  Inc,,Search1600.csv,No close match,,,,,,,,,,,,,,,,,,,,,,,
Dab USA LLC,500 S Astrlian Ave Ste 60,West Palm Beach,FL,33401-6237,6237,DAB USA LLC,500 S Australian Ave Ste 600,West Palm Beach,FL,33401-6237,,Marketing Consulting Services,Chief Executive Officer,Ms. Daniela Baran,Dab USA LLC,,Search1600.csv,No close match,,,,,,,,,,,,,,,,,,,,,,,
Litestream Holdings  LLC,500 S Astrlian Ave Ste 64,West Palm Beach,FL,33401-6241,6241,"LITESTREAM HOLDINGS, LLC",500 S Australian Ave Ste 648,West Palm Beach,FL,33401-6241,,Cable Television Services,Member,Mr. Paul Rhodes,Litestream Holdings  LLC,"https://floridaucc.com/search?text=LITESTREAM HOLDINGS, LLC&searchOptionType=LegacySearch&searchOptionSubOption=FiledAndLapsedActualDebtorNameList&searchCategory=Standard",Search1600.csv,Lapsed,03/19/2012,03/19/2022,03/02/2026,201206381742,2,1,,,,,,,,,,,1,"LITESTREAM HOLDINGS, LLC","500 AUSTRALIAN AVENUE SOUTH, SUITE 120, WEST PALM BEACH, FL, 33401",UCC1,4,,03/19/2012
Goldstein & Jette,500 S Astrlian Ave Ste 72,West Palm Beach,FL,33401-6246,6246,GOLDSTEIN & JETTE,500 S Australian Ave Ste 720,West Palm Beach,FL,33401-6246,,Criminal Law,Partner,Mr. Christopher R Jette,Goldstein & Jette,,Search1600.csv,No close match,,,,,,,,,,,,,,,,,,,,,,,
Clear T  LLC,500 S Astrlian Ave Ste 71,West Palm Beach,FL,33401-6246,6246,"CLEAR T, LLC",500 S Australian Ave Ste 710,West Palm Beach,FL,33401-6246,,Management Services,Managing Member,Mr. Herbert F Kahlert,Clear T  LLC,"https://floridaucc.com/search?text=CLEAR T, LLC&searchOptionType=LegacySearch&searchOptionSubOption=FiledAndLapsedActualDebtorNameList&searchCategory=Standard",Search1600.csv,Lapsed,12/10/2001,12/10/2011,03/02/2026,200190523970,3,1,,,,,,,,,,,2,"CLEAR T, LLC","1555 PALM BEACH LAKES BLVD., SUITE 1208, WEST PALM BEACH, FL, 33401",UCC1,6,,12/10/2001
Hierarchy Group LLC,700 S Rsemary Ave Ste 204,West Palm Beach,FL,33401-6310,6310,HIERARCHY GROUP LLC,700 S Rosemary Ave Ste 204,West Palm Beach,FL,33401-6310,,Marketing Consulting Services,Managing Member,Jules Metelus,Hierarchy Group LLC,https://floridaucc.com/search?text=HIERARCHY GROUP LLC&searchOptionType=LegacySearch&searchOptionSubOption=FiledAndLapsedActualDebtorNameList&searchCategory=Standard,Search1600.csv,Filed,10/04/2022,10/04/2027,03/02/2026,202203206386,0,1,,,,,,,,,,,1,HIERARCHY GROUP LLC,"11320 FORTUNE CIR STE 25, WELLINGTON, FL, 33414",UCC1,1,,10/04/2022
Henley USA  LLC,700 S Rosemary Ave,West Palm Beach,FL,33401-6310,6310,"HENLEY USA, LLC",700 S Rosemary Ave,West Palm Beach,FL,33401-6310,C042,"Investors, Nec",Managing Member,Mr. Garrett Solomon,Henley USA  LLC,,Search1600.csv,No close match,,,,,,,,,,,,,,,,,,,,,,,
Almased USA  Inc,700 S Rsemary Ave Ste 204,West Palm Beach,FL,33401-6310,6310,"ALMASED USA, INC.",700 S Rosemary Ave Ste 204,West Palm Beach,FL,33401-6310,,Health Foods,President,Mr. Andre Trouille,Almased USA  Inc,,Search1600.csv,No close match,,,,,,,,,,,,,,,,,,,,,,,
Blue Hero Inc,700 S Rsemary Ave Ste 204,West Palm Beach,FL,33401-6310,6310,BLUE HERO INC,700 S Rosemary Ave Ste 204,West Palm Beach,FL,33401-6310,,Custom Computer Programming Services,Chief Executive Officer,Everton D Santos,Blue Hero Inc,,Search1600.csv,No close match,,,,,,,,,,,,,,,,,,,,,,,
Junior Achvment Of Palm Bches,700 S Rsemary Ave Ste 204,West Palm Beach,FL,33401-6310,6310,"JUNIOR ACHIEVEMENT OF THE PALM BEACHES & TREASURE COAST, INC.",700 S Rosemary Ave Ste 204,West Palm Beach,FL,33401-6310,,Youth Center,President,Ms. Claudia K Barto,Junior Achvment Of Palm Bches,,Search1600.csv,No close match,,,,,,,,,,,,,,,,,,,,,,,
Dezyn 360  Inc,700 S Rosemary Ave,West Palm Beach,FL,33401-6313,6313,"DEZYN 360, INC.",700 S Rosemary Ave,West Palm Beach,FL,33401-6313,,Computer Integrated Systems Design,President,Ms. Felicia Simoes,Dezyn 360  Inc,,Search1600.csv,No close match,,,,,,,,,,,,,,,,,,,,,,,
Cityplace Retail  LLC,700 S Rosemary Ave,West Palm Beach,FL,33401-6313,6313,"CITYPLACE RETAIL, LLC",700 S Rosemary Ave,West Palm Beach,FL,33401-6313,C042,"Department Stores, Discount",Member,Mr. Ryan Hallihan,Cityplace Retail  LLC,"https://floridaucc.com/search?text=CITYPLACE RETAIL, LLC&searchOptionType=LegacySearch&searchOptionSubOption=FiledAndLapsedActualDebtorNameList&searchCategory=Standard",Search1600.csv,Lapsed,12/22/1998,12/22/2003,03/02/2026,980000283281,3,1,,,,,,,,,,,1,CITYPLACE RETAIL L L C,"625 MADISON AVE, NEW YORK, NY",UCC1,20,,12/22/1998
Blue Ocean Physical Pdts LLC,700 S Rosemary Ave,West Palm Beach,FL,33401-6313,6313,BLUE OCEAN PHYSICAL PRODUCTS LLC,700 S Rosemary Ave Ste 204,West Palm Beach,FL,33401-6313,C042,"Investment Firm, General Brokerage",President,Mr. Gerard Weigand,Blue Ocean Physical Pdts LLC,,Search1600.csv,No close match,,,,,,,,,,,,,,,,,,,,,,,
Young Sngers Of Palm Bches Inc,701 Okeechobee Blvd,West Palm Beach,FL,33401-6323,6323,"YOUNG SINGERS OF THE PALM BEACHES, INC.",701 Okeechobee Blvd,West Palm Beach,FL,33401-6323,,Music School,President,Ms. Laura Thomas,Young Sngers Of Palm Bches Inc,,Search1600.csv,No close match,,,,,,,,,,,,,,,,,,,,,,,
Jwb Elite LLC,700 S Rsemary Ave Ste 200,West Palm Beach,FL,33401-6337,6337,JWB ELITE L.L.C.,700 S Rosemary Ave Ste 200,West Palm Beach,FL,33401-6337,,Facilities Support Services,Chief Executive Officer,Jas Washingtobrown,Jwb Elite LLC,,Search1600.csv,No close match,,,,,,,,,,,,,,,,,,,,,,,
Ink & Toner USA LLC,550 Okchbee Blvd Apt 1513,West Palm Beach,FL,33401-6340,6340,INK & TONER USA LLC,550 Okeechobee Blvd Apt 1513,West Palm Beach,FL,33401-6340,,"Office Supplies, Nec",Vice-President,Mr. Bob Bloom,Ink & Toner USA LLC,,Search1600.csv,No close match,,,,,,,,,,,,,,,,,,,,,,,
Comvest Capital Advisors  LLC,525 Okeechobee Blvd,West Palm Beach,FL,33401-6351,6351,"COMVEST CAPITAL ADVISORS, LLC",525 Okeechobee Blvd Ste 1050,West Palm Beach,FL,33401-6351,C042,Flotation Companies,Member,Mr. Cecilio Rodriguez,Comvest Capital Advisors  LLC,,Search1600.csv,No close match,,,,,,,,,,,,,,,,,,,,,,,
Woerner Holdings  LP,525 Okchobee Blvd Ste 720,West Palm Beach,FL,33401-6353,6353,"WOERNER HOLDINGS, L.P.",525 Okeechobee Blvd Ste 720,West Palm Beach,FL,33401-6353,,Sod Farms,Chairman Of The Board,Mr. Lester J Woerner,Woerner Holdings  LP,,Search1600.csv,No close match,,,,,,,,,,,,,,,,,,,,,,,
Clearsky Advisors LLC,525 Okchobee Blvd Ste 800,West Palm Beach,FL,33401-6354,6354,CLEARSKY ADVISORS LLC,525 Okeechobee Blvd Ste 800,West Palm Beach,FL,33401-6354,,"Investors, Nec",General Counsel,Mr. Nick Buford,Clearsky Advisors LLC,,Search1600.csv,No close match,,,,,,,,,,,,,,,,,,,,,,,
Intech Investment Management,525 Okchbee Blvd Ste 1800,West Palm Beach,FL,33401-6355,6355,INTECH INVESTMENT MANAGEMENT,525 Okeechobee Blvd Ste 1800,West Palm Beach,FL,33401-6355,,Investment Advisory Service,Chief Executive Officer,Mr. Robert Garvy,Intech Investment Management,https://floridaucc.com/search?text=INTECH INVESTMENT MANAGEMENT&searchOptionType=LegacySearch&searchOptionSubOption=FiledAndLapsedActualDebtorNameList&searchCategory=Standard,Search1600.csv,Lapsed,11/01/2016,11/01/2021,03/02/2026,201609292977,0,1,,,,,,,,,,,1,INTECH INVESTMENT MANAGEMENT,"525 OKEECHOBEE BLVD, WEST PALM BEACH, FL, 33401",UCC1,3,,11/01/2016
Land Rover Palm Beach  LLC,915 S Dixie Hwy,West Palm Beach,FL,33401-6401,6401,"LAND ROVER PALM BEACH, LLC",915 S Dixie Hwy,West Palm Beach,FL,33401-6401,C100,"Automobiles, New And Used",Manager,Jaci Massey,Land Rover Palm Beach  LLC,"https://floridaucc.com/search?text=LAND ROVER PALM BEACH, LLC&searchOptionType=LegacySearch&searchOptionSubOption=FiledAndLapsedActualDebtorNameList&searchCategory=Standard",Search1600.csv,Lapsed,07/14/2004,07/14/2009,03/02/2026,200407407004,1,1,,,,,,,,,,,1,"LAND ROVER PALM BEACH, LLC","7550 OKEECHOBEE BLVD, WEST PALM BEACH, FL, 16498",UCC1,1,,07/14/2004
Marshall E Rnker Sr Fndtion In,310 Okeechobee Blvd,West Palm Beach,FL,33401-6419,6419,"MARSHALL E. RINKER, SR. FOUNDATION, INC.",310 Okeechobee Blvd,West Palm Beach,FL,33401-6419,,Charitable Organization,President,Mr. David B Rinker,Marshall E Rnker Sr Fndtion In,,Search1600.csv,No close match,,,,,,,,,,,,,,,,,,,,,,,
Hive Home  Inc,424 Palm St,West Palm Beach,FL,33401-6443,6443,"HIVE HOME, INC.",424 Palm St,West Palm Beach,FL,33401-6443,C047,Beds And Accessories,President,Ms. Sara B Mccann,Hive Home  Inc,,Search1600.csv,No close match,,,,,,,,,,,,,,,,,,,,,,,
Mccann Design Group Inc,424 Palm St,West Palm Beach,FL,33401-6443,6443,MCCANN DESIGN GROUP INC,424 Palm St,West Palm Beach,FL,33401-6443,,Interior Designer,President,Ms. Sara Mccann,Mccann Design Group Inc,,Search1600.csv,No close match,,,,,,,,,,,,,,,,,,,,,,,
First Baptst Ch W Palm Bch Fla,1101 S Flagler Dr,West Palm Beach,FL,33401-6501,6501,"FIRST BAPTIST CHURCH OF WEST PALM BEACH, FLORIDA",1101 S Flagler Dr,West Palm Beach,FL,33401-6501,C026,Baptist Church,Administrator,Mr. Scott Crawford,First Baptst Ch W Palm Bch Fla,,Search1600.csv,No close match,,,,,,,,,,,,,,,,,,,,,,,
Lb 2 LLC,701 S Olive Ave Apt 1012,West Palm Beach,FL,33401-6506,6506,LB 2 LLC,701 S Olive Ave Apt 1012,West Palm Beach,FL,33401-6506,,Dogs,Owner,Mr. Lorenzo Borghese,Lb 2 LLC,,Search1600.csv,No close match,,,,,,,,,,,,,,,,,,,,,,,
Bristol Palm Bch Cndo Assn Inc,1100 S Flagler Dr Ste 100,West Palm Beach,FL,33401-6535,6535,THE BRISTOL PALM BEACH CONDOMINIUM ASSOCIATION INC,1100 S Flagler Dr Ste 100,West Palm Beach,FL,33401-6535,C026,Condominium Association,Principal,Mr. Allan R Adelson,Bristol Palm Bch Cndo Assn Inc,,Search1600.csv,No close match,,,,,,,,,,,,,,,,,,,,,,,
Two Roads Development LLC,1217 S Flgler Dr 2nd Fl S,West Palm Beach,FL,33401-6706,6706,TWO ROADS DEVELOPMENT LLC,1217 S Flagler Dr Ste 200,West Palm Beach,FL,33401-6706,,Real Estate Agents And Managers,Member,Taylor B Collins,Two Roads Development LLC,https://floridaucc.com/search?text=TWO ROADS DEVELOPMENT LLC&searchOptionType=LegacySearch&searchOptionSubOption=FiledAndLapsedActualDebtorNameList&searchCategory=Standard,Search1600.csv,Filed,02/16/2024,02/16/2029,03/02/2026,202400428393,0,1,,,,,,,,,,,1,TWO ROADS DEVELOPMENT LLC,"1217 S FLAGLER DR SUITE 200, WEST PALM BEACH, FL, 33401",UCC1,1,,02/16/2024
Trianon Condominium Assn Inc,1200 S Flagler Dr,West Palm Beach,FL,33401-6710,6710,"TRIANON CONDOMINIUM ASSOCIATION, INC.",1200 S Flagler Dr,West Palm Beach,FL,33401-6710,C026,Condominium Manager,General Manager,Mr. Robert V Liew,Trianon Condominium Assn Inc,,Search1600.csv,No close match,,,,,,,,,,,,,,,,,,,,,,,
Memorial Presbyterian Church,1300 S Olive Ave,West Palm Beach,FL,33401-6798,6798,MEMORIAL PRESBYTERIAN CHURCH INC,1300 S Olive Ave,West Palm Beach,FL,33401-6798,C100,Presbyterian Church,,Mr. Randy Bare,Memorial Presbyterian Church,https://floridaucc.com/search?text=MEMORIAL PRESBYTERIAN CHURCH INC&searchOptionType=LegacySearch&searchOptionSubOption=FiledAndLapsedActualDebtorNameList&searchCategory=Standard,Search1600.csv,Lapsed,07/17/1992,07/17/1997,03/02/2026,920000145032,1,1,,,,,,,,,,,1,MEMORIAL PRESBYTERIAN CHURCH,"36 SEVILLA ST, ST AUGUSTINE, FL",UCC1,1,,07/17/1992
Euro-Asian Blades  Inc,1335 Okechobee Rd Ste 100,West Palm Beach,FL,33401-6819,6819,"EURO-ASIAN BLADES, INC.",1335 Okeechobee Rd Ste 100,West Palm Beach,FL,33401-6819,,Tools,President,Mr. Scott Choe,Euro-Asian Blades  Inc,"https://floridaucc.com/search?text=EURO-ASIAN BLADES, INC.&searchOptionType=LegacySearch&searchOptionSubOption=FiledAndLapsedActualDebtorNameList&searchCategory=Standard",Search1600.csv,Filed,05/16/2014,05/16/2029,03/02/2026,20140143437X,2,1,,,,,,,,,,,1,"EURO-ASIAN BLADES, INC.","1335 OLD OKEECHOBEE RD SUITE 100, WEST PALM BEACH, FL, 33401",UCC1,1,,05/16/2014
John G Mitchell  Incorporated,1440 Okeechobee Rd,West Palm Beach,FL,33401-6824,6824,"JOHN G. MITCHELL, INCORPORATED",1440 Okeechobee Rd,West Palm Beach,FL,33401-6824,C034,"General Remodeling, Single-Family Houses",President,Mr. John G Mitchell,John G Mitchell  Incorporated,,Search1600.csv,No close match,,,,,,,,,,,,,,,,,,,,,,,
Store Room Australian Ave LLC,1401 Mercer Ave,West Palm Beach,FL,33401-6837,6837,THE STORE ROOM AUSTRALIAN AVENUE LLC,1401 Mercer Ave,West Palm Beach,FL,33401-6837,,"Storage Chests, Household: Wood",Member,Mr. James Labonte,Store Room Australian Ave LLC,,Search1600.csv,No close match,,,,,,,,,,,,,,,,,,,,,,,
Trans Coastalconstruction Co,1425 Wilkins Ave,West Palm Beach,FL,33401-6843,6843,TRANS COASTALCONSTRUCTION COMPANY,1425 Wilkins Ave,West Palm Beach,FL,33401-6843,C023,"Roofing, Siding, And Sheetmetal Work",President,Mr. Duane Burgard,Trans Coastalconstruction Co,https://floridaucc.com/search?text=TRANS COASTALCONSTRUCTION COMPANY&searchOptionType=LegacySearch&searchOptionSubOption=FiledAndLapsedActualDebtorNameList&searchCategory=Standard,Search1600.csv,Lapsed,04/05/1993,04/05/1998,03/02/2026,930000071692,0,1,,,,,,,,,,,1,TRANS COASTAL CONSTRUCTION COMPANY,"7630 NW 6TH STREET, BOCA RATON, FL, 33431",UCC1,2,,04/05/1993
Sloans Clematis  Inc,1652 Mercer Ave,West Palm Beach,FL,33401-6851,6851,CLEMATIS SLOAN'S INC,1652 Mercer Ave,West Palm Beach,FL,33401-6851,C034,Ice Cream Stands Or Dairy Bars,Principal,Sloan B Rita,Sloans Clematis  Inc,,Search1600.csv,No close match,,,,,,,,,,,,,,,,,,,,,,,
Slaton Inc,1125 Clare Ave,West Palm Beach,FL,33401-6903,6903,"SLATON, INC.",1125 Clare Ave,West Palm Beach,FL,33401-6903,,"Land Subdividers And Developers, Commercial",President,Mr. Robert N Hogan,Slaton Inc,,Search1600.csv,No close match,,,,,,,,,,,,,,,,,,,,,,,
Worth Builders Palm Beach Inc,1137 Clare Ave,West Palm Beach,FL,33401-6903,6903,"WORTH BUILDERS OF PALM BEACH, INC.",1137 Clare Ave,West Palm Beach,FL,33401-6903,C034,"Residential Construction, Nec",President,Mr. Dave Chesser,Worth Builders Palm Beach Inc,"https://floridaucc.com/search?text=WORTH BUILDERS OF PALM BEACH, INC.&searchOptionType=LegacySearch&searchOptionSubOption=FiledAndLapsedActualDebtorNameList&searchCategory=Standard",Search1600.csv,Lapsed,01/08/2004,01/08/2009,03/02/2026,200405859692,1,1,,,,,,,,,,,2,WORTH BUILDERS OF PALM BEACH INC.,"1137 CLARE AVE, WEST PALM BEACH, FL, 33401",UCC1,1,,01/08/2004
Marine Engine Equipment Co,1308 Clare Ave,West Palm Beach,FL,33401-6908,6908,MARINE ENGINE EQUIPMENT COMPANY,1308 Clare Ave,West Palm Beach,FL,33401-6908,,Generator Repair,President,Mr. David R Kelso,Marine Engine Equipment Co,https://floridaucc.com/search?text=MARINE ENGINE EQUIPMENT COMPANY&searchOptionType=LegacySearch&searchOptionSubOption=FiledAndLapsedActualDebtorNameList&searchCategory=Standard,Search1600.csv,Lapsed,10/19/2000,10/19/2005,03/02/2026,200000239085,0,1,,,,,,,,,,,1,MARINE ENGINE EQUIPMENT COMPAN,"1713 N DIXIE HWY, WEST PALM BEACH, FL, 33407",UCC1,1,,10/19/2000
Davids Drapery Workroom  Inc,1138 Elizabeth Ave,West Palm Beach,FL,33401-6916,6916,"DAVID'S DRAPERY WORKROOM, INC.",1138 Elizabeth Ave,West Palm Beach,FL,33401-6916,,Draperies,President,Mr. David A Polson,Davids Drapery Workroom  Inc,"https://floridaucc.com/search?text=DAVID'S DRAPERY WORKROOM, INC.&searchOptionType=LegacySearch&searchOptionSubOption=FiledAndLapsedActualDebtorNameList&searchCategory=Standard",Search1600.csv,Lapsed,03/07/2007,03/07/2012,03/02/2026,200704982348,1,1,,,,,,,,,,,1,DAVIDS DRAPERY WORKROOM INC,"1138 ELIZABETH AVE, WEST PALM BEACH, FL, 33401",UCC1,1,,03/07/2007
Stephens & Sons Painting  Inc,1108 Elizabeth Ave,West Palm Beach,FL,33401-6916,6916,"STEPHENS & SONS PAINTING, INC.",1108 Elizabeth Ave,West Palm Beach,FL,33401-6916,C034,Residential Painting,President,Mr. Joseph B Stephens,Stephens & Sons Painting  Inc,,Search1600.csv,No close match,,,,,,,,,,,,,,,,,,,,,,,
Sheehans Towing  Inc,1253 Roebuck Ct,West Palm Beach,FL,33401-6925,6925,"SHEEHAN'S TOWING, INC.",1253 Roebuck Ct,West Palm Beach,FL,33401-6925,C034,"Towing Service, Automotive",President,Ms. Crystal Sheehan,Sheehans Towing  Inc,"https://floridaucc.com/search?text=SHEEHAN'S TOWING, INC.&searchOptionType=LegacySearch&searchOptionSubOption=FiledAndLapsedActualDebtorNameList&searchCategory=Standard",Search1600.csv,Lapsed,06/10/1996,06/10/2001,03/02/2026,960000119752,1,1,,,,,,,,,,,1,SHEEHANS TOWING INC,"1117 CLARE AVE, WEST PALM BEACH, FL, 33401",UCC1,1,,06/10/1996
Griffin Auto Care  Inc,1241 Roebuck Ct,West Palm Beach,FL,33401-6925,6925,"GRIFFIN AUTO CARE, INC.",1241 Roebuck Ct,West Palm Beach,FL,33401-6925,,General Automotive Repair Shops,President,Mr. William Griffin,Griffin Auto Care  Inc,"https://floridaucc.com/search?text=GRIFFIN AUTO CARE, INC.&searchOptionType=LegacySearch&searchOptionSubOption=FiledAndLapsedActualDebtorNameList&searchCategory=Standard",Search1600.csv,Filed,04/23/2021,04/23/2026,03/02/2026,202106868548,1,1,,,,,,,,,,,1,GRIFFIN AUTO CARE INC,"1241 ROEBUCK CT, WEST PALM BEACH, FL, 33401",UCC1,1,,04/23/2021
Marker Group  LLC,1250 Elizabeth Ave,West Palm Beach,FL,33401-6927,6927,THE MARKER GROUP LLC,1250 Elizabeth Ave,West Palm Beach,FL,33401-6927,,"Residential Construction, Nec",Member,Mr. Walter G Marker,Marker Group  LLC,,Search1600.csv,No close match,,,,,,,,,,,,,,,,,,,,,,,
Bottom Line Black Inc,1250 Elizabeth Ave Ste 2,West Palm Beach,FL,33401-6929,6929,BOTTOM LINE BLACK INC.,1250 Elizabeth Ave Ste 2,West Palm Beach,FL,33401-6929,,Advertising Consultant,President,Jackie Brooks,Bottom Line Black Inc,https://floridaucc.com/search?text=BOTTOM LINE BLACK INC.&searchOptionType=LegacySearch&searchOptionSubOption=FiledAndLapsedActualDebtorNameList&searchCategory=Standard,Search1600.csv,Filed,02/28/2023,02/28/2028,03/02/2026,202300549717,0,1,,,,,,,,,,,2,"BOTTOM LINE BLACK, INC.","3300 FAIRCHILD GARDENS AVENUE, #33329, PALM BEACH GARDENS, FL, 33420",UCC1,1,,02/28/2023
Marathon Mold Inc,1615 Elizabeth Ave,West Palm Beach,FL,33401-6931,6931,MARATHON MOLD INC.,1615 Elizabeth Ave,West Palm Beach,FL,33401-6931,C034,Injection Molding Of Plastics,Principal,Mr. Timothy Demming,Marathon Mold Inc,https://floridaucc.com/search?text=MARATHON MOLD INC.&searchOptionType=LegacySearch&searchOptionSubOption=FiledAndLapsedActualDebtorNameList&searchCategory=Standard,Search1600.csv,Lapsed,04/13/1998,04/13/2008,03/02/2026,980000080744,1,1,,,,,,,,,,,1,MARATHON MOLD INC,"1922 7TH AVE N, LAKE WORTH, FL, 33461",UCC1,1,,04/13/1998
We Buy Scrap LLC,1141 Okeechobee Rd,West Palm Beach,FL,33401-6942,6942,WE BUY SCRAP LLC,1141 Okeechobee Rd,West Palm Beach,FL,33401-6942,C023,Metal Scrap And Waste Materials,Managing Member,Mr. Eric Hellems,We Buy Scrap LLC,https://floridaucc.com/search?text=WE BUY SCRAP LLC&searchOptionType=LegacySearch&searchOptionSubOption=FiledAndLapsedActualDebtorNameList&searchCategory=Standard,Search1600.csv,Lapsed,09/19/2013,09/19/2018,03/02/2026,201309872293,2,1,,,,,,,,,,,1,WE BUY SCRAP LLC,"7540 S MILITARY TRAIL B, LAKE WORTH, FL, 33463",UCC1,1,,09/19/2013
Alarm Club Inc,1133 Okeechobee Rd,West Palm Beach,FL,33401-6942,6942,ALARM CLUB INC.,1133 Okeechobee Rd,West Palm Beach,FL,33401-6942,C023,"Alarm Systems, Nec",President,Mr. Joseph Resenthal,Alarm Club Inc,https://floridaucc.com/search?text=ALARM CLUB INC.&searchOptionType=LegacySearch&searchOptionSubOption=FiledAndLapsedActualDebtorNameList&searchCategory=Standard,Search1600.csv,Filed,11/01/2022,11/01/2027,03/02/2026,202203492900,0,1,,,,,,,,,,,1,ALARM CLUB INC.,"1133 OKEECHOBEE RD, WEST PALM BEACH, FL, 334016942",UCC1,1,,11/01/2022
Angelocci Electric  Inc,1124 Okeechobee Rd,West Palm Beach,FL,33401-6943,6943,"ANGELOCCI ELECTRIC, INC.",1124 Okeechobee Rd,West Palm Beach,FL,33401-6943,,General Electrical Contractor,President,Mr. Kenneth P Angelocci,Angelocci Electric  Inc,"https://floridaucc.com/search?text=ANGELOCCI ELECTRIC, INC.&searchOptionType=LegacySearch&searchOptionSubOption=FiledAndLapsedActualDebtorNameList&searchCategory=Standard",Search1600.csv,Filed,01/23/2017,01/23/2027,03/02/2026,201700054927,1,1,,,,,,,,,,,1,ANGELOCCI ELECTRIC INC,"1124 OKEECHOBEE RD, WEST PALM BEACH, FL, 334016943",UCC1,1,,01/23/2017
Mickeys Plumbing  Inc,1126 Okeechobee Rd,West Palm Beach,FL,33401-6943,6943,"MICKEY'S PLUMBING, INC.",1126 Okeechobee Rd,West Palm Beach,FL,33401-6943,C023,Plumbing Contractors,President,Mr. Kirk Angelocci,Mickeys Plumbing  Inc,,Search1600.csv,No close match,,,,,,,,,,,,,,,,,,,,,,,
Sweet Endings  Inc,1220 Okeechobee Rd,West Palm Beach,FL,33401-6947,6947,"SWEET ENDINGS, INC.",1220 Okeechobee Rd,West Palm Beach,FL,33401-6947,C023,Retail Bakeries,President,Ms. Judy Leibovit,Sweet Endings  Inc,"https://floridaucc.com/search?text=SWEET ENDINGS, INC.&searchOptionType=LegacySearch&searchOptionSubOption=FiledAndLapsedActualDebtorNameList&searchCategory=Standard",Search1600.csv,Lapsed,02/17/1995,02/17/2000,03/02/2026,950000033695,1,1,,,,,,,,,,,1,SWEET ENDINGS INC,"11320 FORTUNE CIR, W PALM BCH, FL",UCC1,5,,02/17/1995
Advanced Alarm Service  Inc,1253 Okeechobee Rd Ste B1,West Palm Beach,FL,33401-6951,6951,"ADVANCED ALARM SERVICE, INC.",1253 Okeechobee Rd Ste B1,West Palm Beach,FL,33401-6951,C023,Security Systems Services,President,Mr. Edward J Zimmerman,Advanced Alarm Service  Inc,"https://floridaucc.com/search?text=ADVANCED ALARM SERVICE, INC.&searchOptionType=LegacySearch&searchOptionSubOption=FiledAndLapsedActualDebtorNameList&searchCategory=Standard",Search1600.csv,Lapsed,07/15/1996,07/15/2001,03/02/2026,960000147401,0,1,,,,,,,,,,,1,ADVANCED ALARM SERVICE INC,"3700 GEORGIA AVENUE, WEST PALM BEACH, FL, 33405",UCC1,1,,07/15/1996
Stahl Motorsports  Inc,2100 Clare Ave,West Palm Beach,FL,33401-6962,6962,"STAHL MOTORSPORTS, INC.",2100 Clare Ave,West Palm Beach,FL,33401-6962,C034,Used Car Dealers,President,Mr. George D Stahl,Stahl Motorsports  Inc,"https://floridaucc.com/search?text=STAHL MOTORSPORTS, INC.&searchOptionType=LegacySearch&searchOptionSubOption=FiledAndLapsedActualDebtorNameList&searchCategory=Standard",Search1600.csv,Lapsed,12/30/1996,12/30/2001,03/02/2026,960000271521,0,1,,,,,,,,,,,1,STAHL MOTORSPORTS INC,"2100 CLARE AVENUE, WEST PALM BEACH, FL, 33401",UCC1,2,,12/30/1996
Conkling & Lewis Cnstr Inc,1241 Okeechobee Rd,West Palm Beach,FL,33401-6963,6963,"CONKLING & LEWIS CONSTRUCTION, INC.",1241 Okeechobee Rd,West Palm Beach,FL,33401-6963,C023,"Commercial And Office Building, New Construction",President,Mr. Gregory H Lewis,Conkling & Lewis Cnstr Inc,,Search1600.csv,No close match,,,,,,,,,,,,,,,,,,,,,,,
Palm Beach Glass Specialties,1717 Edgar St Frnt,West Palm Beach,FL,33401-6976,6976,"PALM BEACH GLASS SPECIALTIES, INC",1717 Edgar St Frnt,West Palm Beach,FL,33401-6976,C034,Glass And Glazing Work,President,Ms. Jodie D Kenney,Palm Beach Glass Specialties,"https://floridaucc.com/search?text=PALM BEACH GLASS SPECIALTIES, INC&searchOptionType=LegacySearch&searchOptionSubOption=FiledAndLapsedActualDebtorNameList&searchCategory=Standard",Search1600.csv,Lapsed,02/20/2008,02/20/2013,03/02/2026,200807686733,0,1,,,,,,,,,,,1,"PALM BEACH GLASS SPECIALTIES, INC.","1717 EDGAR STREET, WEST PALM BEACH, FL, 33401",UCC1,1,,02/20/2008
South Palm Construction  Inc,1146 Elizabeth Ave Ste 6,West Palm Beach,FL,33401-6994,6994,"SOUTH PALM CONSTRUCTION, INC.",1146 Elizabeth Ave Ste 6,West Palm Beach,FL,33401-6994,,"General Remodeling, Single-Family Houses",President,Mr. Charles S Adams,South Palm Construction  Inc,,Search1600.csv,No close match,,,,,,,,,,,,,,,,,,,,,,,
Robert St Croix Sclpture Stdio,1400 Alabama Ave,West Palm Beach,FL,33401-7048,7048,"ROBERT ST. CROIX SCULPTURE STUDIO & FOUNDRY, INC.",1400 Alabama Ave Ste 1,West Palm Beach,FL,33401-7048,,Copper Foundries,President,Mr. Robert S Croix,Robert St Croix Sclpture Stdio,,Search1600.csv,No close match,,,,,,,,,,,,,,,,,,,,,,,
Bahama Equipment Co,1400 Alabama Ave Ste 20,West Palm Beach,FL,33401-7048,7048,BAHAMA EQUIPMENT CO,1400 Alabama Ave Ste 20,West Palm Beach,FL,33401-7048,,"Equipment Rental And Leasing, Nec",President,Ms. Sharon Burkhardt,Bahama Equipment Co,https://floridaucc.com/search?text=BAHAMA EQUIPMENT CO&searchOptionType=LegacySearch&searchOptionSubOption=FiledAndLapsedActualDebtorNameList&searchCategory=Standard,Search1600.csv,Lapsed,12/11/1998,12/11/2003,03/02/2026,980000274343,0,1,,,,,,,,,,,1,BAHAMA EQUIPMENT CO,"1400 ALABAMA AVE STE 20, WEST PALM BEACH, FL, 33401",UCC1,1,,12/11/1998
Davis & Giardino PA,201 Arkona Ct Ste 1,West Palm Beach,FL,33401-7101,7101,DAVIS & GIARDINO PA,201 Arkona Ct Ste 1,West Palm Beach,FL,33401-7101,C100,General Practice Law Office,Chief Executive Officer,Mr. Richard Giardino,Davis & Giardino PA,,Search1600.csv,No close match,,,,,,,,,,,,,,,,,,,,,,,
Smith and Moore Architects Inc,1500 S Olive Ave Ste A,West Palm Beach,FL,33401-7142,7142,"SMITH AND MOORE ARCHITECTS, INC.",1500 S Olive Ave Ste A,West Palm Beach,FL,33401-7142,,Architectural Engineering,President,Mr. Harold J Smith,Smith and Moore Architects Inc,,Search1600.csv,No close match,,,,,,,,,,,,,,,,,,,,,,,
Armory Art Center  Inc,811 Park Place,West Palm Beach,FL,33401-7214,7214,THE ART ARMORY CENTER INC,811 Park Pl,West Palm Beach,FL,33401-7214,,Art Gallery,Executive Director,Ms. Sandra Coombs,Armory Art Center  Inc,https://floridaucc.com/search?text=THE ART ARMORY CENTER INC&searchOptionType=LegacySearch&searchOptionSubOption=FiledAndLapsedActualDebtorNameList&searchCategory=Standard,Search1600.csv,Lapsed,12/31/1996,12/31/2001,03/02/2026,960000271958,0,1,,,,,,,,,,,1,ARMORY ART CENTER INC,"1703 S LAKE AVE, WEST PALM BEACH, FL, 33401",UCC1,2,,12/31/1996
Table 26  LLC,1700 S Dixie Hwy,West Palm Beach,FL,33401-7304,7304,"TABLE 26, LLC",1700 S Dixie Hwy,West Palm Beach,FL,33401-7304,,American Restaurant,Member,Ozivaldo B Medeiros,Table 26  LLC,"https://floridaucc.com/search?text=TABLE 26, LLC&searchOptionType=LegacySearch&searchOptionSubOption=FiledAndLapsedActualDebtorNameList&searchCategory=Standard",Search1600.csv,Lapsed,12/27/2018,12/27/2023,03/02/2026,201807339007,0,1,,,,,,,,,,,1,"TABLE 26, LLC","204 WENONAH PLACE, WEST PALM BEACH, FL, 33405",UCC1,5,,12/27/2018
Casuarina Condominium Assn Inc,304 Wildermere Rd,West Palm Beach,FL,33401-7332,7332,"CASUARINA CONDOMINIUM ASSOCIATION, INC.",304 Wildermere Rd,West Palm Beach,FL,33401-7332,,Condominium Association,President,Mr. Jack Glazer,Casuarina Condominium Assn Inc,,Search1600.csv,No close match,,,,,,,,,,,,,,,,,,,,,,,
Biosculpture Technology  Inc,1701 S Flagler Dr Ste 607,West Palm Beach,FL,33401-7341,7341,"BIOSCULPTURE TECHNOLOGY, INC",1701 S Flagler Dr Apt 607,West Palm Beach,FL,33401-7341,,Surgical And Medical Instruments,Chief Executive Officer,Mr. Robert L Cucin,Biosculpture Technology  Inc,,Search1600.csv,No close match,,,,,,,,,,,,,,,,,,,,,,,
Rapallo South  Inc,1801 S Flagler Dr,West Palm Beach,FL,33401-7349,7349,"RAPALLO SOUTH, INC.",1801 S Flagler Dr,West Palm Beach,FL,33401-7349,C032,Condominium Association,President,Mr. Ted Holden,Rapallo South  Inc,"https://floridaucc.com/search?text=RAPALLO SOUTH, INC.&searchOptionType=LegacySearch&searchOptionSubOption=FiledAndLapsedActualDebtorNameList&searchCategory=Standard",Search1600.csv,Lapsed,02/02/2007,02/02/2012,03/02/2026,200704733615,0,1,,,,,,,,,,,1,"RAPALLO SOUTH, INC.","1801 S. FLAGLER DRIVE, WEST PALM BEACH, FL, 33401",UCC1,1,,02/02/2007
Hive Collections  Inc,1609 S Dixie Hwy,West Palm Beach,FL,33401-7377,7377,"HIVE COLLECTIONS, INC.",1609 S Dixie Hwy,West Palm Beach,FL,33401-7377,,"Home Related Products, Direct Sales",President,Ms. Sara B Mccann,Hive Collections  Inc,,Search1600.csv,No close match,,,,,,,,,,,,,,,,,,,,,,,
Sonneborn Rtter Cney Klngnsmit,1400 Centrepark Blvd,West Palm Beach,FL,33401-7402,7402,"SONNEBORN, RUTTER, COONEY & KLINGENSMITH PA",1400 Centrepark Blvd Ste 400,West Palm Beach,FL,33401-7402,C034,"General Practice Attorney, Lawyer",President,Ms. Barbara W Sonneborn,Sonneborn Rtter Cney Klngnsmit,,Search1600.csv,No close match,,,,,,,,,,,,,,,,,,,,,,,
Civil Design  Inc,1400 Centrepark Blvd,West Palm Beach,FL,33401-7402,7402,"CIVIL DESIGN, INC.",1400 Centrepark Blvd Ste 905,West Palm Beach,FL,33401-7402,C034,Civil Engineering,President,Mr. Thomas Trompeter,Civil Design  Inc,"https://floridaucc.com/search?text=CIVIL DESIGN, INC.&searchOptionType=LegacySearch&searchOptionSubOption=FiledAndLapsedActualDebtorNameList&searchCategory=Standard",Search1600.csv,Lapsed,11/09/2009,11/09/2014,03/02/2026,200901499224,0,1,,,,,,,,,,,1,CIVIL DESIGN INC,"120 SOUTH OLIVE AVE STE 403, WEST PALM BEACH, FL, 33401",UCC1,1,,11/09/2009
Knipes Cohen Of Florida Inc,1400 Centrepark Blvd,West Palm Beach,FL,33401-7402,7402,KNIPES COHEN OF FLORIDA INC,1400 Centrepark Blvd,West Palm Beach,FL,33401-7402,,Court Reporting Service,President,Mr. Bernard Goldstein,Knipes Cohen Of Florida Inc,https://floridaucc.com/search?text=KNIPES COHEN OF FLORIDA INC&searchOptionType=LegacySearch&searchOptionSubOption=FiledAndLapsedActualDebtorNameList&searchCategory=Standard,Search1600.csv,Lapsed,03/30/1994,03/30/1999,03/02/2026,940000063672,0,1,,,,,,,,,,,1,KNIPES COHEN OF FLORIDA INC,"1400 CENTER PARK BLVD STE 96, WEST PALM BEACH, FL, 33401",UCC1,2,,03/30/1994
Song & Associates  Inc,1545 Centrepark Dr N,West Palm Beach,FL,33401-7414,7414,"SONG & ASSOCIATES, INC.",1545 Centrepark Dr N,West Palm Beach,FL,33401-7414,C034,Architectural Engineering,President,Young-Sook P Song,Song & Associates  Inc,"https://floridaucc.com/search?text=SONG & ASSOCIATES, INC.&searchOptionType=LegacySearch&searchOptionSubOption=FiledAndLapsedActualDebtorNameList&searchCategory=Standard",Search1600.csv,Lapsed,12/17/2001,12/17/2006,03/02/2026,200190575989,1,1,,,,,,,,,,,1,"SONG & ASSOCIATES, INC.","400 AUSTRALIAN AVE S. 6TH FL., WEST PALM BEACH, FL, 33401",UCC1,2,,12/17/2001
Fort Lauderdale Auto Leasing,2633 Mercer Ave,West Palm Beach,FL,33401-7415,7415,FORT LAUDERDALE AUTO LEASING CORP,2633 Mercer Ave,West Palm Beach,FL,33401-7415,,"Automobiles, Used Cars Only",Principal,Mr. Joseph Porcelli,Fort Lauderdale Auto Leasing,https://floridaucc.com/search?text=FORT LAUDERDALE AUTO LEASING CORP&searchOptionType=LegacySearch&searchOptionSubOption=FiledAndLapsedActualDebtorNameList&searchCategory=Standard,Search1600.csv,Filed,12/19/2003,12/19/2028,03/02/2026,200305730132,12,1,,,,,,,,,,,7,FORT LAUDERDALE AUTO LEASING CORP.,"321 WEST STATE ROAD 84, FORT LAUDERDALE, FL, 33315",UCC1,1,,12/19/2003
Concord Srra W Palm Bch Assoc,1800 E Centrepark Dr,West Palm Beach,FL,33401-7417,7417,"CONCORD SIERRA WEST PALM BEACH ASSOCIATES, L.P.",1800 Centrepark Dr E,West Palm Beach,FL,33401-7417,,Resort Hotel,General Manager,Ms. Rebecca Gabriel,Concord Srra W Palm Bch Assoc,,Search1600.csv,No close match,,,,,,,,,,,,,,,,,,,,,,,
Johnson Lvnson Rgan Davila Inc,1450 Centrepark Blvd,West Palm Beach,FL,33401-7429,7429,"JOHNSON, LEVINSON, RAGAN, DAVILA, INC.",1450 Centrepark Blvd Ste 350,West Palm Beach,FL,33401-7429,C034,Consulting Engineer,President,Mr. Michael Davila,Johnson Lvnson Rgan Davila Inc,,Search1600.csv,No close match,,,,,,,,,,,,,,,,,,,,,,,
Siboney International Corp,1450 Centrepark Blvd 10,West Palm Beach,FL,33401-7429,7429,SIBONEY INTERNATIONAL CORPORATION,1450 Centrepark Blvd # 10,West Palm Beach,FL,33401-7429,C034,Factory Construction,President,Mr. Enrique J Tomeu,Siboney International Corp,https://floridaucc.com/search?text=SIBONEY INTERNATIONAL CORPORATION&searchOptionType=LegacySearch&searchOptionSubOption=FiledAndLapsedActualDebtorNameList&searchCategory=Standard,Search1600.csv,Lapsed,09/22/1986,09/22/2001,03/02/2026,1860138955,4,1,,,,,,,,,,,1,SIBONEY INTERNATIONAL CORP,"6665 PO BOX, W PALM BCH, FL, 33405",UCC1,3,,09/22/1986
Jy Security LLC,1450 Centrepark Blvd,West Palm Beach,FL,33401-7429,7429,JY SECURITY LLC,1450 Centrepark Blvd Ste 210,West Palm Beach,FL,33401-7429,C034,Guard Services,Managing Member,Mr. Jerry Ye,Jy Security LLC,,Search1600.csv,No close match,,,,,,,,,,,,,,,,,,,,,,,
Siboney Contracting Co,1450 Centrepark Blvd,West Palm Beach,FL,33401-7430,7430,SIBONEY CONTRACTING CO.,1450 Centrepark Blvd Ste 100,West Palm Beach,FL,33401-7430,C034,"Local Trucking, Without Storage",President,Mr. Enrique A Tomeu,Siboney Contracting Co,https://floridaucc.com/search?text=SIBONEY CONTRACTING CO.&searchOptionType=LegacySearch&searchOptionSubOption=FiledAndLapsedActualDebtorNameList&searchCategory=Standard,Search1600.csv,Lapsed,05/26/1992,05/26/1997,03/02/2026,920000104170,0,1,,,,,,,,,,,1,SIBONEY CONTRACTING CO,"1000 SOUTHERN BLVD, 300, WEST PALM BEACH, FL",UCC1,1,,05/26/1992
Slider Engineering Group  Inc,1450 Centrepark Blvd,West Palm Beach,FL,33401-7431,7431,"SLIDER ENGINEERING GROUP, INC.",1450 Centrepark Blvd Ste 200,West Palm Beach,FL,33401-7431,C034,Structural Engineering,President,Mr. Richard A Slider,Slider Engineering Group  Inc,"https://floridaucc.com/search?text=SLIDER ENGINEERING GROUP, INC.&searchOptionType=LegacySearch&searchOptionSubOption=FiledAndLapsedActualDebtorNameList&searchCategory=Standard",Search1600.csv,Lapsed,09/16/2003,09/16/2008,03/02/2026,200304967015,0,1,,,,,,,,,,,2,"SLIDER ENGINEERING GROUP, INC.","1800 AUSTRALIAN AVE. SOUTH, SUITE 205, WEST PALM BEACH, FL, 33409",UCC1,1,,09/16/2003
Legal Graphicworks  Inc,2475 Mercer Ave Ste 201,West Palm Beach,FL,33401-7447,7447,"LEGAL GRAPHICWORKS, INC.",2475 Mercer Ave Ste 201,West Palm Beach,FL,33401-7447,,Specialized Legal Services,President,Mr. James P Lucas,Legal Graphicworks  Inc,"https://floridaucc.com/search?text=LEGAL GRAPHICWORKS, INC.&searchOptionType=LegacySearch&searchOptionSubOption=FiledAndLapsedActualDebtorNameList&searchCategory=Standard",Search1600.csv,Filed,11/16/2021,11/16/2026,03/02/2026,202109166337,0,1,,,,,,,,,,,1,"LEGAL GRAPHICWORKS, INC.","2475 MERCER AVE STE 201, WEST PALM BEACH, FL, 334017447",UCC1,1,,11/16/2021
Blue Martini Dallas  Inc,2465 Mercer Ave Ste 302,West Palm Beach,FL,33401-7450,7450,"BLUE MARTINI DALLAS, INC.",2465 Mercer Ave Ste 302,West Palm Beach,FL,33401-7450,C034,Bar (drinking Places),General Manager,Mr. John Robledo,Blue Martini Dallas  Inc,"https://floridaucc.com/search?text=BLUE MARTINI DALLAS, INC.&searchOptionType=LegacySearch&searchOptionSubOption=FiledAndLapsedActualDebtorNameList&searchCategory=Standard",Search1600.csv,Lapsed,03/12/2013,03/12/2018,03/02/2026,201308625829,0,1,,,,,,,,,,,1,"BLUE MARTINI DALLAS, INC.","7300 NORTH DALLAS PKWY, PLANO, TX, 75024",UCC1,1,,03/12/2013
Gruber Cnsulting Engineers Inc,2475 Mercer Ave Ste 305,West Palm Beach,FL,33401-7452,7452,"GRUBER CONSULTING ENGINEERS, INC.",2475 Mercer Ave Ste 305,West Palm Beach,FL,33401-7452,C034,Consulting Engineer,President,Mr. Chad M Gruber,Gruber Cnsulting Engineers Inc,"https://floridaucc.com/search?text=GRUBER CONSULTING ENGINEERS, INC.&searchOptionType=LegacySearch&searchOptionSubOption=FiledAndLapsedActualDebtorNameList&searchCategory=Standard",Search1600.csv,Lapsed,08/01/2014,08/01/2024,03/02/2026,201401925365,2,1,,,,,,,,,,,2,"CLIFFORD HOLDINGS, LLC","2465 MERCER AVENUE, SUITE 206, WEST PALM BEACH, FL, 33401",UCC1,4,,08/01/2014
Prestige AC Systems Inc,2610 Ridgeway Ave,West Palm Beach,FL,33401-7500,7500,"PRESTIGE AIR CONDITIONING SYSTEMS, INC.",2610 Ridgeway Ave,West Palm Beach,FL,33401-7500,C050,Warm Air Heating And Air Conditioning Contractor,President,Mr. Scott Golloub,Prestige AC Systems Inc,,Search1600.csv,No close match,,,,,,,,,,,,,,,,,,,,,,,
David A Hennessee,626 Biscayne Dr,West Palm Beach,FL,33401-7604,7604,DAVID A HENNESSEE,626 Biscayne Dr,West Palm Beach,FL,33401-7604,,School Supplies,Owner,Mr. David A Hennessee,David A Hennessee,,Search1600.csv,No close match,,,,,,,,,,,,,,,,,,,,,,,
Reward Ltg & Fireplaces Inc,1901 S Dixie Hwy,West Palm Beach,FL,33401-7701,7701,"REWARD LIGHTING & FIREPLACES, INC.",1901 S Dixie Hwy,West Palm Beach,FL,33401-7701,,Lamps And Lamp Shades,President,Mr. John Shea,Reward Ltg & Fireplaces Inc,,Search1600.csv,No close match,,,,,,,,,,,,,,,,,,,,,,,
Ann Norton Sculpture Grdns Inc,253 Barcelona Rd,West Palm Beach,FL,33401-7707,7707,"ANN NORTON SCULPTURE GARDENS, INC.",253 Barcelona Rd,West Palm Beach,FL,33401-7707,C032,Museum,President,Mr. Roger Ward,Ann Norton Sculpture Grdns Inc,,Search1600.csv,No close match,,,,,,,,,,,,,,,,,,,,,,,
Palm Beach Day Academy,1901s Flagler Dr,West Palm Beach,FL,33401-7715,7715,PALM BEACH DAY ACADEMY,1901 S Flagler Dr,West Palm Beach,FL,33401-7715,,Private Elementary And Secondary Schools,Director,Mr. Edwin Gordon,Palm Beach Day Academy,https://floridaucc.com/search?text=PALM BEACH DAY ACADEMY&searchOptionType=LegacySearch&searchOptionSubOption=FiledAndLapsedActualDebtorNameList&searchCategory=Standard,Search1600.csv,Lapsed,07/03/2019,07/03/2024,03/02/2026,201909054303,0,1,,,,,,,,,,,1,PALM BEACH DAY ACADEMY,"241 SEAVIEW AVE, PALM BEACH, FL, 33480",UCC1,1,,07/03/2019
Danbury Assisted Living LLC,276 Flamingo Dr,West Palm Beach,FL,33401-7720,7720,DANBURY ASSISTED LIVING LLC,276 Flamingo Dr,West Palm Beach,FL,33401-7720,,Aged Home,Member,Mr. Henry Blansfield,Danbury Assisted Living LLC,,Search1600.csv,No close match,,,,,,,,,,,,,,,,,,,,,,,
Coastal Wholesale Inc,2420 Florida Ave,West Palm Beach,FL,33401-7812,7812,COASTAL WHOLESALE INC.,2420 Florida Ave,West Palm Beach,FL,33401-7812,C050,"Flowers, Fresh",President,Ms. Liz Donaldson,Coastal Wholesale Inc,https://floridaucc.com/search?text=COASTAL WHOLESALE INC.&searchOptionType=LegacySearch&searchOptionSubOption=FiledAndLapsedActualDebtorNameList&searchCategory=Standard,Search1600.csv,Lapsed,09/18/1995,09/18/2000,03/02/2026,950000186240,0,1,,,,,,,,,,,1,COASTAL WHOLESALE INC,"1600 OLD OKEECHOBEE RD, WEST PALM BEACH, FL, 33409",UCC1,2,,09/18/1995
Resource Depot  Inc,2508 Florida Ave,West Palm Beach,FL,33401-7814,7814,"RESOURCE DEPOT, INC.",2508 Florida Ave,West Palm Beach,FL,33401-7814,,"Recycling, Waste Materials",Chairman Of The Board,Mr. Jeff Balkan,Resource Depot  Inc,"https://floridaucc.com/search?text=RESOURCE DEPOT, INC.&searchOptionType=LegacySearch&searchOptionSubOption=FiledAndLapsedActualDebtorNameList&searchCategory=Standard",Search1600.csv,Lapsed,08/02/2020,08/02/2025,03/02/2026,202003849481,0,1,,,,,,,,,,,1,RESOURCE DEPOT INC.,"2508 FLORIDA AVE, WEST PALM BCH, FL, 33401",UCC1,1,,08/02/2020
Bruce Gendelman Company  Inc,2404 Florida Ave,West Palm Beach,FL,33401-7866,7866,"BRUCE GENDELMAN COMPANY, INC.",2404 Florida Ave,West Palm Beach,FL,33401-7866,,"Insurance Agents, Nec",Chairman Of The Board,Mr. Bruce P Gendelman,Bruce Gendelman Company  Inc,,Search1600.csv,No close match,,,,,,,,,,,,,,,,,,,,,,,
P A Abellon,2119 S Dixie Hwy,West Palm Beach,FL,33401-7909,7909,P A ABELLON,2119 S Dixie Hwy,West Palm Beach,FL,33401-7909,C047,General Practice Law Office,President,Ms. Maria C Abellon,P A Abellon,,Search1600.csv,No close match,,,,,,,,,,,,,,,,,,,,,,,
Sergey Korol  Dmd  PA,2315 S Dixie Hwy,West Palm Beach,FL,33401-7913,7913,"SERGEY KOROL, D.M.D., P.A.",2315 S Dixie Hwy,West Palm Beach,FL,33401-7913,C047,Dentists' Office,President,Sergey Korol,Sergey Korol  Dmd  PA,"https://floridaucc.com/search?text=SERGEY KOROL, D.M.D., P.A.&searchOptionType=LegacySearch&searchOptionSubOption=FiledAndLapsedActualDebtorNameList&searchCategory=Standard",Search1600.csv,Filed,08/11/2020,08/11/2030,03/02/2026,202004041135,1,1,,,,,,,,,,,1,SERGEY KOROL DMD PA,"2315 S DIXIE HWY, WEST PALM BCH, FL, 33401",UCC1,1,,08/11/2020
National Car Rntals Of Palm Bc,2307 S Dixie Hwy,West Palm Beach,FL,33401-7913,7913,NATIONAL CAR RENTALS OF PALM BEACH INC,2307 S Dixie Hwy,West Palm Beach,FL,33401-7913,,Rent-A-Car Service,President,Mr. George S Kairalla,National Car Rntals Of Palm Bc,,Search1600.csv,No close match,,,,,,,,,,,,,,,,,,,,,,,
Freedman & Haas DDS,2424 S Dixie Hwy,West Palm Beach,FL,33401-7916,7916,FREEDMAN & HAAS DDS,2424 S Dixie Hwy,West Palm Beach,FL,33401-7916,,Orthodontist,Partner,Mr. Douglas Freedman,Freedman & Haas DDS,,Search1600.csv,No close match,,,,,,,,,,,,,,,,,,,,,,,
Casa Ceramica  Inc,2602 S Dixie Hwy Ste 3b,West Palm Beach,FL,33401-7920,7920,"CASA CERAMICA, INC.",2602 S Dixie Hwy Ste 3b,West Palm Beach,FL,33401-7920,,"Tile Installation, Ceramic",President,Taoufik Maktouf,Casa Ceramica  Inc,,Search1600.csv,No close match,,,,,,,,,,,,,,,,,,,,,,,
Actuarial Systems Corporation,320 Valencia Road,West Palm Beach,FL,33401-7932,7932,ACTUARIAL SYSTEMS CORPORATION,320 Valencia Rd,West Palm Beach,FL,33401-7932,,Computer Software,Chairman,Mr. Alan Cohen,Actuarial Systems Corporation,,Search1600.csv,No close match,,,,,,,,,,,,,,,,,,,,,,,
Bruce R Ouellette DDS PA,2431 S Dixie Hwy,West Palm Beach,FL,33401-7935,7935,"BRUCE R. OUELLETTE, D.D.S., P.A.",2431 S Dixie Hwy,West Palm Beach,FL,33401-7935,,Dentists' Office,Owner,Mr. Bruce Ouellette,Bruce R Ouellette DDS PA,"https://floridaucc.com/search?text=BRUCE R. OUELLETTE, D.D.S., P.A.&searchOptionType=LegacySearch&searchOptionSubOption=FiledAndLapsedActualDebtorNameList&searchCategory=Standard",Search1600.csv,Filed,10/13/2011,10/13/2026,03/02/2026,201105482136,3,1,,,,,,,,,,,1,"BRUCE R. OUELLETTE, D.D.S., P.A.","1309 SOUTH FLAGLER DRIVE, WEST PALM BEACH, FL, 33401",UCC1,1,,10/13/2011
Centurion Residence Svcs Inc,1601 Forum Pl Ste P-2,West Palm Beach,FL,33401-8101,8101,"CENTURION RESIDENCE SERVICES, INC.",1601 Forum Pl Ste P-2,West Palm Beach,FL,33401-8101,C036,"Business Services, Nec",Principal,Mr. Steve Reinacher,Centurion Residence Svcs Inc,,Search1600.csv,No close match,,,,,,,,,,,,,,,,,,,,,,,
Rabin Kammerer Johnson  PA,1601 Forum Pl Ste 201,West Palm Beach,FL,33401-8102,8102,"RABIN KAMMERER JOHNSON, P.A.",1601 Forum Pl Ste 201,West Palm Beach,FL,33401-8102,C036,"General Practice Attorney, Lawyer",Owner,Ryon M Mccabe,Rabin Kammerer Johnson  PA,,Search1600.csv,No close match,,,,,,,,,,,,,,,,,,,,,,,
Scott - Roberts and Assoc LLC,1601 Forum Pl Ste 203,West Palm Beach,FL,33401-8102,8102,"SCOTT - ROBERTS AND ASSOCIATES, LLC",1601 Forum Pl Ste 203,West Palm Beach,FL,33401-8102,,Private Investigator,Member,Mr. Robert F Buchholz,Scott - Roberts and Assoc LLC,"https://floridaucc.com/search?text=SCOTT - ROBERTS AND ASSOCIATES, LLC&searchOptionType=LegacySearch&searchOptionSubOption=FiledAndLapsedActualDebtorNameList&searchCategory=Standard",Search1600.csv,Lapsed,06/09/2015,06/09/2025,03/02/2026,201504084622,2,1,,,,,,,,,,,1,"SCOTT - ROBERTS AND ASSOCIATES, LLC","2290 10TH AVENUE N, SUITE 600, LAKE WORTH, FL, 33461",UCC1,1,,06/09/2015
Merin Hunter Codman Inc,1601 Forum Pl Ste 200,West Palm Beach,FL,33401-8102,8102,MERIN HUNTER CODMAN INC.,1601 Forum Pl Ste 200,West Palm Beach,FL,33401-8102,C036,"Real Estate Agent, Commercial",Chairman,Mr. Neil E Merin,Merin Hunter Codman Inc,https://floridaucc.com/search?text=MERIN HUNTER CODMAN INC.&searchOptionType=LegacySearch&searchOptionSubOption=FiledAndLapsedActualDebtorNameList&searchCategory=Standard,Search1600.csv,Lapsed,07/14/1995,07/14/2000,03/02/2026,950000140120,0,1,,,,,,,,,,,1,MERIN HUNTER CODMAN INC,"1601 FORUM PL #200, WEST PALM BEACH, FL, 33401",UCC1,1,,07/14/1995
Cenvill Recreation  Inc,1601 Forum Pl Ste 500,West Palm Beach,FL,33401-8103,8103,"CENVILL RECREATION, INC.",1601 Forum Pl Ste 500,West Palm Beach,FL,33401-8103,C036,"Personal Holding Companies, Except Banks",President,Mr. Mark Levy,Cenvill Recreation  Inc,"https://floridaucc.com/search?text=CENVILL RECREATION, INC.&searchOptionType=LegacySearch&searchOptionSubOption=FiledAndLapsedActualDebtorNameList&searchCategory=Standard",Search1600.csv,Lapsed,04/26/2004,04/26/2009,03/02/2026,200406737256,0,1,,,,,,,,,,,1,"CENVILL RECREATION, INC.","1601 FORUM PLACE, SUITE 500, WEST PALM BEACH, FL, 33401",UCC1,3,,04/26/2004
Levy Kneen  Pl,1601 Forum Pl Ste 500,West Palm Beach,FL,33401-8103,8103,"LEVY KNEEN, P.L",1601 Forum Pl Ste 500,West Palm Beach,FL,33401-8103,,"General Practice Attorney, Lawyer",Partner,Mr. Jeffrey Kneen,Levy Kneen  Pl,"https://floridaucc.com/search?text=LEVY KNEEN, P.L&searchOptionType=LegacySearch&searchOptionSubOption=FiledAndLapsedActualDebtorNameList&searchCategory=Standard",Search1600.csv,Lapsed,07/29/2004,07/29/2009,03/02/2026,200407524701,0,1,,,,,,,,,,,1,"LEVY KNEEN, P.L.","1601 FORUM PLACE, SUITE 300, WEST PALM BEACH, FL, 33401",UCC1,3,,07/29/2004
Glickman & Witters  PA,1601 Forum Pl Ste 1101,West Palm Beach,FL,33401-8104,8104,"GLICKMAN & WITTERS, P.A.",1601 Forum Pl Ste 1101,West Palm Beach,FL,33401-8104,C036,"General Practice Attorney, Lawyer",President,Mr. Curtis L Witters,Glickman & Witters  PA,,Search1600.csv,No close match,,,,,,,,,,,,,,,,,,,,,,,
Advanced Mental Hlth Care Inc,1601 Forum Pl,West Palm Beach,FL,33401-8105,8105,"ADVANCED MENTAL HEALTH CARE, INC.",1601 Forum Pl Ste 1005,West Palm Beach,FL,33401-8105,,Psychiatrist,Principal,Mr. Aron Tendler,Advanced Mental Hlth Care Inc,,Search1600.csv,No close match,,,,,,,,,,,,,,,,,,,,,,,
St John Rssin Burr Lemme Pllc,1601 Forum Pl Ste 701,West Palm Beach,FL,33401-8106,8106,"ST. JOHN ROSSIN BURR & LEMME, PLLC",1601 Forum Pl Ste 701,West Palm Beach,FL,33401-8106,C036,General Practice Law Office,Partner,Mr. David S John,St John Rssin Burr Lemme Pllc,,Search1600.csv,No close match,,,,,,,,,,,,,,,,,,,,,,,
Kolter Communities Florida LLC,1601 Forum Pl Ste 805,West Palm Beach,FL,33401-8108,8108,KOLTER COMMUNITIES FLORIDA LLC,1601 Forum Pl Ste 805,West Palm Beach,FL,33401-8108,C036,"Land Subdividers And Developers, Commercial",Principal,Mr. Robert Julian,Kolter Communities Florida LLC,,Search1600.csv,No close match,,,,,,,,,,,,,,,,,,,,,,,
Maryland Interiors Ltd Lblty,839 Brandon Prscott Ln,West Palm Beach,FL,33401-8760,8760,MARYLAND INTERIORS LIMITED LIABILITY COMPANY,839 Brandon Prescott Ln Apt 202,West Palm Beach,FL,33401-8760,C101,"Renovation, Remodeling And Repairs: Industrial Buildings",Managing Member,Mr. Alex Deangelo,Maryland Interiors Ltd Lblty,,Search1600.csv,No close match,,,,,,,,,,,,,,,,,,,,,,,
Johnson Flooring Company  Inc,P O Box 2348,West Palm Beach,FL,33402,,"JOHNSON FLOORING COMPANY, INC.",4910 Broadway,West Palm Beach,FL,33407-2802,,Wood Floor Installation And Refinishing,President,Mr. Tim Winzell,Johnson Flooring Company  Inc,,Search1600.csv,No close match,,,,,,,,,,,,,,,,,,,,,,,
Historcal Soc Of Palm Bch Cnty,P O Box 4364,West Palm Beach,FL,33402,,THE HISTORICAL SOCIETY OF PALM BEACH COUNTY,300 N Dixie Hwy,West Palm Beach,FL,33401-4605,,Museum,Executive Director,Loren Mintz,Historcal Soc Of Palm Bch Cnty,,Search1600.csv,No close match,,,,,,,,,,,,,,,,,,,,,,,
West Palm Bch Fishing Clb Inc,P O Box 468,West Palm Beach,FL,33402,,"WEST PALM BEACH FISHING CLUB, INC.",201 5th St,West Palm Beach,FL,33401-4001,,Membership Sports And Recreation Clubs,President,Mr. Thomas Twyford,West Palm Bch Fishing Clb Inc,,Search1600.csv,No close match,,,,,,,,,,,,,,,,,,,,,,,
Wiederhold & Kummerlen  PA,P O Box 3918,West Palm Beach,FL,33402,,"WIEDERHOLD & KUMMERLEN, P.A.",560 Village Blvd Ste 240,West Palm Beach,FL,33409-1963,,General Practice Law Office,President,Mr. John P Wiederhold,Wiederhold & Kummerlen  PA,"https://floridaucc.com/search?text=WIEDERHOLD & KUMMERLEN, P.A.&searchOptionType=LegacySearch&searchOptionSubOption=FiledAndLapsedActualDebtorNameList&searchCategory=Standard",Search1600.csv,Filed,10/24/2022,10/24/2027,03/02/2026,20220340632X,0,1,,,,,,,,,,,1,"WIEDERHOLD & KUMMERLEN, P.A.","340 COLUMBIA DR STE 111, WEST PALM BEACH , FL, 33409",UCC1,1,,10/24/2022
Alexander and Dambra  PA,P O Box 3164,West Palm Beach,FL,33402,,"ALEXANDER AND DAMBRA, P.A",5737 Okeechobee Blvd Ste 201,West Palm Beach,FL,33417-4364,,General Practice Law Office,President,Mr. Steven R Duhl,Alexander and Dambra  PA,,Search1600.csv,No close match,,,,,,,,,,,,,,,,,,,,,,,
Speak Up For Kids Palm Bch Cnt,P O Box 1896,West Palm Beach,FL,33402,,"SPEAK UP FOR KIDS OF PALM BEACH COUNTY, INC.",205 N Dixie Hwy # 5,West Palm Beach,FL,33401-4522,,Children's Wear,Principal,Mr. Gil Trower,Speak Up For Kids Palm Bch Cnt,,Search1600.csv,No close match,,,,,,,,,,,,,,,,,,,,,,,
Nipoc Inc,P O Box 111,West Palm Beach,FL,33402-0111,111,NIPOC INC.,138 Greymon Dr,West Palm Beach,FL,33405-1918,,Footwear,President,Leigh B Copin,Nipoc Inc,https://floridaucc.com/search?text=NIPOC INC.&searchOptionType=LegacySearch&searchOptionSubOption=FiledAndLapsedActualDebtorNameList&searchCategory=Standard,Search1600.csv,Filed,07/01/2020,07/01/2030,03/02/2026,202003050548,1,1,,,,,,,,,,,1,NIPOC INC,"138 GREYMON DR, WEST PALM BEACH, FL, 33405",UCC1,1,,07/01/2020
Meals On Whels Of Palm Bches I,P O Box 247,West Palm Beach,FL,33402-0247,247,"MEALS ON WHEELS OF THE PALM BEACHES, INC.",333 Southern Blvd Ste 400,West Palm Beach,FL,33405-2651,,Meal Delivery Program,President,Ms. Pamela Calzadilla,Meals On Whels Of Palm Bches I,,Search1600.csv,No close match,,,,,,,,,,,,,,,,,,,,,,,
Architectural Precast Foam LLC,P O Box 304,West Palm Beach,FL,33402-0304,304,"ARCHITECTURAL PRECAST & FOAM, LLC",2705 Division Ave,West Palm Beach,FL,33407-5356,,Architectural Services,President,Mr. Brad Jenison,Architectural Precast Foam LLC,"https://floridaucc.com/search?text=ARCHITECTURAL PRECAST & FOAM, LLC&searchOptionType=LegacySearch&searchOptionSubOption=FiledAndLapsedActualDebtorNameList&searchCategory=Standard",Search1600.csv,Lapsed,01/17/2007,01/17/2012,03/02/2026,200704593686,1,1,,,,,,,,,,,1,ARCHITECTURAL PRECAST & FOAM LLC,"3716 A INTERSTATE PARK RD N, RIVERA BEACH, FL, 33404",UCC1,1,,01/17/2007
Miami Chpter Of The Amrcn Inst,P O Box 305,West Palm Beach,FL,33402-0305,305,"MIAMI CHAPTER OF THE AMERICAN INSTITUTE OF ARCHITECTS, INC.",349 Granada Rd,West Palm Beach,FL,33401-7921,,Professional Organizations,Executive Director,Ms. Cheryl Jacobs,Miami Chpter Of The Amrcn Inst,,Search1600.csv,No close match,,,,,,,,,,,,,,,,,,,,,,,
Resal  Inc,P O Box 327,West Palm Beach,FL,33402-0327,327,"RESAL, INC.",2900 Tuxedo Ave,West Palm Beach,FL,33405-1083,,"Electrical Appliances, Television And Radio",Executive Director,Mr. Michael Graci,Resal  Inc,"https://floridaucc.com/search?text=RESAL, INC.&searchOptionType=LegacySearch&searchOptionSubOption=FiledAndLapsedActualDebtorNameList&searchCategory=Standard",Search1600.csv,Lapsed,05/22/1991,05/22/1996,03/02/2026,910000111713,0,1,,,,,,,,,,,1,RESAL INC,"1401 FORSYTHE RD, WEST PALM BEACH, FL, 33405",UCC1,1,,05/22/1991
Nowlen  Holt & Miner  PA,P O Box 347,West Palm Beach,FL,33402-0347,347,"NOWLEN, HOLT & MINER, P.A.",515 N Flagler Dr Ste 1700,West Palm Beach,FL,33401-4023,,Certified Public Accountant,President,Mr. Edward T Holt,Nowlen  Holt & Miner  PA,"https://floridaucc.com/search?text=NOWLEN, HOLT & MINER, P.A.&searchOptionType=LegacySearch&searchOptionSubOption=FiledAndLapsedActualDebtorNameList&searchCategory=Standard",Search1600.csv,Lapsed,02/10/1992,02/10/1997,03/02/2026,920000028448,0,1,,,,,,,,,,,1,NOWLEN HOLT & MINER PA,"215 5TH ST, SUITE 200, WEST PALM BEACH, FL, 33402",UCC1,1,,02/10/1992
Burns & Severson  PA,P O Box 349,West Palm Beach,FL,33402-0349,349,"BURNS & SEVERSON, P.A.",400 Columbia Dr Ste 100,West Palm Beach,FL,33409-1948,,"General Practice Attorney, Lawyer",President,Mr. John M Severson,Burns & Severson  PA,"https://floridaucc.com/search?text=BURNS & SEVERSON, P.A.&searchOptionType=LegacySearch&searchOptionSubOption=FiledAndLapsedActualDebtorNameList&searchCategory=Standard",Search1600.csv,Filed,03/08/2005,03/08/2030,03/02/2026,200509136654,5,1,,,,,,,,,,,1,BURNS & SEVERSON P.A.,"1400 CENTREPARK BLVD, STE 860, W. PALM BEACH, FL, 33401",UCC1,1,,03/08/2005
J A Adams Inc,P O Box 546,West Palm Beach,FL,33402-0546,546,J A ADAMS INC,1312 Georgia Ave,West Palm Beach,FL,33401-6630,,Plumbing Contractors,President,Mr. James B Williams,J A Adams Inc,,Search1600.csv,No close match,,,,,,,,,,,,,,,,,,,,,,,
Island Company LLC,P O Box 578,West Palm Beach,FL,33402-0578,578,ISLAND COMPANY LLC,312 Clematis St Ste 401,West Palm Beach,FL,33401-4636,,"Ready-To-Wear Apparel, Women's",Managing Member,Mr. Spencer Antle,Island Company LLC,https://floridaucc.com/search?text=ISLAND COMPANY LLC&searchOptionType=LegacySearch&searchOptionSubOption=FiledAndLapsedActualDebtorNameList&searchCategory=Standard,Search1600.csv,Lapsed,10/23/2012,10/23/2017,03/02/2026,201207753988,0,1,,,,,,,,,,,1,ISLAND COMPANY LLC,"312 CLEMATIS ST STE 401, WEST PALM BEACH, FL, 33401",UCC1,1,,10/23/2012
Eison Construction Company Inc,P O Box 1084,West Palm Beach,FL,33402-1084,1084,"EISON CONSTRUCTION COMPANY, INC.",1630 Clare Ave Ste B,West Palm Beach,FL,33401-6914,,"New Construction, Single-Family Houses",President,Mr. Michael Eison,Eison Construction Company Inc,,Search1600.csv,No close match,,,,,,,,,,,,,,,,,,,,,,,
Amco Property Management LLC,P O Box 1168,West Palm Beach,FL,33402-1168,1168,"AMCO PROPERTY MANAGEMENT, L.L.C.",1655 Palm Beach Lakes Blvd Ste 802,West Palm Beach,FL,33401-2208,,Commercial And Industrial Building Operation,,Mr. Alfred Marulli,Amco Property Management LLC,,Search1600.csv,No close match,,,,,,,,,,,,,,,,,,,,,,,
Interamericas Beverages  Inc,P O Box 1433,West Palm Beach,FL,33402-1433,1433,"INTERAMERICAS BEVERAGES, INC.",1726 Avenue L,Riviera Beach,FL,33404-5438,,"Flavoring Extracts And Syrups, Nec",President,Mr. Claudio Bruehmueller,Interamericas Beverages  Inc,"https://floridaucc.com/search?text=INTERAMERICAS BEVERAGES, INC.&searchOptionType=LegacySearch&searchOptionSubOption=FiledAndLapsedActualDebtorNameList&searchCategory=Standard",Search1600.csv,Lapsed,11/13/2015,11/13/2020,03/02/2026,201505708719,0,1,,,,,,,,,,,1,INTERAMERICAS FOOD AND BEVERAGES INC,"7101 TPC DRIVE, STE 400, ORLANDO, FL, 32822",UCC1,1,,11/13/2015
State Pride Roofing Fla Inc,P O Box 1627,West Palm Beach,FL,33402-1627,1627,"STATE PRIDE ROOFING OF FLORIDA, INC.",2101 Scott Ave,West Palm Beach,FL,33409-3209,,Roofing Contractor,President,Mr. Ken Parent,State Pride Roofing Fla Inc,,Search1600.csv,No close match,,,,,,,,,,,,,,,,,,,,,,,
Miller  J E Jimmy and Son Inc,P O Box 2205,West Palm Beach,FL,33402-2205,2205,"MILLER, J E JIMMY AND SON INC",2672 Ranch House Rd,West Palm Beach,FL,33406-3178,,Residential Painting,President,Mr. Jerry Miller,Miller  J E Jimmy and Son Inc,,Search1600.csv,No close match,,,,,,,,,,,,,,,,,,,,,,,
Tag Air  LLC,P O Box 2297,West Palm Beach,FL,33402-2297,2297,"TAG AIR, LLC",3800 Southern Blvd Ste 105,West Palm Beach,FL,33406-1421,,"Pilot Service, Aviation",Chief Executive Officer,Mr. Eric Trump,Tag Air  LLC,,Search1600.csv,No close match,,,,,,,,,,,,,,,,,,,,,,,
Jasper Eye Care Inc,P O Box 2375,West Palm Beach,FL,33402-2375,2375,JASPER EYE CARE INC,319 Belvedere Rd Ste 1,West Palm Beach,FL,33405-1243,,Specialized Optometrists,President,Ms. April Jasper,Jasper Eye Care Inc,https://floridaucc.com/search?text=JASPER EYE CARE INC&searchOptionType=LegacySearch&searchOptionSubOption=FiledAndLapsedActualDebtorNameList&searchCategory=Standard,Search1600.csv,Lapsed,12/17/1998,12/17/2008,03/02/2026,980000279255,1,1,,,,,,,,,,,1,JASPER EYE CARE INC,"4282 LITTLE OSPREY DR, TALLAHASSEE, FL, 32303",UCC1,1,,12/17/1998
Comprhnsive Alchlism Rhblttion,P O Box 2507,West Palm Beach,FL,33402-2507,2507,COMPREHENSIVE ALCOHOLISM REHABILITATION PROGRAMS,5400 East Ave,West Palm Beach,FL,33407-2344,,"Rehabilitation Center, Outpatient Treatment",President,Mr. Robert Needle,Comprhnsive Alchlism Rhblttion,,Search1600.csv,No close match,,,,,,,,,,,,,,,,,,,,,,,
Palm Bch Cnty Yuth For Chrst I,P O Box 2863,West Palm Beach,FL,33402-2863,2863,"PALM BEACH COUNTY YOUTH FOR CHRIST, INC.",671 N Haverhill Rd,Haverhill,FL,33415-1384,,Miscellaneous Denomination Church,Principal,Mr. James Crews,Palm Bch Cnty Yuth For Chrst I,,Search1600.csv,No close match,,,,,,,,,,,,,,,,,,,,,,,
Reid & Zobel  PA,P O Box 2926,West Palm Beach,FL,33402-2926,2926,"REID & ZOBEL, P.A.",222 Lakeview Ave Ste 1160,West Palm Beach,FL,33401-6177,,"General Practice Attorney, Lawyer",President,Mr. Justus W Reid,Reid & Zobel  PA,"https://floridaucc.com/search?text=REID & ZOBEL, P.A.&searchOptionType=LegacySearch&searchOptionSubOption=FiledAndLapsedActualDebtorNameList&searchCategory=Standard",Search1600.csv,Lapsed,12/22/2005,12/22/2015,03/02/2026,200501463443,2,1,,,,,,,,,,,1,REID & ZOBEL PA,"222 LAKEVIEW AVENUE SUITE 1160, WEST PALM BEACH, FL, 33401",UCC1,1,,12/22/2005
Sugar Farms Co-Op,P O Box 3067,West Palm Beach,FL,33402-3067,3067,SUGAR FARMS CO-OP,1 N Clematis St Ste 200,West Palm Beach,FL,33401-5551,,"General Farms, Primarily Crop",Principal,B Markham,Sugar Farms Co-Op,https://floridaucc.com/search?text=SUGAR FARMS CO-OP&searchOptionType=LegacySearch&searchOptionSubOption=FiledAndLapsedActualDebtorNameList&searchCategory=Standard,Search1600.csv,Lapsed,11/01/2000,11/01/2005,03/02/2026,200000248910,1,1,,,,,,,,,,,1,SUGAR FARMS CO-OP,"P O BOX 3067, WEST PALM BCH, FL, 33402",UCC1,1,,11/01/2000
Florida Management Company,P O Box 3267,West Palm Beach,FL,33402-3267,3267,FLORIDA MANAGEMENT COMPANY,1555 Palm Beach Lakes Blvd,West Palm Beach,FL,33401-2323,,Real Estate Brokers And Agents,President,E L Ecclestone,Florida Management Company,https://floridaucc.com/search?text=FLORIDA MANAGEMENT COMPANY&searchOptionType=LegacySearch&searchOptionSubOption=FiledAndLapsedActualDebtorNameList&searchCategory=Standard,Search1600.csv,Lapsed,02/24/1992,02/24/1997,03/02/2026,920000037586,0,1,,,,,,,,,,,2,FLORIDA MANAGEMENT COMPANY,"1780 WINDORAH WAY, WEST PALM BEACH, FL, 33411",UCC1,1,,02/24/1992
Flo-Gas Corporation,P O Box 3395,West Palm Beach,FL,33402-3395,3395,FLO-GAS CORPORATION,401 S Dixie Hwy,West Palm Beach,FL,33401-5834,,"Propane Gas, Bottled",President,Mr. Jack English,Flo-Gas Corporation,,Search1600.csv,No close match,,,,,,,,,,,,,,,,,,,,,,,
Jamco  Inc,P O Box 3768,West Palm Beach,FL,33402-3768,3768,"JAMCO, INC.",1615 Clare Ave,West Palm Beach,FL,33401-6913,,"Dams, Waterways, Docks, And Other Marine Construction",President,Mr. Martin E Murphy,Jamco  Inc,"https://floridaucc.com/search?text=JAMCO, INC.&searchOptionType=LegacySearch&searchOptionSubOption=FiledAndLapsedActualDebtorNameList&searchCategory=Standard",Search1600.csv,Lapsed,04/28/1995,04/28/2000,03/02/2026,950000087000,0,1,,,,,,,,,,,1,JAMCO ENTERPRISES INC,"1335 LAKE BREEZE DR, WELLINGTON, FL, 33414",UCC1,1,,04/28/1995
Cracker Boy Boat Works  Inc,P O Box 3768,West Palm Beach,FL,33402-3768,3768,"CRACKER BOY BOAT WORKS, INC.",1124 Avenue C,Riviera Beach,FL,33404-6992,,"Boat Yards, Storage And Incidental Repair",President,Mr. Martin E Murphy,Cracker Boy Boat Works  Inc,"https://floridaucc.com/search?text=CRACKER BOY BOAT WORKS, INC.&searchOptionType=LegacySearch&searchOptionSubOption=FiledAndLapsedActualDebtorNameList&searchCategory=Standard",Search1600.csv,Lapsed,01/15/1999,01/15/2004,03/02/2026,990000010838,0,1,,,,,,,,,,,1,CRACKER BOY BOAT WORKS INC,"1124 AVENUE C, RIVIERA BEACH, FL, 33404",UCC1,1,,01/15/1999
Glidden - Spina Prtners Arch -,P O Box 4238,West Palm Beach,FL,33402-4238,4238,"GLIDDEN - SPINA & PARTNERS, ARCHITECTURE - INTERIOR DESIGN, INC.",207 6th St,West Palm Beach,FL,33401-4003,,Architectural Engineering,Owner,Mr. Benjamin J Glidden,Glidden - Spina Prtners Arch -,,Search1600.csv,No close match,,,,,,,,,,,,,,,,,,,,,,,
Pioneer Linens Entps Corp,P O Box 4407,West Palm Beach,FL,33402-4407,4407,PIONEER LINENS ENTERPRISES CORPORATION,210 Clematis St,West Palm Beach,FL,33401-5580,,Linens,President,Ms. Penny Murphy,Pioneer Linens Entps Corp,,Search1600.csv,No close match,,,,,,,,,,,,,,,,,,,,,,,
Olds & Stephens  PA,P O Box 4523,West Palm Beach,FL,33402-4523,4523,"OLDS & STEPHENS, P.A.",312 11th St,West Palm Beach,FL,33401-3322,,"General Practice Attorney, Lawyer",Partner,Lonniell Olds,Olds & Stephens  PA,,Search1600.csv,No close match,,,,,,,,,,,,,,,,,,,,,,,
Vance Construction Co,P O Box 4592,West Palm Beach,FL,33402-4592,4592,THE VANCE CONSTRUCTION CO,225 Southern Blvd Ste 201,West Palm Beach,FL,33405-2768,,Marine Construction,President,Mr. James E Vance,Vance Construction Co,https://floridaucc.com/search?text=THE VANCE CONSTRUCTION CO&searchOptionType=LegacySearch&searchOptionSubOption=FiledAndLapsedActualDebtorNameList&searchCategory=Standard,Search1600.csv,Lapsed,03/07/2014,03/07/2019,03/02/2026,201400876549,0,1,,,,,,,,,,,1,VANCE CONSTRUCTION CO.,"PO BOX 36, CUTTYHUNK, MA, 02713",UCC1,1,,03/07/2014
Copys Uniforms Co,P O Box 530203,West Palm Beach,FL,33403-8902,8902,COPY'S UNIFORMS CO,1801 Palm Beach Lakes Blvd,West Palm Beach,FL,33401-2001,,Uniforms,President,Mr. Alberto Zier,Copys Uniforms Co,,Search1600.csv,No close match,,,,,,,,,,,,,,,,,,,,,,,
Karen C Reid Dmd  PA,2826 Broadway Ste 100,Riviera Beach,FL,33404-2308,2308,"KAREN C REID DMD, P.A.",2826 Broadway Ste 100,Riviera Beach,FL,33404-2308,C011,Dentists' Office,Owner,Ms. Karen C Reid,Karen C Reid Dmd  PA,"https://floridaucc.com/search?text=KAREN C REID DMD, P.A.&searchOptionType=LegacySearch&searchOptionSubOption=FiledAndLapsedActualDebtorNameList&searchCategory=Standard",Search1600.csv,Lapsed,06/01/2009,06/01/2014,03/02/2026,200900615107,3,1,,,,,,,,,,,1,KAREN C REID DMD PA,"6268 W SAMPLE ROAD UNIT 4, CORAL SPRINGS, FL, 33067",UCC1,1,,06/01/2009
North County Plumbing  Inc,2647 President Barack Oba,Riviera Beach,FL,33404-4119,4119,"NORTH COUNTY PLUMBING, INC.",2647 President Barack Obama Hwy,Riviera Beach,FL,33404-4119,C017,Plumbing Contractors,President,Mr. Anthony F Agrusa,North County Plumbing  Inc,"https://floridaucc.com/search?text=NORTH COUNTY PLUMBING, INC.&searchOptionType=LegacySearch&searchOptionSubOption=FiledAndLapsedActualDebtorNameList&searchCategory=Standard",Search1600.csv,Lapsed,07/30/2001,07/30/2006,03/02/2026,200100166170,0,1,,,,,,,,,,,1,NORTH COUNTY PLUMBING INC,"4441 NORTHLAKE BLVD, PALM BEACH GARDNES, FL, 33410",UCC1,1,,07/30/2001
B K Electric Inc,1233 W 26th St,West Palm Beach,FL,33404-4152,4152,B K ELECTRIC INC,1233 W 26th St,West Palm Beach,FL,33404-4152,,General Electrical Contractor,President,Bonzie V King,B K Electric Inc,,Search1600.csv,No close match,,,,,,,,,,,,,,,,,,,,,,,
Jaguar Nexus  Inc,2011 Avenue H E,West Palm Beach,FL,33404-4333,4333,"JAGUAR NEXUS, INC.",2011 Avenue H E,West Palm Beach,FL,33404-4333,,Export/Import Bank,President,Claudias Nalls,Jaguar Nexus  Inc,,Search1600.csv,No close match,,,,,,,,,,,,,,,,,,,,,,,
House Of Meats  Inc,2401 Ave E,West Palm Beach,FL,33404-4436,4436,"HOUSE OF MEATS, INC.",2401 Avenue E,West Palm Beach,FL,33404-4436,,"Meat Markets, Including Freezer Provisioners",President,Aureliano De Jesus Collad,House Of Meats  Inc,"https://floridaucc.com/search?text=HOUSE OF MEATS, INC.&searchOptionType=LegacySearch&searchOptionSubOption=FiledAndLapsedActualDebtorNameList&searchCategory=Standard",Search1600.csv,Lapsed,10/11/1996,10/11/2001,03/02/2026,960000214125,0,2,,,,,,,,,,,2,HOUSE OF MEATS 45 STREET INC,"4580 N US HIGHWAY ONE, VERO BEACH, FL, 32960",UCC1,2,,10/11/1996
Medallion Spt Of Riviera Bch,2311 Broadway,West Palm Beach,FL,33404-4530,4530,MEDALLION SPORTS OF RIVIERA BEACH INC,2311 Broadway,West Palm Beach,FL,33404-4530,,Team Sports Equipment,President,Mr. Vincent Licata,Medallion Spt Of Riviera Bch,,Search1600.csv,No close match,,,,,,,,,,,,,,,,,,,,,,,
Seahawke Rigging Inc,2300 Broadway,Riviera Beach,FL,33404-4531,4531,SEAHAWKE RIGGING INC,2300 Broadway,Riviera Beach,FL,33404-4531,,Athletic And Recreation Facilities Construction,President,Tony Hawker,Seahawke Rigging Inc,,Search1600.csv,No close match,,,,,,,,,,,,,,,,,,,,,,,
Bosso Bosso & Pardo PA,2428 Broadway,Riviera Beach,FL,33404-4533,4533,"BOSSO, BOSSO & PARDO PA",2428 Broadway,Riviera Beach,FL,33404-4533,,General Practice Law Office,President,Mr. William J Bosso,Bosso Bosso & Pardo PA,,Search1600.csv,No close match,,,,,,,,,,,,,,,,,,,,,,,
Fishermans Center  Inc,56 E Blue Heron Blvd,Riviera Beach,FL,33404-4541,4541,THE FISHERMAN'S CENTER INC,56 E Blue Heron Blvd,Riviera Beach,FL,33404-4541,C003,"Fishing Tackle, General",President,Mr. William Buckland,Fishermans Center  Inc,,Search1600.csv,No close match,,,,,,,,,,,,,,,,,,,,,,,
Get Wet Watersports Inc,101 E Blue Heron Blvd,Riviera Beach,FL,33404-4542,4542,GET WET WATERSPORTS INC.,101 E Blue Heron Blvd,Riviera Beach,FL,33404-4542,C003,"Skin Diving, Scuba Equipment And Supplies",President,Ms. Erica Lowry,Get Wet Watersports Inc,https://floridaucc.com/search?text=GET WET WATERSPORTS INC.&searchOptionType=LegacySearch&searchOptionSubOption=FiledAndLapsedActualDebtorNameList&searchCategory=Standard,Search1600.csv,Filed,08/25/2021,08/25/2026,03/02/2026,202108243012,0,1,,,,,,,,,,,1,GET WET WATERSPORTS INC.,"237 E BLUE HERON BLVD, RIVIERA BEACH, FL, 33404",UCC1,1,,08/25/2021
Inlet Lounge & Liquors Inc,146 E Blue Heron Blvd,Riviera Beach,FL,33404-4543,4543,INLET LOUNGE & LIQUORS INC,146 E Blue Heron Blvd,Riviera Beach,FL,33404-4543,C003,Cocktail Lounge,President,Mr. Franklin Pinder,Inlet Lounge & Liquors Inc,,Search1600.csv,No close match,,,,,,,,,,,,,,,,,,,,,,,
Decor Steals  Inc,207 E Blue Hron Blvd Ste,Riviera Beach,FL,33404-4560,4560,"DECOR STEALS, INC.",207 E Blue Heron Blvd Ste 3,Riviera Beach,FL,33404-4560,,"Home Related Products, Direct Sales",Chief Executive Officer,Ms. Yasmin Mitchell,Decor Steals  Inc,,Search1600.csv,No close match,,,,,,,,,,,,,,,,,,,,,,,
Offshore Of Palm Beaches Inc,255 E 22nd Ct Ste 100,Riviera Beach,FL,33404-4582,4582,OFFSHORE OF THE PALM BEACHES INC.,255 E 22nd Ct Ste 100,Riviera Beach,FL,33404-4582,,Marine Supplies And Equipment,Principal,Ms. Cheryl M Anders,Offshore Of Palm Beaches Inc,https://floridaucc.com/search?text=OFFSHORE OF THE PALM BEACHES INC.&searchOptionType=LegacySearch&searchOptionSubOption=FiledAndLapsedActualDebtorNameList&searchCategory=Standard,Search1600.csv,Lapsed,08/12/2015,08/12/2020,03/02/2026,201504687661,0,1,,,,,,,,,,,2,OFFSHORE OF THE PALM BEACHES INC.,"255 EAST 22ND COURT, RIVIERA BEACH, FL, 33404",UCC1,1,,08/12/2015
Hinterland Group Inc,2051 W Blue Heron Blvd,West Palm Beach,FL,33404-5003,5003,HINTERLAND GROUP INC.,2051 W Blue Heron Blvd,West Palm Beach,FL,33404-5003,,Underground Utilities Contractor,President,Mr. Daniel A Duke,Hinterland Group Inc,https://floridaucc.com/search?text=HINTERLAND GROUP INC.&searchOptionType=LegacySearch&searchOptionSubOption=FiledAndLapsedActualDebtorNameList&searchCategory=Standard,Search1600.csv,Lapsed,09/18/2018,09/18/2023,03/02/2026,201806559887,1,1,,,,,,,,,,,1,HINTERLAND GROUP INC,"2051 W BLUE HERON BLVD, RIVIERA BEACH, FL, 33404-6707",UCC1,2,,09/18/2018
Hinterland Group Envmtl Co,2051 W Blue Heron Blvd,Riviera Beach,FL,33404-5003,5003,HINTERLAND GROUP ENVIRONMENTAL COMPANY,2051 W Blue Heron Blvd,Riviera Beach,FL,33404-5003,C007,Underground Utilities Contractor,President,Mr. Daniel A Duke,Hinterland Group Envmtl Co,,Search1600.csv,No close match,,,,,,,,,,,,,,,,,,,,,,,
Ironwear Inc,2020 Seabird Way,West Palm Beach,FL,33404-5009,5009,IRONWEAR INC.,2020 Seabird Way,West Palm Beach,FL,33404-5009,,Raincoats,Owner,Mr. Marvin Maltz,Ironwear Inc,,Search1600.csv,No close match,,,,,,,,,,,,,,,,,,,,,,,
Abel Unlimited Inc,2020 Seabird Way,Riviera Beach,FL,33404-5009,5009,ABEL UNLIMITED INC.,2020 Seabird Way,Riviera Beach,FL,33404-5009,,Linens And Towels,President,Mr. Marvin Maltz,Abel Unlimited Inc,https://floridaucc.com/search?text=ABEL UNLIMITED INC.&searchOptionType=LegacySearch&searchOptionSubOption=FiledAndLapsedActualDebtorNameList&searchCategory=Standard,Search1600.csv,Lapsed,09/12/1991,09/12/1996,03/02/2026,910000196998,0,1,,,,,,,,,,,1,ABEL UNLIMITED INC,"1756 N CONGRESS AVE, WEST PALM BEACH, FL, 33409",UCC1,2,,09/12/1991
Interntnal Impact Bldg Pdts Ll,1500 Avenue R # 2,Riviera Beach,FL,33404-5262,5262,"INTERNATIONAL IMPACT BUILDING PRODUCTS, LLC",1500 Avenue R # 2,Riviera Beach,FL,33404-5262,,Glass And Glazing Work,Managing Member,Mr. Michael Fry,Interntnal Impact Bldg Pdts Ll,,Search1600.csv,No close match,,,,,,,,,,,,,,,,,,,,,,,
Chassis Engineering Inc,1500 Avenue R Ste 200,Riviera Beach,FL,33404-5262,5262,CHASSIS ENGINEERING INC,1500 Avenue R Ste 200,Riviera Beach,FL,33404-5262,C022,Automotive Parts,Chief Executive Officer,Mr. William O Edwards,Chassis Engineering Inc,https://floridaucc.com/search?text=CHASSIS ENGINEERING INC&searchOptionType=LegacySearch&searchOptionSubOption=FiledAndLapsedActualDebtorNameList&searchCategory=Standard,Search1600.csv,Lapsed,06/18/1998,06/18/2003,03/02/2026,980000134635,0,1,,,,,,,,,,,1,CHASSIS ENGINEERING INC,"1500 AVENUE R, RIVIERA BEACH, FL, 33404",UCC1,1,,06/18/1998
Savannah Trims  Inc,1500 Ave R Ste 100,Riviera Beach,FL,33404-5262,5262,"SAVANNAH TRIMS, INC.",1500 Avenue R Ste 100,Riviera Beach,FL,33404-5262,,Windows,President,Ms. Barbara Dudash,Savannah Trims  Inc,"https://floridaucc.com/search?text=SAVANNAH TRIMS, INC.&searchOptionType=LegacySearch&searchOptionSubOption=FiledAndLapsedActualDebtorNameList&searchCategory=Standard",Search1600.csv,Lapsed,04/26/1999,04/26/2004,03/02/2026,990000091252,1,1,,,,,,,,,,,2,SAVANNAH TRIMS INC,"5601 CORPORATE WAY SUITE 108, WEST PALM BEACH, FL, 33407",UCC1,1,,04/26/1999
Lift ME Up Too  Inc,1748 Astrlian Ave Ste #14,West Palm Beach,FL,33404-5302,5302,"LIFT ME UP TOO, INC.",1748 Australian Ave Ste 14,West Palm Beach,FL,33404-5302,,Elevator Installation And Conversion,President,Jerauld W Carron,Lift ME Up Too  Inc,,Search1600.csv,No close match,,,,,,,,,,,,,,,,,,,,,,,
New and Used Wholesales Tires,1200 W 15th St,Riviera Beach,FL,33404-5314,5314,NEW AND USED WHOLESALES TIRES,1200 W 15th St,Riviera Beach,FL,33404-5314,C013,Automotive Tires,Principal,Wisam Husein,New and Used Wholesales Tires,https://floridaucc.com/search?text=NEW AND USED WHOLESALES TIRES&searchOptionType=LegacySearch&searchOptionSubOption=FiledAndLapsedActualDebtorNameList&searchCategory=Standard,Search1600.csv,Filed,05/13/2016,05/13/2026,03/02/2026,201607592116,2,1,,,,,,,,,,,1,NEW AND USED WHOLESALE TIRES INC,"1200 W 15TH STREET, RIVIERA BEACH, FL, 33404",UCC1,1,,05/13/2016
D I H Corporation,1750 Australian Ave Ste 3,West Palm Beach,FL,33404-5328,5328,D I H CORPORATION,1750 Australian Ave Ste 3,West Palm Beach,FL,33404-5328,,"Displays And Cutouts, Window And Lobby",President,Mr. Henry Goldberg,D I H Corporation,,Search1600.csv,No close match,,,,,,,,,,,,,,,,,,,,,,,
World Panel Products  Inc,1750 Australian Ave Ste 1,Riviera Beach,FL,33404-5328,5328,"WORLD PANEL PRODUCTS, INC.",1750 Australian Ave Ste 1,Riviera Beach,FL,33404-5328,C013,"Lumber: Rough, Dressed, And Finished",President,Mr. Jeffrey N Davies,World Panel Products  Inc,"https://floridaucc.com/search?text=WORLD PANEL PRODUCTS, INC.&searchOptionType=LegacySearch&searchOptionSubOption=FiledAndLapsedActualDebtorNameList&searchCategory=Standard",Search1600.csv,Lapsed,06/25/2004,06/25/2009,03/02/2026,200407267199,1,1,,,,,,,,,,,1,"WORLD PANEL PRODUCTS, INC.","1750#1 AUSTRALIAN AVE., RIVIERA BEACH, FL, 33404",UCC1,1,,06/25/2004
Southern Microwave  Inc,2000 Avenue P Ste 14,Riviera Beach,FL,33404-5342,5342,"SOUTHERN MICROWAVE, INC.",2000 Avenue P Ste 14,Riviera Beach,FL,33404-5342,,"Electronic Parts And Equipment, Nec",President,Mr. Joseph Olmeda,Southern Microwave  Inc,"https://floridaucc.com/search?text=SOUTHERN MICROWAVE, INC.&searchOptionType=LegacySearch&searchOptionSubOption=FiledAndLapsedActualDebtorNameList&searchCategory=Standard",Search1600.csv,Lapsed,02/16/1995,02/16/2000,03/02/2026,950000032477,1,1,,,,,,,,,,,1,SOUTHERN MICROWAVE INC,"3151 SW 14TH PL, BONTON BEACH, FL, 33426",UCC1,1,,02/16/1995
K & S Interiors  Inc,2000 Avenue P Ste 15,Riviera Beach,FL,33404-5342,5342,"K & S INTERIORS, INC.",2000 Avenue P Ste 15,Riviera Beach,FL,33404-5342,C013,Drywall,President,Mr. Scott Mills,K & S Interiors  Inc,"https://floridaucc.com/search?text=K & S INTERIORS, INC.&searchOptionType=LegacySearch&searchOptionSubOption=FiledAndLapsedActualDebtorNameList&searchCategory=Standard",Search1600.csv,Lapsed,05/21/2004,05/21/2009,03/02/2026,200406982633,2,1,,,,,,,,,,,1,"K & S INTERIORS, INC.","1145 WATERTOWER RD, SUITE B, LAKE PARK, FL, 33403",UCC1,2,,05/21/2004
Clear Span Structures  LLC,2000 Avenue P Ste 5,Riviera Beach,FL,33404-5342,5342,"CLEAR SPAN STRUCTURES, LLC",2000 Avenue P Ste 5,Riviera Beach,FL,33404-5342,C013,"Commercial And Office Building, New Construction",Member,Ms. Jane Darling,Clear Span Structures  LLC,"https://floridaucc.com/search?text=CLEAR SPAN STRUCTURES, LLC&searchOptionType=LegacySearch&searchOptionSubOption=FiledAndLapsedActualDebtorNameList&searchCategory=Standard",Search1600.csv,Lapsed,03/22/2018,03/22/2023,03/02/2026,201804573483,0,1,,,,,,,,,,,1,"CLEAR SPAN STRUCTURES, LLC","2000 AVENUE P SUITE 5, RIVIERA BEACH, FL, 33404",UCC1,2,,03/22/2018
Kevin M Lukasiewicz,1025 W 17th St,Riviera Beach,FL,33404-5407,5407,KEVIN M LUKASIEWICZ,1025 W 17th St,Riviera Beach,FL,33404-5407,C013,"Ice Cream, Bulk",President,Mr. Kevin Lukasewicz,Kevin M Lukasiewicz,,Search1600.csv,No close match,,,,,,,,,,,,,,,,,,,,,,,
Newman Windows & Doors  Inc,1649 Avenue L,Riviera Beach,FL,33404-5420,5420,"NEWMAN WINDOWS & DOORS, INC.",1649 Avenue L,Riviera Beach,FL,33404-5420,C013,Windows,President,Mr. Tad Newman,Newman Windows & Doors  Inc,"https://floridaucc.com/search?text=NEWMAN WINDOWS & DOORS, INC.&searchOptionType=LegacySearch&searchOptionSubOption=FiledAndLapsedActualDebtorNameList&searchCategory=Standard",Search1600.csv,Filed,05/10/2018,05/10/2028,03/02/2026,201805159508,2,1,,,,,,,,,,,1,"NEWMAN WINDOWS & DOORS, INC.","16140 EAST CORNWALL DRIVE, LOXAHATCHEE, FL, 33470",UCC1,1,,05/10/2018
Dna Surface Concepts Inc,1980 Avenue L,Riviera Beach,FL,33404-5442,5442,DNA SURFACE CONCEPTS INC,1980 Avenue L,Riviera Beach,FL,33404-5442,,Metal Coating And Allied Services,President,Mr. Sean M Kelly,Dna Surface Concepts Inc,https://floridaucc.com/search?text=DNA SURFACE CONCEPTS INC&searchOptionType=LegacySearch&searchOptionSubOption=FiledAndLapsedActualDebtorNameList&searchCategory=Standard,Search1600.csv,Lapsed,04/30/2018,04/30/2023,03/02/2026,201805038891,0,1,,,,,,,,,,,1,DNA SURFACE CONCEPTS INC,"1980 AVE L, RIVIERA BEACH, FL, 33404",UCC1,1,,04/30/2018
Auto Krafters LLC,1990 Avenue L,Riviera Beach,FL,33404-5442,5442,AUTO KRAFTERS LLC,1990 Avenue L,Riviera Beach,FL,33404-5442,C013,"Body Shop, Automotive",Chief Executive Officer,Mr. Daniel Chance,Auto Krafters LLC,,Search1600.csv,No close match,,,,,,,,,,,,,,,,,,,,,,,
Creative Marine Inc,2280 Avenue L,Riviera Beach,FL,33404-5448,5448,CREATIVE MARINE INC,2280 Avenue L,Riviera Beach,FL,33404-5448,,Boat Dealers,President,Mr. Nicholas Scafidi,Creative Marine Inc,https://floridaucc.com/search?text=CREATIVE MARINE INC&searchOptionType=LegacySearch&searchOptionSubOption=FiledAndLapsedActualDebtorNameList&searchCategory=Standard,Search1600.csv,Lapsed,11/12/1998,11/12/2003,03/02/2026,980000252743,0,1,,,,,,,,,,,1,CREATIVE MARINE INC,"951 13TH STREET WEST BAY 12, RIVIERA BEACH, FL, 33410",UCC1,1,,11/12/1998
Rp High Performance  Inc,2391 Old Dixie Hwy,Riviera Beach,FL,33404-5456,5456,"RP HIGH PERFORMANCE, INC",2391 President Barack Obama Hwy,Riviera Beach,FL,33404-5456,,"Automobile Assembly, Including Specialty Automobiles",President,Mr. Ian Grunes,Rp High Performance  Inc,"https://floridaucc.com/search?text=RP HIGH PERFORMANCE, INC&searchOptionType=LegacySearch&searchOptionSubOption=FiledAndLapsedActualDebtorNameList&searchCategory=Standard",Search1600.csv,Lapsed,08/01/2014,08/01/2024,03/02/2026,201401929123,1,1,,,,,,,,,,,1,RP HIGH PERFORMANCE INC.,"2391 OLD DIXIE HWY, RIVIERA BEACH, FL, 33404",UCC1,1,,08/01/2014
Villa Franciscan  Inc,2101 Ave F Ofc,West Palm Beach,FL,33404-5503,5503,"VILLA FRANCISCAN, INC.",2101 Avenue F Ofc,West Palm Beach,FL,33404-5503,,Religious Organizations,President,Msgr J Mcmahon,Villa Franciscan  Inc,"https://floridaucc.com/search?text=VILLA FRANCISCAN, INC.&searchOptionType=LegacySearch&searchOptionSubOption=FiledAndLapsedActualDebtorNameList&searchCategory=Standard",Search1600.csv,Lapsed,02/27/1995,02/27/2000,03/02/2026,950000038843,1,1,,,,,,,,,,,1,VILLA FRANCISCAN INC,"9995 N MILITARY TRAIL, PALM BEACH GARDENS, FL, 33410",UCC1,2,,02/27/1995
De Keizer United States LLC,1940 Broadway,Riviera Beach,FL,33404-5602,5602,DE KEIZER UNITED STATES LLC,1940 Broadway,Riviera Beach,FL,33404-5602,C004,Engineering Services,Member,Mr. Niels D Keizer,De Keizer United States LLC,https://floridaucc.com/search?text=DE KEIZER UNITED STATES LLC&searchOptionType=LegacySearch&searchOptionSubOption=FiledAndLapsedActualDebtorNameList&searchCategory=Standard,Search1600.csv,Lapsed,10/23/2019,10/23/2024,03/02/2026,20190997500X,0,1,,,,,,,,,,,1,DE KEIZER UNITED STATES LLC,"1940 BROADWAY, RIVERA BEACH, FL, 33404",UCC1,1,,10/23/2019
Palm Bch Cnty Black Bus Inv Co,2001 Broadway Ste 210,Riviera Beach,FL,33404-5612,5612,PALM BEACH COUNTY BLACK BUSINESS INVESTMENT CORPORATION,2001 Broadway Ste 210,Riviera Beach,FL,33404-5612,,Financial Consultant,President,Mr. Marlon D White,Palm Bch Cnty Black Bus Inv Co,,Search1600.csv,No close match,,,,,,,,,,,,,,,,,,,,,,,
Mariner Mar Of The Palm Baches,1429 Broadway,West Palm Beach,FL,33404-5623,5623,MARINER MARINE OF THE PALM BEACHES INC,1429 Broadway,West Palm Beach,FL,33404-5623,,Marine Engine Repair,President,Mr. Dick M Kee,Mariner Mar Of The Palm Baches,https://floridaucc.com/search?text=MARINER MARINE OF THE PALM BEACHES INC&searchOptionType=LegacySearch&searchOptionSubOption=FiledAndLapsedActualDebtorNameList&searchCategory=Standard,Search1600.csv,Lapsed,11/08/1991,11/08/1996,03/02/2026,910000240159,0,1,,,,,,,,,,,3,MARINER MARINE OF THE PALM BEACHES,"1429 BROADWAY, WEST PALM BEACH, FL, 33404",UCC1,5,,11/08/1991
Harbor Yacht Sales Inc,1501 Broadway,Riviera Beach,FL,33404-5625,5625,HARBOR YACHT SALES INC,1501 Broadway,Riviera Beach,FL,33404-5625,,Motor Boat Dealers,President,Mr. Raymond R Mancuso,Harbor Yacht Sales Inc,https://floridaucc.com/search?text=HARBOR YACHT SALES INC&searchOptionType=LegacySearch&searchOptionSubOption=FiledAndLapsedActualDebtorNameList&searchCategory=Standard,Search1600.csv,Lapsed,05/12/1997,05/12/2002,03/02/2026,U97000002824,4,1,,,,,,,,,,,1,HARBOR YACHT SALES INC,"850 NE 3RD ST SUITE 208, DANIA, FL",UCC1,2,,05/12/1997
Of Palm Bches Fla Mar Tech Inc,1715 Broadway,Riviera Beach,FL,33404-5629,5629,THE OF PALM BEACHES FLORIDA MARINE TECH INC,1715 Broadway,Riviera Beach,FL,33404-5629,C004,Marine Supplies And Equipment,President,Mr. John Wheatley,Of Palm Bches Fla Mar Tech Inc,,Search1600.csv,No close match,,,,,,,,,,,,,,,,,,,,,,,
Boathouse Disc Superstore Inc,2124 Broadway,West Palm Beach,FL,33404-5650,5650,"BOATHOUSE DISCOUNT SUPERSTORE, INC.",2124 Broadway,West Palm Beach,FL,33404-5650,,Boat Repair,President,Zar Yassine,Boathouse Disc Superstore Inc,,Search1600.csv,No close match,,,,,,,,,,,,,,,,,,,,,,,
Palm Beach Towers  Inc,2100 Avenue B Bldg 1,Riviera Beach,FL,33404-5654,5654,"PALM BEACH TOWERS, INC.",2100 Avenue B Bldg 1,Riviera Beach,FL,33404-5654,C003,Marine Engineering,Principal,Drew Mcdowell,Palm Beach Towers  Inc,"https://floridaucc.com/search?text=PALM BEACH TOWERS, INC.&searchOptionType=LegacySearch&searchOptionSubOption=FiledAndLapsedActualDebtorNameList&searchCategory=Standard",Search1600.csv,Lapsed,12/17/1998,12/17/2003,03/02/2026,980000277991,0,1,,,,,,,,,,,1,PALM BEACH TOWERS CONDOMINIUM ASSOCIATION INC,"44 COCOANUT ROW, PALM BEACH, FL, 33480",UCC1,1,,12/17/1998
Palm Beach Outboards  Inc,2250 Broadway,Riviera Beach,FL,33404-5670,5670,"PALM BEACH OUTBOARDS, INC.",2250 Broadway,Riviera Beach,FL,33404-5670,C003,Motor Boat Dealers,President,Mr. Marc Mattaliano,Palm Beach Outboards  Inc,"https://floridaucc.com/search?text=PALM BEACH OUTBOARDS, INC.&searchOptionType=LegacySearch&searchOptionSubOption=FiledAndLapsedActualDebtorNameList&searchCategory=Standard",Search1600.csv,Lapsed,06/17/2011,06/17/2021,03/02/2026,201104800576,2,1,,,,,,,,,,,1,"PALM BEACH OUTBOARDS, INC.","2250 BROADWAY, WEST PALM BEACH, FL, 33404",UCC1,1,,06/17/2011
Lrt Strategies  Inc,212 Cascade Ln,West Palm Beach,FL,33404-5713,5713,"LRT STRATEGIES, INC.",212 Cascade Ln,West Palm Beach,FL,33404-5713,,Fire Extinguishers,President,Leslie Trafelet,Lrt Strategies  Inc,,Search1600.csv,No close match,,,,,,,,,,,,,,,,,,,,,,,
Broydrick Enterprises LLC,221 Bamboo Rd,West Palm Beach,FL,33404-5732,5732,BROYDRICK ENTERPRISES LLC,221 Bamboo Rd,West Palm Beach,FL,33404-5732,,Windows,Managing Member,Ms. Cynthia M Broydrick,Broydrick Enterprises LLC,,Search1600.csv,No close match,,,,,,,,,,,,,,,,,,,,,,,
Dynasty International Inc,2308 Park Ave,West Palm Beach,FL,33404-5739,5739,"DYNASTY INTERNATIONAL, INC",2308 Park Ave,West Palm Beach,FL,33404-5739,,Travel Agencies,President,Ms. Dorothy Ackerman,Dynasty International Inc,"https://floridaucc.com/search?text=DYNASTY INTERNATIONAL, INC&searchOptionType=LegacySearch&searchOptionSubOption=FiledAndLapsedActualDebtorNameList&searchCategory=Standard",Search1600.csv,Lapsed,12/02/2005,12/02/2010,03/02/2026,200501298116,1,1,,,,,,,,,,,1,DYNASTY INTERNATIONAL GROUP INC,"590 W MAIN ST, LAKE HELEN, FL, 32744",UCC1,1,,12/02/2005
Atrium At Palm Beach Shores Co,145 Ocean Ave Ofc,Palm Beach Shores,FL,33404-5755,5755,THE ATRIUM AT PALM BEACH SHORES CONDOMINIUM ASSOCIATION INC,145 Ocean Ave Ofc,Palm Beach Shores,FL,33404-5755,C005,Condominium Association,President,Ms. Kathleen Bresnahan,Atrium At Palm Beach Shores Co,,Search1600.csv,No close match,,,,,,,,,,,,,,,,,,,,,,,
Palm Bch Shres Rsort Vction Vl,181 Ocean Ave,Palm Beach Shores,FL,33404-5761,5761,"PALM BEACH SHORES RESORT AND VACATION VILLAS ASSOCIATION, INC.",181 Ocean Ave,Palm Beach Shores,FL,33404-5761,C005,Resort Hotel,General Manager,Ms. Sherry Smith,Palm Bch Shres Rsort Vction Vl,,Search1600.csv,No close match,,,,,,,,,,,,,,,,,,,,,,,
Red Road 86 Inc,6701 Garden Rd Unit 3,Riviera Beach,FL,33404-5900,5900,RED ROAD 86 INC.,6701 Garden Rd Ste 3,Riviera Beach,FL,33404-5900,,"Tourist Attraction, Commercial",President,Mr. Viktor Popovics,Red Road 86 Inc,,Search1600.csv,No close match,,,,,,,,,,,,,,,,,,,,,,,
Superior Waterway Services Inc,6701 Garden Rd Ste 1,Riviera Beach,FL,33404-5900,5900,"SUPERIOR WATERWAY SERVICES, INC.",6701 Garden Rd Ste 1,Riviera Beach,FL,33404-5900,,"Water Treatment Equipment, Industrial",President,Chris J York,Superior Waterway Services Inc,"https://floridaucc.com/search?text=SUPERIOR WATERWAY SERVICES, INC.&searchOptionType=LegacySearch&searchOptionSubOption=FiledAndLapsedActualDebtorNameList&searchCategory=Standard",Search1600.csv,Lapsed,03/22/2001,03/22/2006,03/02/2026,200100062936,0,1,,,,,,,,,,,2,SUPERIOR WATERWAY SERVICES INC,"124 FIRST TERRACE, PALM BEACH GARDENS, FL, 33418",UCC1,1,,03/22/2001
Ultimate Washer Inc,6701 Garden Rd Ste 3,Riviera Beach,FL,33404-5900,5900,ULTIMATE WASHER INC.,6701 Garden Rd Ste 3,Riviera Beach,FL,33404-5900,,"Cleaning Equipment, High Pressure, Sand Or Steam",President,Mr. Victor Popovics,Ultimate Washer Inc,,Search1600.csv,No close match,,,,,,,,,,,,,,,,,,,,,,,
Rezonate Industries  Inc,3707 Interstate Park Rd S,Riviera Beach,FL,33404-5903,5903,"REZONATE INDUSTRIES, INC.",3707 Interstate Park Rd S,Riviera Beach,FL,33404-5903,,"Personal Service Agents, Brokers, And Bureaus",President,Mr. Carlos J Silva,Rezonate Industries  Inc,"https://floridaucc.com/search?text=REZONATE INDUSTRIES, INC.&searchOptionType=LegacySearch&searchOptionSubOption=FiledAndLapsedActualDebtorNameList&searchCategory=Standard",Search1600.csv,Lapsed,01/30/2020,01/30/2025,03/02/2026,202000759139,1,1,,,,,,,,,,,1,"REZONATE INDUSTRIES, INC","12154 SOUTHWEST 114TH PLACE, MIAMI, FL, 33176",UCC1,2,,01/30/2020
Basik Trading  Inc,3716 Interstate Park Rd N,Riviera Beach,FL,33404-5904,5904,"BASIK TRADING, INC.",3716 Interstate Park Rd N,Riviera Beach,FL,33404-5904,,Cigars,President,Mr. Andrew Katz,Basik Trading  Inc,"https://floridaucc.com/search?text=BASIK TRADING, INC.&searchOptionType=LegacySearch&searchOptionSubOption=FiledAndLapsedActualDebtorNameList&searchCategory=Standard",Search1600.csv,Lapsed,11/17/2008,11/17/2013,03/02/2026,200809538170,0,1,,,,,,,,,,,1,"BASIK TRADING, INC.","581-105 AVE. N UNIT 37, ROYAL PALM BEACH, FL, 33411",UCC1,1,,11/17/2008
Beach Environmental South  LLC,6911 Garden Road,Riviera Beach,FL,33404-5905,5905,"BEACH ENVIRONMENTAL SOUTH, LLC",6911 Garden Rd,Riviera Beach,FL,33404-5905,,Pest Control In Structures,Principal,Mr. Gregg D Daniel,Beach Environmental South  LLC,,Search1600.csv,No close match,,,,,,,,,,,,,,,,,,,,,,,
Serta Mattress Co,3774 Interstate Park Rd N,Riviera Beach,FL,33404-5908,5908,SERTA MATTRESS CO,3774 Interstate Park Rd N,Riviera Beach,FL,33404-5908,C001,Mattresses,Principal,Mr. Jose Deluna,Serta Mattress Co,,Search1600.csv,No close match,,,,,,,,,,,,,,,,,,,,,,,
Stallion Equities LLC,3718 Interstate Park Rd N,Riviera Beach,FL,33404-5908,5908,STALLION EQUITIES LLC,3718 Interstate Park Rd N,Riviera Beach,FL,33404-5908,,Lighting Fixtures,Managing Member,Mr. Ravi Bajaj,Stallion Equities LLC,https://floridaucc.com/search?text=STALLION EQUITIES LLC&searchOptionType=LegacySearch&searchOptionSubOption=FiledAndLapsedActualDebtorNameList&searchCategory=Standard,Search1600.csv,Filed,08/21/2024,08/21/2029,03/02/2026,202402226615,0,1,,,,,,,,,,,1,STALLION EQUITIES LLC,"3718 INTERSTATE PARK RD N, RIVIERA BEACH, FL, 33404",UCC1,1,,08/21/2024
Vertarib Inc,3660 Interstate Park Way,Riviera Beach,FL,33404-5911,5911,VERTARIB INC.,3660 Interstate Park Way,Riviera Beach,FL,33404-5911,C001,"Tank Towers, Metal Plate",Chief Executive Officer,Mr. Alan Dinow,Vertarib Inc,https://floridaucc.com/search?text=VERTARIB INC.&searchOptionType=LegacySearch&searchOptionSubOption=FiledAndLapsedActualDebtorNameList&searchCategory=Standard,Search1600.csv,Filed,05/21/2020,05/21/2030,03/02/2026,202001692801,1,1,,,,,,,,,,,1,VERTARIB INC.,"9005 SOUTHERN BLVD, ROYAL PALM BEACH, FL, 33411",UCC1,1,,05/21/2020
Adatif Medical Incorporated,3660 Interstate Park Way,West Palm Beach,FL,33404-5911,5911,ADATIF MEDICAL INCORPORATED,3660 Interstate Park Way,West Palm Beach,FL,33404-5911,,Surgical And Medical Instruments,Chairman Of The Board,Kerrigan Turner,Adatif Medical Incorporated,,Search1600.csv,No close match,,,,,,,,,,,,,,,,,,,,,,,
Sauce Crafters Incorporated,3695 Interstate Park Way,Riviera Beach,FL,33404-5913,5913,SAUCE CRAFTERS INCORPORATED,3695 Interstate Park Way Ste 2,Riviera Beach,FL,33404-5913,C001,Packaging And Labeling Services,President,Mr. Charlie Schandelmayer,Sauce Crafters Incorporated,https://floridaucc.com/search?text=SAUCE CRAFTERS INCORPORATED&searchOptionType=LegacySearch&searchOptionSubOption=FiledAndLapsedActualDebtorNameList&searchCategory=Standard,Search1600.csv,Lapsed,09/27/1999,09/27/2004,03/02/2026,990000219374,1,1,,,,,,,,,,,1,SAUCE CRAFTERS INCORPORATED,"3695 INTERSTATE PARKWAY #2, RIVIERA BEACH, FL, 33404",UCC1,1,,09/27/1999
Palm Beach Truck & Eqp Co,3775 Interstate Park Rd W,West Palm Beach,FL,33404-5915,5915,"PALM BEACH TRUCK & EQUIPMENT CO., INC",3775 Interstate Park Rd W,West Palm Beach,FL,33404-5915,,"Trucks, Tractors, And Trailers: New And Used",President,Mr. John Scopetta,Palm Beach Truck & Eqp Co,,Search1600.csv,No close match,,,,,,,,,,,,,,,,,,,,,,,
Unique Touch Cabinetry  Inc,6753 Garden Rd Ste 105,Riviera Beach,FL,33404-5917,5917,"UNIQUE TOUCH CABINETRY, INC.",6753 Garden Rd Ste 105,Riviera Beach,FL,33404-5917,C001,Wood Kitchen Cabinets,President,Mr. Robert Mcintosh,Unique Touch Cabinetry  Inc,"https://floridaucc.com/search?text=UNIQUE TOUCH CABINETRY, INC.&searchOptionType=LegacySearch&searchOptionSubOption=FiledAndLapsedActualDebtorNameList&searchCategory=Standard",Search1600.csv,Filed,09/29/2017,09/29/2027,03/02/2026,201702753091,1,1,,,,,,,,,,,1,"UNIQUE TOUCH CABINETRY, INC.","6753 GARDEN ROAD 102, RIVIERA BEACH, FL, 33404",UCC1,1,,09/29/2017
Hose Connection  Inc,6753 Garden Rd Ste 109,Riviera Beach,FL,33404-5917,5917,THE HOSE CONNECTION INC,6753 Garden Rd Ste 109,Riviera Beach,FL,33404-5917,,"Hose, Belting, And Packing",President,Mr. Humberto Farinas,Hose Connection  Inc,,Search1600.csv,No close match,,,,,,,,,,,,,,,,,,,,,,,
Life Span Palm Beach Cnty Inc,1400 N Congress Ave,West Palm Beach,FL,33404-6009,6009,"LIFE SPAN OF PALM BEACH COUNTY, INC.",1400 N Congress Ave,West Palm Beach,FL,33404-6009,,Child Day Care Services,Executive Director,Ms. Terri Mitchell,Life Span Palm Beach Cnty Inc,"https://floridaucc.com/search?text=LIFE SPAN OF PALM BEACH COUNTY, INC.&searchOptionType=LegacySearch&searchOptionSubOption=FiledAndLapsedActualDebtorNameList&searchCategory=Standard",Search1600.csv,Lapsed,05/15/2003,05/15/2013,03/02/2026,200303983807,2,1,,,,,,,,,,,1,"LIFE SPAN OF PALM BEACH COUNTY, INC.","1400 NORTH CONGRESS AVENUE, BOX 9035, RIVIERA BEACH, FL, 33419",UCC1,1,,05/15/2003
Holy Grund Shlter For Hmless I,200 W 20th St,Riviera Beach,FL,33404-6160,6160,"HOLY GROUND SHELTER FOR HOMELESS, INC.",200 W 20th St,Riviera Beach,FL,33404-6160,,Social Service Center,Principal,Mr. John P Macfadyen,Holy Grund Shlter For Hmless I,,Search1600.csv,No close match,,,,,,,,,,,,,,,,,,,,,,,
Marine Services Agency  Inc,58 Lake Dr,West Palm Beach,FL,33404-6218,6218,"MARINE SERVICES AGENCY, INC.",58 Lake Dr,West Palm Beach,FL,33404-6218,,Commercial Nonphysical Research,President,W M Guerry,Marine Services Agency  Inc,"https://floridaucc.com/search?text=MARINE SERVICES AGENCY, INC.&searchOptionType=LegacySearch&searchOptionSubOption=FiledAndLapsedActualDebtorNameList&searchCategory=Standard",Search1600.csv,Lapsed,01/29/2001,01/29/2006,03/02/2026,200100020540,0,1,,,,,,,,,,,1,MARINE SERVICES AGENCY INC,"1311 FOLSOM ROAD, LOXAHATCHEE, FL, 33470",UCC1,1,,01/29/2001
Ocean Pointe,71 Ocean Ave,Palm Beach Shores,FL,33404-6225,6225,OCEAN POINTE,71 Ocean Ave,Palm Beach Shores,FL,33404-6225,C005,Hotels And Motels,Principal,Ms. Melissa Fritfphe,Ocean Pointe,https://floridaucc.com/search?text=OCEAN POINTE&searchOptionType=LegacySearch&searchOptionSubOption=FiledAndLapsedActualDebtorNameList&searchCategory=Standard,Search1600.csv,Lapsed,12/28/2011,12/28/2016,03/02/2026,201105902135,0,1,,,,,,,,,,,1,"OCEAN POINTE COMMONS ASSOCIATION, INC.","500 BURTON DRIVE, TAVENRNIER, FL, 33070",UCC1,1,,12/28/2011
Palm Beach Shores Apartments,33 Ocean Ave,Palm Beach Shores,FL,33404-6265,6265,PALM BEACH SHORES APARTMENTS INC,33 Ocean Ave,Palm Beach Shores,FL,33404-6265,C005,Apartment Building Operators,Manager,Mr. Jeff Curtiss,Palm Beach Shores Apartments,,Search1600.csv,No close match,,,,,,,,,,,,,,,,,,,,,,,
West Side Reprographics  Inc,6470 Garden Rd,Riviera Beach,FL,33404-6302,6302,"WEST SIDE REPROGRAPHICS, INC.",6470 Garden Rd,Riviera Beach,FL,33404-6302,C001,Drafting Equipment And Supplies,President,Ms. Debby Lovett,West Side Reprographics  Inc,"https://floridaucc.com/search?text=WEST SIDE REPROGRAPHICS, INC.&searchOptionType=LegacySearch&searchOptionSubOption=FiledAndLapsedActualDebtorNameList&searchCategory=Standard",Search1600.csv,Lapsed,06/04/1999,06/04/2004,03/02/2026,990000126256,0,1,,,,,,,,,,,1,WEST SIDE REPROGRAPHICS INC,"6470 GARDEN RD, RIVIERA BEACH, FL, 33404",UCC1,1,,06/04/1999
Kadassa Inc,3541 Dr Mrtn Lther King J,Riviera Beach,FL,33404-6306,6306,KADASSA INC,3541 Dr Martin Luther King Jr Blvd Ste 7,Riviera Beach,FL,33404-6306,,"Curbing, Granite Or Stone",President,Mr. Martin H Arias,Kadassa Inc,https://floridaucc.com/search?text=KADASSA INC&searchOptionType=LegacySearch&searchOptionSubOption=FiledAndLapsedActualDebtorNameList&searchCategory=Standard,Search1600.csv,Lapsed,08/04/2016,08/04/2021,03/02/2026,201608375887,0,1,,,,,,,,,,,1,KADASSA INC,"1812 ARAGON AVE STE A, LAKE WORTH, FL, 33460",UCC1,1,,08/04/2016
Palm Beach Ldry & Lin Svc Inc,3541 Dr Mrtn Lther King J,Riviera Beach,FL,33404-6306,6306,"PALM BEACH LAUNDRY AND LINEN SERVICE, INC.",3541 Dr Martin Luther King Jr Blvd Ste 11,Riviera Beach,FL,33404-6306,C001,"Power Laundries, Family And Commercial",President,Yousra Shraiteh,Palm Beach Ldry & Lin Svc Inc,,Search1600.csv,No close match,,,,,,,,,,,,,,,,,,,,,,,
Legacy Contracting Solutions,6557 Garden Rd Ste 10,Riviera Beach,FL,33404-6307,6307,"LEGACY CONTRACTING SOLUTIONS, INC",6557 Garden Rd Ste 10,Riviera Beach,FL,33404-6307,C001,Construction And Mining Machinery,President,Mr. William C Moore,Legacy Contracting Solutions,"https://floridaucc.com/search?text=LEGACY CONTRACTING SOLUTIONS, INC&searchOptionType=LegacySearch&searchOptionSubOption=FiledAndLapsedActualDebtorNameList&searchCategory=Standard",Search1600.csv,Filed,08/28/2025,08/28/2030,03/02/2026,202503440442,0,1,,,,,,,,,,,1,"LEGACY CONTRACTING SOLUTIONS, INC","6557 GARDEN ROAD #10, RIVIERA BEACH, FL, 33404",UCC1,1,,08/28/2025
Sembco Stl Erection Met Bldg,3450 Dr Mrtn Lther King J,Riviera Beach,FL,33404-6314,6314,SEMBCO STEEL ERECTION METAL BUILDING COMPANY,3450 Dr Martin Luther King Jr Blvd,Riviera Beach,FL,33404-6314,,Fabricated Structural Metal,President,Mr. Wallace C Sease,Sembco Stl Erection Met Bldg,,Search1600.csv,No close match,,,,,,,,,,,,,,,,,,,,,,,
Pendulum One  Inc,6555 Garden Rd Ste 13,Riviera Beach,FL,33404-6318,6318,"PENDULUM ONE, INC.",6555 Garden Rd Ste 13,Riviera Beach,FL,33404-6318,,Chairs: Upholstered On Wood Frames,President,Mr. Ira D Smith,Pendulum One  Inc,"https://floridaucc.com/search?text=PENDULUM ONE, INC.&searchOptionType=LegacySearch&searchOptionSubOption=FiledAndLapsedActualDebtorNameList&searchCategory=Standard",Search1600.csv,Lapsed,11/15/1995,11/15/2000,03/02/2026,950000229780,0,1,,,,,,,,,,,1,PENDULUM ONE INC,"3630B REES AVE, RIVIERA BEACH, FL, 33404",UCC1,1,,11/15/1995
Landmark Cnstr Companies Inc,6555 Garden Rd Ste 18,Riviera Beach,FL,33404-6318,6318,"LANDMARK CONSTRUCTION COMPANIES, INC.",6555 Garden Rd Ste 18,Riviera Beach,FL,33404-6318,C001,"Residential Construction, Nec",Principal,Mr. Dominick J Agostino,Landmark Cnstr Companies Inc,,Search1600.csv,No close match,,,,,,,,,,,,,,,,,,,,,,,
Abele Sheetmetal Works  Inc,1964 W 9th St Ste 3,Riviera Beach,FL,33404-6426,6426,"ABELE SHEETMETAL WORKS, INC.",1964 W 9th St Ste 3,Riviera Beach,FL,33404-6426,C022,Sheet Metalwork,President,Mr. Fred Abele,Abele Sheetmetal Works  Inc,"https://floridaucc.com/search?text=ABELE SHEETMETAL WORKS, INC.&searchOptionType=LegacySearch&searchOptionSubOption=FiledAndLapsedActualDebtorNameList&searchCategory=Standard",Search1600.csv,Lapsed,11/18/2003,11/18/2008,03/02/2026,20030548302X,1,1,,,,,,,,,,,1,"ABELE SHEETMETAL WORKS, INC.","3931 WESTGATE AVE., SUITE 3, WEST PALM BEACH, FL, 33409",UCC1,1,,11/18/2003
Air Service Inc,1964 W 9th St Ste 1,Riviera Beach,FL,33404-6426,6426,AIR SERVICE INC,1964 W 9th St Ste 1,Riviera Beach,FL,33404-6426,,Warm Air Heating And Air Conditioning Contractor,President,Mr. Arthur Garbarino,Air Service Inc,https://floridaucc.com/search?text=AIR SERVICE INC&searchOptionType=LegacySearch&searchOptionSubOption=FiledAndLapsedActualDebtorNameList&searchCategory=Standard,Search1600.csv,Lapsed,03/30/1998,03/30/2008,03/02/2026,980000068684,2,1,,,,,,,,,,,1,AIR SERVICE OF MANASOTA INC,"1882 PORTER LAKE DRIVE, UNIT 108, SARASOTA, FL, 34240",UCC1,1,,03/30/1998
J R Stone Design  Inc,1960 W 9th St Ste 8,Riviera Beach,FL,33404-6429,6429,"J R STONE DESIGN, INC.",1960 W 9th St Ste 8,Riviera Beach,FL,33404-6429,C022,Design Services,President,Jaime Rodriguez,J R Stone Design  Inc,"https://floridaucc.com/search?text=J R STONE DESIGN, INC.&searchOptionType=LegacySearch&searchOptionSubOption=FiledAndLapsedActualDebtorNameList&searchCategory=Standard",Search1600.csv,Filed,04/25/2024,04/25/2029,03/02/2026,202401098001,0,1,,,,,,,,,,,1,J R STONE DESIGN INC,"1960 W 9TH ST STE 8, RIVIERA BEACH, FL, 33404",UCC1,2,,04/25/2024
Proton Electric Service  LLC,1751 W 10th St,Riviera Beach,FL,33404-6431,6431,"PROTON ELECTRIC SERVICE, LLC",1751 W 10th St,Riviera Beach,FL,33404-6431,C022,General Electrical Contractor,Managing Member,Mr. Robert Ciceroni,Proton Electric Service  LLC,"https://floridaucc.com/search?text=PROTON ELECTRIC SERVICE, LLC&searchOptionType=LegacySearch&searchOptionSubOption=FiledAndLapsedActualDebtorNameList&searchCategory=Standard",Search1600.csv,Lapsed,10/08/2019,10/08/2024,03/02/2026,201909855497,0,1,,,,,,,,,,,1,PROTON ELECTRIC SERVICE LLC,"1751 W. 10TH ST, RIVIERA BEACH, FL, 33404",UCC1,1,,10/08/2019
Field Staff  Inc,1860 W 10th St,Riviera Beach,FL,33404-6436,6436,"FIELD STAFF, INC.",1860 W 10th St,Riviera Beach,FL,33404-6436,,Lawn And Garden Services,President,Ms. Sharon L Gillenwalters,Field Staff  Inc,,Search1600.csv,No close match,,,,,,,,,,,,,,,,,,,,,,,
One Unit Land Development Inc,1571 W 13th St,Riviera Beach,FL,33404-6520,6520,ONE UNIT LAND DEVELOPMENT INC.,1571 W 13th St,Riviera Beach,FL,33404-6520,,"Subdividers And Developers, Nec",President,Mr. Eugene Cooper,One Unit Land Development Inc,,Search1600.csv,No close match,,,,,,,,,,,,,,,,,,,,,,,
Palm Beach Marble Imports Inc,1401 W 13th St Ste 101,Riviera Beach,FL,33404-6609,6609,PALM BEACH MARBLE IMPORTS INC,1401 W 13th St Ste 101,Riviera Beach,FL,33404-6609,C013,"Marble Installation, Interior",Chief Executive Officer,Mr. Carlos Castilla,Palm Beach Marble Imports Inc,https://floridaucc.com/search?text=PALM BEACH MARBLE IMPORTS INC&searchOptionType=LegacySearch&searchOptionSubOption=FiledAndLapsedActualDebtorNameList&searchCategory=Standard,Search1600.csv,Lapsed,07/11/2016,07/11/2021,03/02/2026,201608133964,0,1,,,,,,,,,,,2,PALM BEACH MARBLE IMPORTS INC,"1900 AVENUE L, RIVIERA BEACH, FL, 33404",UCC1,1,,07/11/2016
Abbsi Natural Mfg Ltd Lblty Co,1210 W 13th St Ste A,Riviera Beach,FL,33404-6639,6639,ABBSI NATURAL MANUFACTURING LIMITED LIABILITY COMPANY,1210 W 13th St Ste A,Riviera Beach,FL,33404-6639,,"Manufacturing Industries, Nec",Member,Mr. Eliyahu Moulavi,Abbsi Natural Mfg Ltd Lblty Co,,Search1600.csv,No close match,,,,,,,,,,,,,,,,,,,,,,,
Black Coral Rum LLC,1231 W 13th St Bldg 15,Riviera Beach,FL,33404-6640,6640,CORAL BLACK RUM LLC,1231 W 13th St Bldg 15,Riviera Beach,FL,33404-6640,C013,Distilled And Blended Liquors,Manager,Mr. Benjamin C Etheridge,Black Coral Rum LLC,,Search1600.csv,No close match,,,,,,,,,,,,,,,,,,,,,,,
Ocean Master Marine Inc,837 W 13th St Unit C,West Palm Beach,FL,33404-6702,6702,OCEAN MASTER MARINE INC,837 W 13th St Unit C,West Palm Beach,FL,33404-6702,,"Fishing Boats: Lobster, Crab, Oyster, Etc.: Small",President,Mr. Mark Hauptner,Ocean Master Marine Inc,https://floridaucc.com/search?text=OCEAN MASTER MARINE INC&searchOptionType=LegacySearch&searchOptionSubOption=FiledAndLapsedActualDebtorNameList&searchCategory=Standard,Search1600.csv,Lapsed,12/11/1997,12/11/2002,03/02/2026,970000277200,0,1,,,,,,,,,,,1,OCEAN MASTER MARINE INC,"837 13TH ST, RIVIEREA BCH, FL, 33404",UCC1,1,,12/11/1997
All Time Installations  Inc,1160 W 13th St Ste 8,Riviera Beach,FL,33404-6715,6715,"ALL TIME INSTALLATIONS, INC.",1160 W 13th St Ste 8,Riviera Beach,FL,33404-6715,C010,Freight Transportation Arrangement,Director,Mr. John Wright,All Time Installations  Inc,"https://floridaucc.com/search?text=ALL TIME INSTALLATIONS, INC.&searchOptionType=LegacySearch&searchOptionSubOption=FiledAndLapsedActualDebtorNameList&searchCategory=Standard",Search1600.csv,Lapsed,11/24/2004,11/24/2009,03/02/2026,200408391462,0,1,,,,,,,,,,,1,"ALL TIME INSTALLATIONS, INC","2424 24TH LANE, PALM BEACH GARDENS, FL, 33418",UCC1,1,,11/24/2004
Borgzinner Inc,1160 W 13th St Ste 10,Riviera Beach,FL,33404-6715,6715,BORGZINNER INC.,1160 W 13th St Ste 10,Riviera Beach,FL,33404-6715,C010,"Cabinets, Factory",President,Mr. Ken Stevens,Borgzinner Inc,https://floridaucc.com/search?text=BORGZINNER INC.&searchOptionType=LegacySearch&searchOptionSubOption=FiledAndLapsedActualDebtorNameList&searchCategory=Standard,Search1600.csv,Lapsed,04/25/2012,04/25/2017,03/02/2026,201206616529,0,1,,,,,,,,,,,1,BORGZINNER INC,"1135 53RD CT NORTH, WEST PALM BEACH, FL, 33407",UCC1,1,,04/25/2012
USA Recycling Centers LLC,940 W 13th St Ste 3,Riviera Beach,FL,33404-6717,6717,U.S.A. RECYCLING CENTERS LLC,940 W 13th St Ste 3,Riviera Beach,FL,33404-6717,C010,"Recycling, Waste Materials",President,Mr. David Palmer,USA Recycling Centers LLC,https://floridaucc.com/search?text=U.S.A. RECYCLING CENTERS LLC&searchOptionType=LegacySearch&searchOptionSubOption=FiledAndLapsedActualDebtorNameList&searchCategory=Standard,Search1600.csv,Lapsed,11/09/2018,11/09/2023,03/02/2026,201806998252,0,1,,,,,,,,,,,1,USA RECYCLING CENTERS LLC,"940 W 13TH ST, RIVIERA BEACH, FL, 33404",UCC1,1,,11/09/2018
A-1 Amrcan Mtal Rfinishing Inc,935 15th St W,West Palm Beach,FL,33404-6719,6719,"A-1 AMERICAN METAL REFINISHING, INC.",935 W 15th St,West Palm Beach,FL,33404-6719,,Sandblasting Of Building Exteriors,Partner,Mr. Willam Rielly,A-1 Amrcan Mtal Rfinishing Inc,,Search1600.csv,No close match,,,,,,,,,,,,,,,,,,,,,,,
Guardian Pool and Spa Inc,951 W 15th St,Riviera Beach,FL,33404-6719,6719,GUARDIAN POOL AND SPA INC.,951 W 15th St,Riviera Beach,FL,33404-6719,C010,Swimming Pool And Hot Tub Service And Maintenance,President,Mr. Oliver Longobardi,Guardian Pool and Spa Inc,,Search1600.csv,No close match,,,,,,,,,,,,,,,,,,,,,,,
Kelly Stone Inc,921 W 15th St,West Palm Beach,FL,33404-6719,6719,KELLY STONE INC.,921 W 15th St,West Palm Beach,FL,33404-6719,,"Tile Installation, Ceramic",President,Mr. James Kelly,Kelly Stone Inc,https://floridaucc.com/search?text=KELLY STONE INC.&searchOptionType=LegacySearch&searchOptionSubOption=FiledAndLapsedActualDebtorNameList&searchCategory=Standard,Search1600.csv,Lapsed,10/10/2017,10/10/2022,03/02/2026,201702914451,0,1,,,,,,,,,,,1,KELLY STONE INC.,"921 W. 15TH STREET, RIVIERA BEACH, FL, 33404",UCC1,1,,10/10/2017
Steam-S-Way  Inc,945 W 15th St,Riviera Beach,FL,33404-6719,6719,"STEAM-S-WAY, INC.",945 W 15th St,Riviera Beach,FL,33404-6719,C010,Carpet And Furniture Cleaning On Location,President,Mr. John I Torres,Steam-S-Way  Inc,,Search1600.csv,No close match,,,,,,,,,,,,,,,,,,,,,,,
Tapco International  Inc,990 W 15th St,Riviera Beach,FL,33404-6720,6720,"TAPCO INTERNATIONAL, INC.",990 W 15th St,Riviera Beach,FL,33404-6720,C010,Automotive Supplies And Parts,Principal,Mauricio Fernandez,Tapco International  Inc,"https://floridaucc.com/search?text=TAPCO INTERNATIONAL, INC.&searchOptionType=LegacySearch&searchOptionSubOption=FiledAndLapsedActualDebtorNameList&searchCategory=Standard",Search1600.csv,Lapsed,12/14/1987,12/14/1997,03/02/2026,1870201478,2,1,,,,,,,,,,,3,TAPCO INTERNATIONAL INC,"994 W 15TH ST, RIVIERA BCH, FL, 33404",UCC1,1,,12/14/1987
Beyel Brothers Inc,900 W 15th St,Riviera Beach,FL,33404-6720,6720,BEYEL BROTHERS INC,900 W 15th St,Riviera Beach,FL,33404-6720,C010,Diesel Engine Repair: Automotive,President,Mr. Steve Beyel,Beyel Brothers Inc,https://floridaucc.com/search?text=BEYEL BROTHERS INC&searchOptionType=LegacySearch&searchOptionSubOption=FiledAndLapsedActualDebtorNameList&searchCategory=Standard,Search1600.csv,Lapsed,11/14/1994,11/14/1999,03/02/2026,940000229827,0,1,,,,,,,,,,,1,BEYEL BROTHERS INC,"1435 COX RD, COCOA, FL, 32926",UCC1,2,,11/14/1994
Iepcsm  LLC,990 W 15th St,Riviera Beach,FL,33404-6720,6720,"IEPCSM, LLC",990 W 15th St,Riviera Beach,FL,33404-6720,,Pest Control In Structures,Principal,Mr. Stephen Macdonald,Iepcsm  LLC,,Search1600.csv,No close match,,,,,,,,,,,,,,,,,,,,,,,
Sterling Industry  LLC,834 W 13th Ct,Riviera Beach,FL,33404-6727,6727,"STERLING INDUSTRY, LLC",834 W 13th Ct,Riviera Beach,FL,33404-6727,C010,Sheet Metalwork,Member,Mr. Thomas J Sterling,Sterling Industry  LLC,"https://floridaucc.com/search?text=STERLING INDUSTRY, LLC&searchOptionType=LegacySearch&searchOptionSubOption=FiledAndLapsedActualDebtorNameList&searchCategory=Standard",Search1600.csv,Lapsed,04/25/2018,04/25/2023,03/02/2026,201804981263,1,1,,,,,,,,,,,1,"STERLING INDUSTRY, LLC","834 W 13TH CT., RIVIERA BEACH, FL, 33404",UCC1,1,,04/25/2018
Bn Biofuels  LLC,1 E 11th St Ste 202,Riviera Beach,FL,33404-6921,6921,"BN BIOFUELS, LLC",1 E 11th St Ste 202,Riviera Beach,FL,33404-6921,C010,"Industrial Organic Chemicals, Nec",Owner,Mr. Anthony Quinones,Bn Biofuels  LLC,,Search1600.csv,No close match,,,,,,,,,,,,,,,,,,,,,,,
Majestic Princess Cruises LLC,200 E 13th St,Riviera Beach,FL,33404-6930,6930,MAJESTIC PRINCESS CRUISES LLC,200 E 13th St,Riviera Beach,FL,33404-6930,,Flying Charter Service,President,Mr. Casey Mcqueen,Majestic Princess Cruises LLC,https://floridaucc.com/search?text=MAJESTIC PRINCESS CRUISES LLC&searchOptionType=LegacySearch&searchOptionSubOption=FiledAndLapsedActualDebtorNameList&searchCategory=Standard,Search1600.csv,Lapsed,06/20/2008,06/20/2023,03/02/2026,200808586236,3,1,,,,,,,,,,,2,"GG&RM, LLC","3050 SABRELINE TERRACE, GREENACRES, FL, 33463",UCC1,2,,06/20/2008
Oplsudsco,2051 Dr Mrtn Lther King J,Riviera Beach,FL,33404-7004,7004,OPLSUDSCO,2051 Dr Martin Luther King Jr Blvd,Riviera Beach,FL,33404-7004,C022,Laundry And Dry Cleaning Equipment And Supplies,Principal,Gerry Mcmaster,Oplsudsco,,Search1600.csv,No close match,,,,,,,,,,,,,,,,,,,,,,,
United States Cnstr Sup Corp,460 Avenue S,Riviera Beach,FL,33404-7108,7108,UNITED STATES CONSTRUCTION SUPPLY CORP.,460 Avenue S,Riviera Beach,FL,33404-7108,C022,Plumbing And Hydronic Heating Supplies,Principal,Mr. Bernard Brunet,United States Cnstr Sup Corp,,Search1600.csv,No close match,,,,,,,,,,,,,,,,,,,,,,,
Advanced Rebar Engrg Svcs LLC,601 Avenue S,Riviera Beach,FL,33404-7112,7112,ADVANCED REBAR AND ENGINEERING SERVICES LLC,601 Avenue S,Riviera Beach,FL,33404-7112,C022,"Bars, Concrete Reinforcing: Fabricated Steel",Managing Member,Ms. Autumn Bowe,Advanced Rebar Engrg Svcs LLC,,Search1600.csv,No close match,,,,,,,,,,,,,,,,,,,,,,,
Trustory Organization  LLC,1555 Dr Mrtn Lther King J,Riviera Beach,FL,33404-7122,7122,"TRUSTORY ORGANIZATION, LLC",1555 Dr Martin Luther King Jr Blvd Apt C203,Riviera Beach,FL,33404-7122,,Retail Trade Consultant,Managing Member,Mr. Charles G Rudolph,Trustory Organization  LLC,,Search1600.csv,No close match,,,,,,,,,,,,,,,,,,,,,,,
Atkins Tender Loving Care Inc,1133 W 10th St 1144,Riviera Beach,FL,33404-7313,7313,"ATKINS TENDER LOVING CARE, INC.",1133 W 10th St # 1144,Riviera Beach,FL,33404-7313,C013,Kindergarten,Owner,Mr. John Atkins,Atkins Tender Loving Care Inc,"https://floridaucc.com/search?text=ATKINS TENDER LOVING CARE, INC.&searchOptionType=LegacySearch&searchOptionSubOption=FiledAndLapsedActualDebtorNameList&searchCategory=Standard",Search1600.csv,Lapsed,08/12/1991,08/12/1996,03/02/2026,910000174027,0,1,,,,,,,,,,,1,ATKINS TENDER LOVING CARE INC,"1133 W 10 ST, RIVIERA BEACH, FL, 33404",UCC1,3,,08/12/1991
Cheeseboarder LLC,1199 Prsdent Brack Obama,Riviera Beach,FL,33404-7327,7327,CHEESEBOARDER LLC,1199 President Barack Obama Hwy,Riviera Beach,FL,33404-7327,,"Food Preparations, Nec",Member,Mr. Aaron Menitoff,Cheeseboarder LLC,https://floridaucc.com/search?text=CHEESEBOARDER LLC&searchOptionType=LegacySearch&searchOptionSubOption=FiledAndLapsedActualDebtorNameList&searchCategory=Standard,Search1600.csv,Filed,11/28/2022,11/28/2027,03/02/2026,202203742767,0,1,,,,,,,,,,,1,CHEESEBOARDER LLC,"1199 PRESIDENT BARACK OBAMA HWY, RIVIERA BEACH, FL, 33404-7327",UCC1,1,,11/28/2022
Palmwood Corporation,301 W 11th St Unit 1,Riviera Beach,FL,33404-7500,7500,PALMWOOD CORPORATION,301 W 11th St Unit 1,Riviera Beach,FL,33404-7500,C010,Concrete Work,President,Mr. John P Cleary,Palmwood Corporation,https://floridaucc.com/search?text=PALMWOOD CORPORATION&searchOptionType=LegacySearch&searchOptionSubOption=FiledAndLapsedActualDebtorNameList&searchCategory=Standard,Search1600.csv,Lapsed,05/03/1995,05/03/2000,03/02/2026,950000089088,0,1,,,,,,,,,,,1,PALMWOOD CORPORATION,"PO BOX 6056, W PALM BEACH, FL, 33405",UCC1,2,,05/03/1995
Next-Port  Inc,200 Dr Mrtn Lther King Jr,Riviera Beach,FL,33404-7506,7506,"NEXT-PORT, INC.",200 Dr Martin Luther King Jr Blvd,Riviera Beach,FL,33404-7506,,"Fruits, Fresh",President,Mr. Robert L Netkin,Next-Port  Inc,"https://floridaucc.com/search?text=NEXT-PORT, INC.&searchOptionType=LegacySearch&searchOptionSubOption=FiledAndLapsedActualDebtorNameList&searchCategory=Standard",Search1600.csv,Lapsed,08/08/2005,08/08/2015,03/02/2026,200500379236,1,1,,,,,,,,,,,1,"NEXT-PORT, INC.","1365 NORTHWEST 23RD ST., MIAMI, FL, 33299",UCC1,1,,08/08/2005
Oberg Enterprises Inc,328 W 10th St,West Palm Beach,FL,33404-7514,7514,OBERG ENTERPRISES INC,328 W 10th St,West Palm Beach,FL,33404-7514,,Painting And Paper Hanging,President,Mr. John Oberg,Oberg Enterprises Inc,,Search1600.csv,No close match,,,,,,,,,,,,,,,,,,,,,,,
Saadeh Market Inc,201 Old Dixie Hwy,West Palm Beach,FL,33404-7666,7666,SAADEH MARKET INC,201 President Barack Obama Hwy,West Palm Beach,FL,33404-7666,,"Grocery Stores, Independent",President,Mazen Saadeh,Saadeh Market Inc,https://floridaucc.com/search?text=SAADEH MARKET INC&searchOptionType=LegacySearch&searchOptionSubOption=FiledAndLapsedActualDebtorNameList&searchCategory=Standard,Search1600.csv,Lapsed,10/28/1996,10/28/2001,03/02/2026,960000227410,0,1,,,,,,,,,,,2,SAADEH MAZEN A,"753 CONNESTEE RD, W PALM BEACH, FL, 33413",UCC1,1,,10/28/1996
Visual Evidence  Inc,P O Box 6967,West Palm Beach,FL,33405,,"VISUAL EVIDENCE, INC.",601 N Dixie Hwy Ste A,West Palm Beach,FL,33401-3923,,Video Tape Production,President,Mr. Michael Downey,Visual Evidence  Inc,"https://floridaucc.com/search?text=VISUAL EVIDENCE, INC.&searchOptionType=LegacySearch&searchOptionSubOption=FiledAndLapsedActualDebtorNameList&searchCategory=Standard",Search1600.csv,Lapsed,09/13/1999,09/13/2004,03/02/2026,990000210355,1,1,,,,,,,,,,,1,VISUAL EVIDENCE INC,"601 N. DIXIE HIGHWAY, SUITE A, WEST PALM BEACH, FL, 33401",UCC1,2,,09/13/1999
Tim D Johnson Inc,2903 Hillsboro Rd,West Palm Beach,FL,33405-1000,1000,TIM D JOHNSON INC,2903 Hillsboro Rd Ste 1,West Palm Beach,FL,33405-1000,,"Commercial And Office Building, New Construction",Owner,Mr. Tim Johnson,Tim D Johnson Inc,,Search1600.csv,No close match,,,,,,,,,,,,,,,,,,,,,,,
Savnik Plumbing LLC,1423 Allendale Rd,West Palm Beach,FL,33405-1005,1005,SAVNIK PLUMBING LLC,1423 Allendale Rd,West Palm Beach,FL,33405-1005,C015,Plumbing Contractors,Managing Member,Mr. James Savnik,Savnik Plumbing LLC,https://floridaucc.com/search?text=SAVNIK PLUMBING LLC&searchOptionType=LegacySearch&searchOptionSubOption=FiledAndLapsedActualDebtorNameList&searchCategory=Standard,Search1600.csv,Filed,04/25/2023,04/25/2028,03/02/2026,202301112005,0,1,,,,,,,,,,,1,SAVNIK PLUMBING LLC,"1423 ALLENDALE RD, WEST PALM BEACH, FL, 33405-1005",UCC1,1,,04/25/2023
Phillips Palm Beach  Inc,1301 Belvedere Rd,West Palm Beach,FL,33405-1011,1011,"PHILLIPS PALM BEACH, INC.",1301 Belvedere Rd,West Palm Beach,FL,33405-1011,C015,Hotels,President,Mr. Brice R Phillips,Phillips Palm Beach  Inc,"https://floridaucc.com/search?text=PHILLIPS PALM BEACH, INC.&searchOptionType=LegacySearch&searchOptionSubOption=FiledAndLapsedActualDebtorNameList&searchCategory=Standard",Search1600.csv,Lapsed,11/13/1996,11/13/2001,03/02/2026,960000238953,0,1,,,,,,,,,,,2,PHILLIPS PALM BEACH INC,"1301 BELVEDERE RD, WEST PALM BCH, FL, 33405",UCC1,2,,11/13/1996
Diamond Plastering  Inc,1409 Forsythe Rd,West Palm Beach,FL,33405-1013,1013,"DIAMOND PLASTERING, INC",1409 Forsythe Rd,West Palm Beach,FL,33405-1013,,Drywall,President,Perry A Diamond,Diamond Plastering  Inc,,Search1600.csv,No close match,,,,,,,,,,,,,,,,,,,,,,,
D & D Quality Constructors Inc,1409 Forsythe Rd,West Palm Beach,FL,33405-1013,1013,"D & D QUALITY CONSTRUCTORS, INC.",1409 Forsythe Rd,West Palm Beach,FL,33405-1013,C015,"Plastering, Plain Or Ornamental",President,Ms. Blanca Diamond,D & D Quality Constructors Inc,"https://floridaucc.com/search?text=D & D QUALITY CONSTRUCTORS, INC.&searchOptionType=LegacySearch&searchOptionSubOption=FiledAndLapsedActualDebtorNameList&searchCategory=Standard",Search1600.csv,Lapsed,12/15/2010,12/15/2015,03/02/2026,20100374218X,0,1,,,,,,,,,,,1,"D & D QUALITY CONSTRUCTORS, INC.","1409 FORSYTHE RD, WEST PALM BEACH, FL, 33405",UCC1,2,,12/15/2010
Oww LLC,3001 Tuxedo Ave,West Palm Beach,FL,33405-1031,1031,OWW LLC,3001 Tuxedo Ave,West Palm Beach,FL,33405-1031,C015,Millwork,Member,Mr. Vincent S Oliveri,Oww LLC,https://floridaucc.com/search?text=OWW LLC&searchOptionType=LegacySearch&searchOptionSubOption=FiledAndLapsedActualDebtorNameList&searchCategory=Standard,Search1600.csv,Lapsed,09/20/2006,09/20/2011,03/02/2026,200603697656,0,1,,,,,,,,,,,1,OWW LLC,"3001 TUXEDO AVE, WEST PALM BEACH, FL, 33405",UCC1,1,,09/20/2006
Porath Fine Cabinetry Inc,3101 Tuxedo Ave,West Palm Beach,FL,33405-1033,1033,PORATH FINE CABINETRY INC,3101 Tuxedo Ave,West Palm Beach,FL,33405-1033,C015,Wood Kitchen Cabinets,President,Mr. Shaul Porath,Porath Fine Cabinetry Inc,,Search1600.csv,No close match,,,,,,,,,,,,,,,,,,,,,,,
Xtreme Industries  LLC,3114 Tuxedo Ave,West Palm Beach,FL,33405-1034,1034,"XTREME INDUSTRIES, LLC",3114 Tuxedo Ave,West Palm Beach,FL,33405-1034,C015,Single-Family Housing Construction,Manager,Mr. Stephen A Macdonald Trus,Xtreme Industries  LLC,"https://floridaucc.com/search?text=XTREME INDUSTRIES, LLC&searchOptionType=LegacySearch&searchOptionSubOption=FiledAndLapsedActualDebtorNameList&searchCategory=Standard",Search1600.csv,Filed,06/10/2021,06/10/2026,03/02/2026,202107362232,1,1,,,,,,,,,,,1,"XTREME INDUSTRIES, LLC","3114 TUXEDO AVE, WEST PALM BEACH, FL, 33405",UCC1,1,,06/10/2021
Im Electric  Inc,2920 Tuxedo Ave,West Palm Beach,FL,33405-1038,1038,"I.M. ELECTRIC, INC.",2920 Tuxedo Ave,West Palm Beach,FL,33405-1038,C015,General Electrical Contractor,President,Mr. Greg L Mandor,Im Electric  Inc,,Search1600.csv,No close match,,,,,,,,,,,,,,,,,,,,,,,
Ace Amusement Service  Inc,1213 Omar Rd,West Palm Beach,FL,33405-1046,1046,"ACE AMUSEMENT SERVICE, INC.",1213 Omar Rd,West Palm Beach,FL,33405-1046,C015,Coin-Operated Amusement Devices,President,J C Soloman,Ace Amusement Service  Inc,"https://floridaucc.com/search?text=ACE AMUSEMENT SERVICE, INC.&searchOptionType=LegacySearch&searchOptionSubOption=FiledAndLapsedActualDebtorNameList&searchCategory=Standard",Search1600.csv,Lapsed,03/01/1999,03/01/2004,03/02/2026,990000044806,0,1,,,,,,,,,,,1,ACE AMUSEMENT SERVICE INC,"5704 GEORGIA AVENUE, W PALM BEACH, FL, 33405",UCC1,1,,03/01/1999
William D Adeimy Jr Inc,1201 Omar Rd,West Palm Beach,FL,33405-1046,1046,WILLIAM D ADEIMY JR INC,1201 Omar Rd,West Palm Beach,FL,33405-1046,C015,Concrete Work,President,Mr. William D Adeimy,William D Adeimy Jr Inc,https://floridaucc.com/search?text=WILLIAM D ADEIMY JR INC&searchOptionType=LegacySearch&searchOptionSubOption=FiledAndLapsedActualDebtorNameList&searchCategory=Standard,Search1600.csv,Lapsed,11/25/1998,11/25/2003,03/02/2026,980000262257,1,1,,,,,,,,,,,1,WILLIAM D ADEIMY JR INC,"1201 OMAR RD, WEST PALM BEACH, FL, 33405",UCC1,2,,11/25/1998
Darbster  LLC,1226 Omar Rd,West Palm Beach,FL,33405-1047,1047,"DARBSTER, LLC",1226 Omar Rd,West Palm Beach,FL,33405-1047,,Civic And Social Associations,Principal,Ms. Ellen Quinian,Darbster  LLC,,Search1600.csv,No close match,,,,,,,,,,,,,,,,,,,,,,,
Godfrey Electric  Inc,1222 Omar Rd,West Palm Beach,FL,33405-1047,1047,"GODFREY ELECTRIC, INC.",1222 Omar Rd,West Palm Beach,FL,33405-1047,C015,General Electrical Contractor,President,Mr. Albert Godfrey,Godfrey Electric  Inc,"https://floridaucc.com/search?text=GODFREY ELECTRIC, INC.&searchOptionType=LegacySearch&searchOptionSubOption=FiledAndLapsedActualDebtorNameList&searchCategory=Standard",Search1600.csv,Lapsed,05/19/1997,05/19/2002,03/02/2026,970000108269,0,1,,,,,,,,,,,1,GODFREY ELECTRIC INC,"1222 OMAR RD, WEST PALM BEACH, FL, 33405",UCC1,4,,05/19/1997
US Micro Corporation,900 Belvedere Rd Ste 3,West Palm Beach,FL,33405-1100,1100,US MICRO CORPORATION,900 Belvedere Rd Ste 3,West Palm Beach,FL,33405-1100,C015,Computer Software,President,Ashley Nguyen,US Micro Corporation,https://floridaucc.com/search?text=US MICRO CORPORATION&searchOptionType=LegacySearch&searchOptionSubOption=FiledAndLapsedActualDebtorNameList&searchCategory=Standard,Search1600.csv,Lapsed,12/11/1998,12/11/2003,03/02/2026,980000275136,4,1,,,,,,,,,,,1,US MICRO CORPORATION,"900 BELVEDERE RD, WEST PALM BEACH, FL, 334051112",UCC1,1,,12/11/1998
Grand Illsons Of Palm Bches In,920 Almeria Rd,West Palm Beach,FL,33405-1104,1104,"GRAND ILLUSIONS OF THE PALM BEACHES, INC.",920 Almeria Rd,West Palm Beach,FL,33405-1104,C015,National Commercial Banks,Principal,Ms. Heather Becker,Grand Illsons Of Palm Bches In,,Search1600.csv,No close match,,,,,,,,,,,,,,,,,,,,,,,
Electric Motors Palm Beach Inc,729 Belvedere Rd,West Palm Beach,FL,33405-1107,1107,"ELECTRIC MOTORS OF PALM BEACH, INC.",729 Belvedere Rd,West Palm Beach,FL,33405-1107,C015,"Motors, Electric",President,Mr. Fredrick Kengeter,Electric Motors Palm Beach Inc,"https://floridaucc.com/search?text=ELECTRIC MOTORS OF PALM BEACH, INC.&searchOptionType=LegacySearch&searchOptionSubOption=FiledAndLapsedActualDebtorNameList&searchCategory=Standard",Search1600.csv,Lapsed,09/21/1992,09/21/1997,03/02/2026,920000191694,0,1,,,,,,,,,,,1,ELECTRIC MOTORS OF PALM BEACH INC,"729 BELVEDERE RD, WEST PALM BEACH, FL, 33405",UCC1,1,,09/21/1992
Tulipan Bakery  Inc,740 Belvedere Rd,West Palm Beach,FL,33405-1108,1108,"TULIPAN BAKERY, INC.",740 Belvedere Rd,West Palm Beach,FL,33405-1108,C015,Bakery: Wholesale Or Wholesale/Retail Combined,President,Mr. Jose Allione,Tulipan Bakery  Inc,"https://floridaucc.com/search?text=TULIPAN BAKERY, INC.&searchOptionType=LegacySearch&searchOptionSubOption=FiledAndLapsedActualDebtorNameList&searchCategory=Standard",Search1600.csv,Lapsed,08/03/1992,08/03/1997,03/02/2026,920000155892,1,1,,,,,,,,,,,1,TULIPAN BAKERY INC,"704 BELVEDERE RD, WEST PALM BEACH, FL, 33405",UCC1,1,,08/03/1992
Gonzalez & Porcher  PA,939 Belvedere Rd,West Palm Beach,FL,33405-1111,1111,"GONZALEZ & PORCHER, P.A.",939 Belvedere Rd,West Palm Beach,FL,33405-1111,,"Specialized Law Offices, Attorneys",President,Mr. Marcos R Gonzalez,Gonzalez & Porcher  PA,"https://floridaucc.com/search?text=GONZALEZ & PORCHER, P.A.&searchOptionType=LegacySearch&searchOptionSubOption=FiledAndLapsedActualDebtorNameList&searchCategory=Standard",Search1600.csv,Lapsed,12/30/2003,12/30/2008,03/02/2026,200305791964,1,2,,,,,,,,,,,1,"GONZALEZ & PORCHER, P.A.","1870 FOREST HILL BLVD., SUITE 203, WEST PALM BEACH, FL, 33406",UCC1,1,,12/30/2003
Uncle Bims Inc,926 Belvedere Rd,West Palm Beach,FL,33405-1112,1112,UNCLE BIM'S INC,926 Belvedere Rd,West Palm Beach,FL,33405-1112,,Lawnmowers And Tractors,President,Mr. James Pyle,Uncle Bims Inc,,Search1600.csv,No close match,,,,,,,,,,,,,,,,,,,,,,,
Interntnal Brthd Elec Wkrs 119,1003 Belvedere Rd,West Palm Beach,FL,33405-1113,1113,INTERNATIONAL BROTHERHOOD OF ELECTRICAL WORKERS 1191,1003 Belvedere Rd,West Palm Beach,FL,33405-1113,,Labor Union,President,Mr. Philip Davis,Interntnal Brthd Elec Wkrs 119,,Search1600.csv,No close match,,,,,,,,,,,,,,,,,,,,,,,
Bp America Inc,2701 Lake Ave,West Palm Beach,FL,33405-1117,1117,BP AMERICA INC,2701 Lake Ave,West Palm Beach,FL,33405-1117,,"Filling Stations, Gasoline",Manager,Mr. Bob Herrick,Bp America Inc,,Search1600.csv,No close match,,,,,,,,,,,,,,,,,,,,,,,
Brian D Guralnick,422 Belvedere Rd,West Palm Beach,FL,33405-1227,1227,BRIAN D GURALNICK,422 Belvedere Rd,West Palm Beach,FL,33405-1227,C015,"General Practice Attorney, Lawyer",Owner,Mr. Brian D Guralnick,Brian D Guralnick,https://floridaucc.com/search?text=BRIAN D GURALNICK&searchOptionType=LegacySearch&searchOptionSubOption=FiledAndLapsedActualDebtorNameList&searchCategory=Standard,Search1600.csv,No results,,,,,,,,,,,,,,,,,,,,,,,
Super Duper Liquor Store,614 Belvedere,West Palm Beach,FL,33405-1231,1231,SUPER DUPER LIQUOR STORE,614 Belvedere Rd,West Palm Beach,FL,33405-1231,,Hard Liquor,President,Essam Abdo,Super Duper Liquor Store,https://floridaucc.com/search?text=SUPER DUPER LIQUOR STORE&searchOptionType=LegacySearch&searchOptionSubOption=FiledAndLapsedActualDebtorNameList&searchCategory=Standard,Search1600.csv,Lapsed,06/22/2007,06/22/2012,03/02/2026,200705865922,1,1,,,,,,,,,,,2,"SUPER DUPER LIQUOR, INC.","614 B BELVEDERE RD, WEST PALM BEACH, FL, 33405",UCC1,1,,06/22/2007
Dontees Restaurant,620 Belvedere Rd,West Palm Beach,FL,33405-1231,1231,DONTEE'S RESTAURANT,620 Belvedere Rd,West Palm Beach,FL,33405-1231,,Family Restaurants,President,Mr. Donald Tulp,Dontees Restaurant,,Search1600.csv,No close match,,,,,,,,,,,,,,,,,,,,,,,
J K S K,650 Belvedere Rd,West Palm Beach,FL,33405-1231,1231,J K S K,650 Belvedere Rd,West Palm Beach,FL,33405-1231,,"Fast-Food Restaurant, Chain",President,Mr. Jim Booth,J K S K,https://floridaucc.com/search?text=J K S K&searchOptionType=LegacySearch&searchOptionSubOption=FiledAndLapsedActualDebtorNameList&searchCategory=Standard,Search1600.csv,Lapsed,04/30/2001,04/30/2006,03/02/2026,200100094466,3,2,,,,,,,,,,,1,J K S & K INC,"3228 MARTIN DOWNS BLVD., SUITE 202, PALM CITY, FL, 34990",UCC1,2,,04/30/2001
Richard Dvid Kann Mlnoma Task,2751 S Dixie Hwy Ste 2a,West Palm Beach,FL,33405-1233,1233,"RICHARD DAVID KANN MELANOMA TASK FORCE, INC.",2751 S Dixie Hwy Ste 2a,West Palm Beach,FL,33405-1233,C008,Civic And Social Associations,Chief Executive Officer,Ms. Deborah K Schwarzberg,Richard Dvid Kann Mlnoma Task,,Search1600.csv,No close match,,,,,,,,,,,,,,,,,,,,,,,
Pmp Marketing Group  LLC,2751 S Dixie Hwy,West Palm Beach,FL,33405-1233,1233,"PMP MARKETING GROUP, LLC",2751 S Dixie Hwy,West Palm Beach,FL,33405-1233,C008,Marketing Consulting Services,Partner,Kaci Bloemers,Pmp Marketing Group  LLC,,Search1600.csv,No close match,,,,,,,,,,,,,,,,,,,,,,,
Schwarzberg & Associates  Pl,2751 S Dixie Hwy,West Palm Beach,FL,33405-1233,1233,"SCHWARZBERG & ASSOCIATES, P.L.",2751 S Dixie Hwy,West Palm Beach,FL,33405-1233,C008,Real Estate Law,Partner,Mr. Steven Schwarzberg,Schwarzberg & Associates  Pl,"https://floridaucc.com/search?text=SCHWARZBERG & ASSOCIATES, P.L.&searchOptionType=LegacySearch&searchOptionSubOption=FiledAndLapsedActualDebtorNameList&searchCategory=Standard",Search1600.csv,Filed,06/01/2015,06/01/2030,03/02/2026,201503886784,2,1,,,,,,,,,,,2,STEVEN SCHWARZBERG PA,"625 N. FLAGLER DRIVE SUITE 600, WEST PALM BEACH, FL, 33401-6146",UCC1,2,,06/01/2015
Dunham Insurance Services Inc,605 Belvedere Rd,West Palm Beach,FL,33405-1253,1253,DUNHAM INSURANCE SERVICES INC,605 Belvedere Rd,West Palm Beach,FL,33405-1253,,"Insurance Agents, Nec",Owner,Mr. Christopher Dunham,Dunham Insurance Services Inc,https://floridaucc.com/search?text=DUNHAM INSURANCE SERVICES INC&searchOptionType=LegacySearch&searchOptionSubOption=FiledAndLapsedActualDebtorNameList&searchCategory=Standard,Search1600.csv,Lapsed,05/14/2010,05/14/2015,03/02/2026,201002504412,0,1,,,,,,,,,,,1,DUNHAM INSURANCE SERVICES INC.,"3000 N. FEDERAL HIGHWAY #8, FT. LAUDERDALE, FL, 33306",UCC1,2,,05/14/2010
Dp Development Palm Beach  LLC,605 Belvedere Rd,West Palm Beach,FL,33405-1253,1253,"DP DEVELOPMENT OF PALM BEACH, LLC",605 Belvedere Rd,West Palm Beach,FL,33405-1253,C015,Cable Laying Construction,Member,Mr. Daniel Petrillo,Dp Development Palm Beach  LLC,,Search1600.csv,No close match,,,,,,,,,,,,,,,,,,,,,,,
Hall Hardware  Inc,2750 S Dixie Hwy,West Palm Beach,FL,33405-1294,1294,"HALL HARDWARE, INC.",2750 S Dixie Hwy,West Palm Beach,FL,33405-1294,C008,Hardware Stores,President,Mr. Mark Leber,Hall Hardware  Inc,"https://floridaucc.com/search?text=HALL HARDWARE, INC.&searchOptionType=LegacySearch&searchOptionSubOption=FiledAndLapsedActualDebtorNameList&searchCategory=Standard",Search1600.csv,Lapsed,03/25/1996,03/25/2011,03/02/2026,960000059055,2,1,,,,,,,,,,,1,HALL HARDWARE INC,"2750 S DIXIE HWY, WEST PALM BEACH, FL, 33405",UCC1,1,,03/25/1996
C & L Fresh Produce Inc,728 Tuscaloosa St,West Palm Beach,FL,33405-1448,1448,C & L FRESH PRODUCE INC,728 Tuscaloosa St,West Palm Beach,FL,33405-1448,,Fresh Fruits And Vegetables,President,Ms. Ilsa N Hernandez,C & L Fresh Produce Inc,,Search1600.csv,No close match,,,,,,,,,,,,,,,,,,,,,,,
El Cid Animal Clinic,3006 S Dixie Hwy,West Palm Beach,FL,33405-1506,1506,EL CID ANIMAL CLINIC,3006 S Dixie Hwy,West Palm Beach,FL,33405-1506,C008,"Animal Hospital Services, Pets And Other Animal Specialties",President,Mr. Xavier Garcia,El Cid Animal Clinic,https://floridaucc.com/search?text=EL CID ANIMAL CLINIC&searchOptionType=LegacySearch&searchOptionSubOption=FiledAndLapsedActualDebtorNameList&searchCategory=Standard,Search1600.csv,Lapsed,07/07/2016,07/07/2021,03/02/2026,201608095973,0,1,,,,,,,,,,,1,EL CID ANIMAL CLINIC INC.,"3006 S DIXIE HWY, WEST PALM BEACH, FL, 33405-1506",UCC1,1,,07/07/2016
Sned Pritt Tcker The Law Offs,3030 S Dixie Hwy Ste 5,West Palm Beach,FL,33405-1507,1507,"SNED, PRUITT & TUCKER, THE LAW OFFICES OF",3030 S Dixie Hwy Ste 5,West Palm Beach,FL,33405-1507,,General Practice Law Office,Partner,Mr. William Sned,Sned Pritt Tcker The Law Offs,,Search1600.csv,No close match,,,,,,,,,,,,,,,,,,,,,,,
Pb Auto Services  LLC,3215 S Dixie Hwy,West Palm Beach,FL,33405-1509,1509,"PB AUTO SERVICES, LLC",3215 S Dixie Hwy,West Palm Beach,FL,33405-1509,,"Automobiles, New And Used",Manager,Mr. Jason Rosenzweig,Pb Auto Services  LLC,"https://floridaucc.com/search?text=PB AUTO SERVICES, LLC&searchOptionType=LegacySearch&searchOptionSubOption=FiledAndLapsedActualDebtorNameList&searchCategory=Standard",Search1600.csv,Lapsed,01/19/2017,01/19/2022,03/02/2026,20170002811X,0,1,,,,,,,,,,,1,"PB AUTO SERVICES, LLC","3215 S DIXIE HWY, WEST PALM BEACH, FL, 33405",UCC1,1,,01/19/2017
Pcn Development  Inc,2810 S Dixie Hwy,West Palm Beach,FL,33405-1538,1538,"PCN DEVELOPMENT, INC.",2810 S Dixie Hwy,West Palm Beach,FL,33405-1538,,"Subdividers And Developers, Nec",President,Mr. Patrick C Noone,Pcn Development  Inc,,Search1600.csv,No close match,,,,,,,,,,,,,,,,,,,,,,,
Pro-Chem Chemical Company,3511 S Flagler Dr,West Palm Beach,FL,33405-1909,1909,PRO-CHEM CHEMICAL COMPANY,3511 S Flagler Dr,West Palm Beach,FL,33405-1909,,Industrial Chemicals,President,Mr. Barry Ande,Pro-Chem Chemical Company,,Search1600.csv,No close match,,,,,,,,,,,,,,,,,,,,,,,
Amazing Animation Ltd,3420 Washington Rd,West Palm Beach,FL,33405-1938,1938,AMAZING ANIMATION LTD,3420 Washington Rd,West Palm Beach,FL,33405-1938,,Artcraft And Carvings,President,Perry Shiller,Amazing Animation Ltd,,Search1600.csv,No close match,,,,,,,,,,,,,,,,,,,,,,,
Monkey In Paradise  LLC,3300 S Dixie Hwy,West Palm Beach,FL,33405-1987,1987,"MONKEY IN PARADISE, LLC",3300 S Dixie Hwy Ste 1-778,West Palm Beach,FL,33405-1987,C008,Wine,Managing Member,Mr. Francisco L Gomez,Monkey In Paradise  LLC,"https://floridaucc.com/search?text=MONKEY IN PARADISE, LLC&searchOptionType=LegacySearch&searchOptionSubOption=FiledAndLapsedActualDebtorNameList&searchCategory=Standard",Search1600.csv,Filed,07/26/2022,07/26/2027,03/02/2026,202202417459,1,1,,,,,,,,,,,3,"PARADISE BRANDS, LLC","3300 SOUTH DIXIE HIGHWAY SUITE 1-778, WEST PALM BEACH, FL, 33405",UCC1,3,,07/26/2022
My Parcel Pro  LLP,3300 S Dxie Hwy Ste 1-296,West Palm Beach,FL,33405-1987,1987,"MY PARCEL PRO, LLP",3300 S Dixie Hwy Ste 1-296,West Palm Beach,FL,33405-1987,,"Parcel Delivery, Vehicular",General Partner,Mr. James E Taylor,My Parcel Pro  LLP,,Search1600.csv,No close match,,,,,,,,,,,,,,,,,,,,,,,
Arm Security & Investigations,1100 Magnolia St,West Palm Beach,FL,33405-2010,2010,ARM SECURITY & INVESTIGATIONS INC,1100 Magnolia St,West Palm Beach,FL,33405-2010,,Security Guard Service,President,Ms. Sylvia M Howey,Arm Security & Investigations,https://floridaucc.com/search?text=ARM SECURITY & INVESTIGATIONS INC&searchOptionType=LegacySearch&searchOptionSubOption=FiledAndLapsedActualDebtorNameList&searchCategory=Standard,Search1600.csv,Lapsed,01/06/2016,01/06/2021,03/02/2026,201606162894,1,1,,,,,,,,,,,2,"PALACE HOLDINGS, LLC","319 EDGEWOOD DRIVE, WEST PALM BEACH, FL, 33405",UCC1,2,,01/06/2016
Ae Sosa Air Conditioning Inc,1015 Paseo Morella,West Palm Beach,FL,33405-2029,2029,"A.E. SOSA AIR CONDITIONING, INC.",1015 Paseo Morella,West Palm Beach,FL,33405-2029,C012,Warm Air Heating And Air Conditioning Contractor,President,Mr. Angel Sosa,Ae Sosa Air Conditioning Inc,,Search1600.csv,No close match,,,,,,,,,,,,,,,,,,,,,,,
Beacon Construction Group Inc,3728 Georgia Ave Ste 1c,West Palm Beach,FL,33405-2135,2135,BEACON CONSTRUCTION GROUP INC,3728 Georgia Ave Ste 1c,West Palm Beach,FL,33405-2135,,"New Construction, Single-Family Houses",President,Mr. Michael T Conville,Beacon Construction Group Inc,https://floridaucc.com/search?text=BEACON CONSTRUCTION GROUP INC&searchOptionType=LegacySearch&searchOptionSubOption=FiledAndLapsedActualDebtorNameList&searchCategory=Standard,Search1600.csv,Lapsed,08/02/2020,08/02/2025,03/02/2026,202003864928,1,1,,,,,,,,,,,1,BEACON CONSTRUCTION GROUP,"231 SUNRISE AVE, PALM BEACH, FL, 33480",UCC1,1,,08/02/2020
Icart Cabinetry & Trim  Inc,3728 Georgia Ave Ste 4a,West Palm Beach,FL,33405-2136,2136,"ICART CABINETRY & TRIM, INC.",3728 Georgia Ave Ste 4a,West Palm Beach,FL,33405-2136,,"Cabinet Work, Custom",President,Mr. John R Icart,Icart Cabinetry & Trim  Inc,"https://floridaucc.com/search?text=ICART CABINETRY & TRIM, INC.&searchOptionType=LegacySearch&searchOptionSubOption=FiledAndLapsedActualDebtorNameList&searchCategory=Standard",Search1600.csv,Lapsed,06/18/2020,06/18/2025,03/02/2026,202002393069,0,1,,,,,,,,,,,1,"ICART CABINETRY AND TRIM, INC.","3728 GEORGIA AVE STE 4A, WEST PALM BCH, FL, 33405",UCC1,1,,06/18/2020
Sonrise Home Improvements Inc,510 Roseland Dr,West Palm Beach,FL,33405-2219,2219,"SONRISE HOME IMPROVEMENTS, INC.",510 Roseland Dr,West Palm Beach,FL,33405-2219,C012,"Cabinets, Kitchen",President,Mr. Christian Giegerich,Sonrise Home Improvements Inc,"https://floridaucc.com/search?text=SONRISE HOME IMPROVEMENTS, INC.&searchOptionType=LegacySearch&searchOptionSubOption=FiledAndLapsedActualDebtorNameList&searchCategory=Standard",Search1600.csv,Filed,06/10/2020,06/10/2030,03/02/2026,202002183463,1,1,,,,,,,,,,,1,"SONRISE HOME IMPROVEMENTS, INC","510 ROSELAND DR, WEST PALM BEACH, FL, 33405",UCC1,1,,06/10/2020
Heath & Company  Inc,3707 S Dixie Hwy,West Palm Beach,FL,33405-2229,2229,"HEATH & COMPANY, INC.",3707 S Dixie Hwy,West Palm Beach,FL,33405-2229,C008,Lamps And Lamp Shades,President,Mr. Allan Salomon,Heath & Company  Inc,"https://floridaucc.com/search?text=HEATH & COMPANY, INC.&searchOptionType=LegacySearch&searchOptionSubOption=FiledAndLapsedActualDebtorNameList&searchCategory=Standard",Search1600.csv,Lapsed,08/09/2010,08/09/2015,03/02/2026,201003008664,0,1,,,,,,,,,,,1,"HEATH & COMPANY, INC","3707 SOUTH DIXIE, WEST PALM BEACH, FL, 33405",UCC1,1,,08/09/2010
Elephants Foot  Inc,3800 S Dixie Hwy,West Palm Beach,FL,33405-2232,2232,THE ELEPHANT'S FOOT INC,3800 S Dixie Hwy,West Palm Beach,FL,33405-2232,,Homefurnishings,President,Mr. Marvin Ray,Elephants Foot  Inc,,Search1600.csv,No close match,,,,,,,,,,,,,,,,,,,,,,,
Floral Emporium  Inc,3900 S Dixie Hwy,West Palm Beach,FL,33405-2234,2234,"FLORAL EMPORIUM, INC.",3900 S Dixie Hwy,West Palm Beach,FL,33405-2234,C008,"Flowers, Fresh",President,Mr. Steven Spaulding,Floral Emporium  Inc,"https://floridaucc.com/search?text=FLORAL EMPORIUM, INC.&searchOptionType=LegacySearch&searchOptionSubOption=FiledAndLapsedActualDebtorNameList&searchCategory=Standard",Search1600.csv,Lapsed,05/09/2017,05/09/2022,03/02/2026,201701169825,0,1,,,,,,,,,,,2,FLORAL EMPORIUM INC,"3900 S DIXIE HWY, WEST PALM BEACH, FL, 33405",UCC1,1,,05/09/2017
Barbara Tttersfield Design Inc,3714 S Dixie Hwy,West Palm Beach,FL,33405-2245,2245,"BARBARA TATTERSFIELD DESIGN, INC.",3714 S Dixie Hwy,West Palm Beach,FL,33405-2245,C008,Granite Building Stone,President,Ms. Barbara Tattersfield,Barbara Tttersfield Design Inc,,Search1600.csv,No close match,,,,,,,,,,,,,,,,,,,,,,,
Portofino S Cndo Assn W Palm B,3800 Washington Rd,West Palm Beach,FL,33405-2366,2366,"PORTOFINO SOUTH CONDOMINIUM ASSOCIATION OF WEST PALM BEACH, INC.",3800 Washington Rd,West Palm Beach,FL,33405-2366,C003,Condominium Association,President,Ms. Anne Mckay,Portofino S Cndo Assn W Palm B,,Search1600.csv,No close match,,,,,,,,,,,,,,,,,,,,,,,
Ram Advertising  LLC,1000 Suthern Blvd Ste 200,West Palm Beach,FL,33405-2439,2439,"RAM ADVERTISING, LLC",1000 Southern Blvd Ste 200,West Palm Beach,FL,33405-2439,,Advertising Consultant,Managing Member,Mr. George Ford,Ram Advertising  LLC,,Search1600.csv,No close match,,,,,,,,,,,,,,,,,,,,,,,
Barrett Brothers  Inc,4404 Georgia Ave Ste A,West Palm Beach,FL,33405-2500,2500,"BARRETT BROTHERS, INC.",4404 Georgia Ave Ste A,West Palm Beach,FL,33405-2500,C019,"Floor Laying And Floor Work, Nec",Owner,Mr. Dennis Barret,Barrett Brothers  Inc,"https://floridaucc.com/search?text=BARRETT BROTHERS, INC.&searchOptionType=LegacySearch&searchOptionSubOption=FiledAndLapsedActualDebtorNameList&searchCategory=Standard",Search1600.csv,Lapsed,03/18/2019,03/18/2024,03/02/2026,20190804102X,0,1,,,,,,,,,,,1,"BARRETT BROTHERS, INC.","3133 FORTUNE WAY, SUITE 23, WELLINGTON, FL, 33414",UCC1,1,,03/18/2019
Claims America Inc,4404 Georgia Ave Ste B,West Palm Beach,FL,33405-2500,2500,CLAIMS AMERICA INC,4404 Georgia Ave Ste B,West Palm Beach,FL,33405-2500,C019,"Insurance Claim Adjusters, Not Employed By Insurance Company",President,Mr. Gerard Lucey,Claims America Inc,https://floridaucc.com/search?text=CLAIMS AMERICA INC&searchOptionType=LegacySearch&searchOptionSubOption=FiledAndLapsedActualDebtorNameList&searchCategory=Standard,Search1600.csv,No results,,,,,,,,,,,,,,,,,,,,,,,
Center For Fmly Svcs Palm Bch,4101 Parker Ave,West Palm Beach,FL,33405-2507,2507,"CENTER FOR FAMILY SERVICES OF PALM BEACH COUNTY, INC.",4101 Parker Ave,West Palm Beach,FL,33405-2507,,Social Service Center,Chief Executive Officer,Mr. Thomas Greer,Center For Fmly Svcs Palm Bch,,Search1600.csv,No close match,,,,,,,,,,,,,,,,,,,,,,,
Glue Product Plus  LLC,4015 Georgia Ave,West Palm Beach,FL,33405-2515,2515,"GLUE PRODUCT PLUS, LLC",4015 Georgia Ave,West Palm Beach,FL,33405-2515,C019,Industrial Supplies,Member,Mr. Charles F Hansen,Glue Product Plus  LLC,"https://floridaucc.com/search?text=GLUE PRODUCT PLUS, LLC&searchOptionType=LegacySearch&searchOptionSubOption=FiledAndLapsedActualDebtorNameList&searchCategory=Standard",Search1600.csv,Filed,03/18/2021,03/18/2031,03/02/2026,202106501443,1,1,,,,,,,,,,,1,GLUE PRODUCT PLUS LLC,"4115 GEORGIA AVENUE, WEST PALM BEACH, FL, 33405",UCC1,1,,03/18/2021
Montego Electric Company  Inc,4223 Georgia Ave,West Palm Beach,FL,33405-2519,2519,"MONTEGO ELECTRIC COMPANY, INC.",4223 Georgia Ave,West Palm Beach,FL,33405-2519,,General Electrical Contractor,President,Mr. Michael Bedward,Montego Electric Company  Inc,"https://floridaucc.com/search?text=MONTEGO ELECTRIC COMPANY, INC.&searchOptionType=LegacySearch&searchOptionSubOption=FiledAndLapsedActualDebtorNameList&searchCategory=Standard",Search1600.csv,Filed,08/19/2020,08/19/2030,03/02/2026,202004376102,1,1,,,,,,,,,,,1,MONTEGO ELECTRIC COMPANY,"4223 GEORGIA AVE, WEST PALM BCH, FL, 33405",UCC1,1,,08/19/2020
Associated Intr Desgr Svc Inc,4300 Georgia Ave,West Palm Beach,FL,33405-2522,2522,"ASSOCIATED INTERIOR DESIGNER SERVICE, INC.",4300 Georgia Ave,West Palm Beach,FL,33405-2522,C019,"Draperies And Drapery Fabrics, Cotton",President,Ms. Sara Petti,Associated Intr Desgr Svc Inc,,Search1600.csv,No close match,,,,,,,,,,,,,,,,,,,,,,,
Brooks Painting Inc,4403 Georgia Ave,West Palm Beach,FL,33405-2523,2523,"BROOKS PAINTING, INC",4403 Georgia Ave,West Palm Beach,FL,33405-2523,C019,Interior Residential Painting Contractor,President,Mr. Bradley E Brooks,Brooks Painting Inc,"https://floridaucc.com/search?text=BROOKS PAINTING, INC&searchOptionType=LegacySearch&searchOptionSubOption=FiledAndLapsedActualDebtorNameList&searchCategory=Standard",Search1600.csv,Lapsed,03/05/2010,03/05/2015,03/02/2026,201002113154,1,1,,,,,,,,,,,1,"BROOKS PAINTING, INC.","4403 GEORGIA AVENUE, WEST PALM BEACH, FL, 33405",UCC1,1,,03/05/2010
Alex Fernandez Enterprises LLC,847 Southern Blvd,West Palm Beach,FL,33405-2529,2529,ALEX FERNANDEZ ENTERPRISES LLC,847 Southern Blvd,West Palm Beach,FL,33405-2529,C019,"Filling Stations, Gasoline",Principal,Mr. Angel Fernandez,Alex Fernandez Enterprises LLC,https://floridaucc.com/search?text=ALEX FERNANDEZ ENTERPRISES LLC&searchOptionType=LegacySearch&searchOptionSubOption=FiledAndLapsedActualDebtorNameList&searchCategory=Standard,Search1600.csv,Lapsed,03/19/2014,03/19/2019,03/02/2026,201400955953,0,1,,,,,,,,,,,1,ALEX FERNANDEZ ENTERPRISES LLC,"847 SOUTHERN BLVD, WEST PALM BEACH, FL, 34405",UCC1,1,,03/19/2014
Waterfield Fla Staffing LLC,624 Nottingham Blvd,West Palm Beach,FL,33405-2555,2555,"WATERFIELD FLORIDA STAFFING, LLC",624 Nottingham Blvd,West Palm Beach,FL,33405-2555,C019,Employment Agencies,Chief Executive Officer,Mr. Paul Chase,Waterfield Fla Staffing LLC,"https://floridaucc.com/search?text=WATERFIELD FLORIDA STAFFING, LLC&searchOptionType=LegacySearch&searchOptionSubOption=FiledAndLapsedActualDebtorNameList&searchCategory=Standard",Search1600.csv,Lapsed,03/16/2018,03/16/2023,03/02/2026,201804484154,0,1,,,,,,,,,,,2,"WATERFIELD STAFFING MANAGEMENT, LLC","624 NOTTINGHAM BLVD., WEST PALM BEACH, FL, 33405",UCC1,1,,03/16/2018
Leeds Custom Design  LLC,435 Southern Blvd,West Palm Beach,FL,33405-2605,2605,"LEEDS CUSTOM DESIGN, L.L.C.",435 Southern Blvd,West Palm Beach,FL,33405-2605,,Kitchen Cabinets,Managing Member,Mr. George Ford,Leeds Custom Design  LLC,"https://floridaucc.com/search?text=LEEDS CUSTOM DESIGN, L.L.C.&searchOptionType=LegacySearch&searchOptionSubOption=FiledAndLapsedActualDebtorNameList&searchCategory=Standard",Search1600.csv,Lapsed,07/30/2002,07/30/2012,03/02/2026,200201787944,2,1,,,,,,,,,,,2,"LEEDS CUSTOM DESIGN, L.L.C.","435 SOUTHERN BOULEVARD, WEST PALM BEACH, FL, 33405",UCC1,1,,07/30/2002
Birdsall Marine Design  Inc,530 Nottingham Blvd,West Palm Beach,FL,33405-2635,2635,"BIRDSALL MARINE DESIGN, INC.",530 Nottingham Blvd,West Palm Beach,FL,33405-2635,C019,Marine Hardware,President,Mr. Robert P Birdsall,Birdsall Marine Design  Inc,,Search1600.csv,No close match,,,,,,,,,,,,,,,,,,,,,,,
Moya Photography Inc,4212 S Dixie Hwy,West Palm Beach,FL,33405-2645,2645,MOYA PHOTOGRAPHY INC,4212 S Dixie Hwy,West Palm Beach,FL,33405-2645,C019,"Photographer, Still Or Video",President,Mr. Miguel F Moya,Moya Photography Inc,https://floridaucc.com/search?text=MOYA PHOTOGRAPHY INC&searchOptionType=LegacySearch&searchOptionSubOption=FiledAndLapsedActualDebtorNameList&searchCategory=Standard,Search1600.csv,Lapsed,03/31/2010,03/31/2015,03/02/2026,201002255633,1,1,,,,,,,,,,,3,"MOYA PHOTOGRAPHY, INC.","4206-4212 SOUTH DIXIE HIGHWAY, WEST PALM BEACH, FL, 33405",UCC1,7,,03/31/2010
Gleiber Robert M Dmd PA Inc,4100 S Dixie Hwy Ste B,West Palm Beach,FL,33405-2647,2647,"GLEIBER, ROBERT M DMD PA INC",4100 S Dixie Hwy Ste B,West Palm Beach,FL,33405-2647,,Dentists' Office,President,Mr. Robert Gleiber,Gleiber Robert M Dmd PA Inc,,Search1600.csv,No close match,,,,,,,,,,,,,,,,,,,,,,,
Superior Sprinkler Systems Inc,427 Southern Blvd,West Palm Beach,FL,33405-2686,2686,"SUPERIOR SPRINKLER SYSTEMS, INC.",427 Southern Blvd,West Palm Beach,FL,33405-2686,C019,Irrigation Sprinkler System Installation,President,Mr. Robert C Johnson,Superior Sprinkler Systems Inc,"https://floridaucc.com/search?text=SUPERIOR SPRINKLER SYSTEMS, INC.&searchOptionType=LegacySearch&searchOptionSubOption=FiledAndLapsedActualDebtorNameList&searchCategory=Standard",Search1600.csv,Lapsed,03/31/1986,03/31/1996,03/02/2026,1860046242,1,1,,,,,,,,,,,1,SUPERIOR SPRINKLER SYSTEMS INC,"427 SOUTHERN BLVD, W PALM BCH, FL",UCC1,1,,03/31/1986
American Awning Company  Inc,537 Pine Ter,West Palm Beach,FL,33405-2697,2697,"AMERICAN AWNING COMPANY, INC.",537 Pine Ter,West Palm Beach,FL,33405-2697,C019,"Awnings, Fabric: Made From Purchased Materials",President,Dale D Persico,American Awning Company  Inc,,Search1600.csv,No close match,,,,,,,,,,,,,,,,,,,,,,,
Locks Of Love Inc,234 Southern Blvd,West Palm Beach,FL,33405-2701,2701,LOCKS OF LOVE INC.,234 Southern Blvd,West Palm Beach,FL,33405-2701,,"Fund Raising Organization, Non-Fee Basis",President,Modonna Coffman,Locks Of Love Inc,https://floridaucc.com/search?text=LOCKS OF LOVE INC.&searchOptionType=LegacySearch&searchOptionSubOption=FiledAndLapsedActualDebtorNameList&searchCategory=Standard,Search1600.csv,Lapsed,04/09/2004,04/09/2009,03/02/2026,200406617730,0,1,,,,,,,,,,,1,"LOCKS OF LOVE, INC","2925 N 10TH AVE, STE 102, LAKE WORTH, FL, 33461",UCC1,1,,04/09/2004
Saint Juliana Catholic School,4355 S Olive Ave,West Palm Beach,FL,33405-2725,2725,SAINT JULIANA CATHOLIC SCHOOL,4355 S Olive Ave,West Palm Beach,FL,33405-2725,C018,Private Elementary And Secondary Schools,Principal,Ms. Katie Kervi,Saint Juliana Catholic School,https://floridaucc.com/search?text=SAINT JULIANA CATHOLIC SCHOOL&searchOptionType=LegacySearch&searchOptionSubOption=FiledAndLapsedActualDebtorNameList&searchCategory=Standard,Search1600.csv,Lapsed,10/14/2015,10/14/2020,03/02/2026,201505343443,0,1,,,,,,,,,,,1,SAINT JULIANA CATHOLIC SCHOOL,"4355 S. OLIVE AVENUE, WEST PALM BEACH, FL, 33405",UCC1,2,,10/14/2015
Nick Raich Building Corp,225 Southern Blvd Ste 100,West Palm Beach,FL,33405-2768,2768,NICK RAICH BUILDING CORP.,225 Southern Blvd Ste 100,West Palm Beach,FL,33405-2768,C003,"Residential Construction, Nec",President,Mr. Nick Raich,Nick Raich Building Corp,,Search1600.csv,No close match,,,,,,,,,,,,,,,,,,,,,,,
Coastal Gardens LLC,4517 Parker Ave,West Palm Beach,FL,33405-2801,2801,COASTAL GARDENS LLC,4517 Parker Ave,West Palm Beach,FL,33405-2801,C021,"Subdividers And Developers, Nec",Principal,Mr. John Wyzykowski,Coastal Gardens LLC,https://floridaucc.com/search?text=COASTAL GARDENS LLC&searchOptionType=LegacySearch&searchOptionSubOption=FiledAndLapsedActualDebtorNameList&searchCategory=Standard,Search1600.csv,Lapsed,09/20/2013,09/20/2023,03/02/2026,201309873176,2,1,,,,,,,,,,,1,COASTAL GARDENS LLC,"1283 RANCHETTE, WEST PALM BEACH, FL, 33415",UCC1,1,,09/20/2013
Deemaria Plumbing  Inc,4601 Georgia Ave,West Palm Beach,FL,33405-2811,2811,"DEEMARIA PLUMBING, INC.",4601 Georgia Ave,West Palm Beach,FL,33405-2811,C019,Plumbing Contractors,President,Mr. Joseph Dimaria,Deemaria Plumbing  Inc,"https://floridaucc.com/search?text=DEEMARIA PLUMBING, INC.&searchOptionType=LegacySearch&searchOptionSubOption=FiledAndLapsedActualDebtorNameList&searchCategory=Standard",Search1600.csv,Lapsed,05/29/2002,05/29/2022,03/02/2026,200201252773,4,1,,,,,,,,,,,1,"DEEMARIA PLUMBING, INC.","4601 GEORGIA AVENUE, WEST PALM BEACH, FL, 33405",UCC1,1,,05/29/2002
Brixius Construction Svcs Inc,4815 Georgia Ave,West Palm Beach,FL,33405-2815,2815,"BRIXIUS CONSTRUCTION SERVICES, INC.",4815 Georgia Ave,West Palm Beach,FL,33405-2815,,Bond Dealers And Brokers,President,Mr. Robert Brixius,Brixius Construction Svcs Inc,,Search1600.csv,No close match,,,,,,,,,,,,,,,,,,,,,,,
Marion Construction  Inc,715 Dobbins St,West Palm Beach,FL,33405-2831,2831,"MARION CONSTRUCTION, INC.",715 Dobbins St,West Palm Beach,FL,33405-2831,C021,"New Construction, Single-Family Houses",President,Mr. Kurt Marion,Marion Construction  Inc,"https://floridaucc.com/search?text=MARION CONSTRUCTION, INC.&searchOptionType=LegacySearch&searchOptionSubOption=FiledAndLapsedActualDebtorNameList&searchCategory=Standard",Search1600.csv,Lapsed,10/02/2000,10/02/2005,03/02/2026,200000225350,1,1,,,,,,,,,,,1,MARION CONSTRUCTION INC,"715 DOBBINS ST, WEST PALM BCH, FL, 33405",UCC1,1,,10/02/2000
Fowlers Sheet Metal  Inc,4716 Georgia Ave,West Palm Beach,FL,33405-2897,2897,"FOWLER'S SHEET METAL, INC.",4716 Georgia Ave,West Palm Beach,FL,33405-2897,C019,Sheet Metalwork,President,Ms. Brenda Fowler,Fowlers Sheet Metal  Inc,"https://floridaucc.com/search?text=FOWLER'S SHEET METAL, INC.&searchOptionType=LegacySearch&searchOptionSubOption=FiledAndLapsedActualDebtorNameList&searchCategory=Standard",Search1600.csv,Lapsed,06/01/2000,06/01/2010,03/02/2026,200000127120,3,1,,,,,,,,,,,1,FOWLERS SHEET METAL INC,"4718 GEORGIA AVE, W PALM BEACH, FL, 33405",UCC1,2,,06/01/2000
Norcross Patio Inc,5023 S Dixie Hwy,West Palm Beach,FL,33405-2913,2913,NORCROSS PATIO INC,5023 S Dixie Hwy,West Palm Beach,FL,33405-2913,,Outdoor And Garden Furniture,President,Ms. Ann Albritton,Norcross Patio Inc,,Search1600.csv,No close match,,,,,,,,,,,,,,,,,,,,,,,
Precision Esthetics Dntl Labs,4912 S Dixie Hwy,West Palm Beach,FL,33405-2925,2925,PRECISION ESTHETICS DENTAL LABORATORIES,4912 S Dixie Hwy,West Palm Beach,FL,33405-2925,C018,Dental Laboratories,Principal,Achim Renner,Precision Esthetics Dntl Labs,,Search1600.csv,No close match,,,,,,,,,,,,,,,,,,,,,,,
Howleys Restaurant,4700 S Dixie Hwy,West Palm Beach,FL,33405-2929,2929,HOWLEY'S RESTAURANT,4700 S Dixie Hwy,West Palm Beach,FL,33405-2929,C018,"Restaurant, Family: Independent",Owner,Mr. Rodney Mayo,Howleys Restaurant,https://floridaucc.com/search?text=HOWLEY'S RESTAURANT&searchOptionType=LegacySearch&searchOptionSubOption=FiledAndLapsedActualDebtorNameList&searchCategory=Standard,Search1600.csv,Filed,08/02/2020,08/02/2030,03/02/2026,202003861643,1,1,,,,,,,,,,,1,HOWLEYS RESTAURANT,"4700 S DIXIE HWY, WEST PALM BCH, FL, 33405",UCC1,1,,08/02/2020
Real Estate Sltons Entp Group,4616 S Dixie Hwy,West Palm Beach,FL,33405-2932,2932,"REAL ESTATE SOLUTIONS ENTERPRISE GROUP, INC.",4616 S Dixie Hwy,West Palm Beach,FL,33405-2932,C018,"Real Estate Agent, Commercial",President,Mr. Sam Fisch,Real Estate Sltons Entp Group,,Search1600.csv,No close match,,,,,,,,,,,,,,,,,,,,,,,
Steven K Bakum Inc,4634 S Dixie Hwy,West Palm Beach,FL,33405-2932,2932,STEVEN K BAKUM INC,4634 S Dixie Hwy,West Palm Beach,FL,33405-2932,,"Commercial Printing, Lithographic",President,Mr. Steven K Bakum,Steven K Bakum Inc,https://floridaucc.com/search?text=STEVEN K BAKUM INC&searchOptionType=LegacySearch&searchOptionSubOption=FiledAndLapsedActualDebtorNameList&searchCategory=Standard,Search1600.csv,Lapsed,05/04/2007,05/04/2012,03/02/2026,200705457166,0,1,,,,,,,,,,,1,STEVEN K BAKUM INC,"4634 SOUTH DIXIE HWY, WEST PALM BEACH, FL, 33405",UCC1,1,,05/04/2007
Beukenhorst Coffee USA Inc,5015 Georgia Ave,West Palm Beach,FL,33405-3101,3101,BEUKENHORST COFFEE USA INC.,5015 Georgia Ave,West Palm Beach,FL,33405-3101,C011,Industrial Machinery And Equipment,Owner,Mr. Hans Wiggemans,Beukenhorst Coffee USA Inc,https://floridaucc.com/search?text=BEUKENHORST COFFEE USA INC.&searchOptionType=LegacySearch&searchOptionSubOption=FiledAndLapsedActualDebtorNameList&searchCategory=Standard,Search1600.csv,Lapsed,05/05/2003,05/05/2008,03/02/2026,200303887956,0,1,,,,,,,,,,,1,BEUKENHORST COFFEE USA INC.,"301 CLEMATIS STREET, SUITE 300, WEST PALM BEACH, FL, 33401",UCC1,3,,05/05/2003
Mdh Graphic Services  Inc,5001 Georgia Ave,West Palm Beach,FL,33405-3101,3101,"MDH GRAPHIC SERVICES, INC.",5001 Georgia Ave,West Palm Beach,FL,33405-3101,C011,Offset Printing,President,Mr. George W Davison,Mdh Graphic Services  Inc,"https://floridaucc.com/search?text=MDH GRAPHIC SERVICES, INC.&searchOptionType=LegacySearch&searchOptionSubOption=FiledAndLapsedActualDebtorNameList&searchCategory=Standard",Search1600.csv,Lapsed,04/24/2017,04/24/2022,03/02/2026,201701011229,0,1,,,,,,,,,,,1,"MDH GRAPHIC SERVICES, INC.","5001 GEORGIA AVENUE, WEST PALM BEACH, FL, 33405",UCC1,1,,04/24/2017
Fine-Line Striping  Inc,4915 Georgia Ave,West Palm Beach,FL,33405-3113,3113,"FINE-LINE STRIPING, INC.",4915 Georgia Ave,West Palm Beach,FL,33405-3113,C011,Pavement Marking Contractor,President,Mr. Michael D Barker,Fine-Line Striping  Inc,"https://floridaucc.com/search?text=FINE-LINE STRIPING, INC.&searchOptionType=LegacySearch&searchOptionSubOption=FiledAndLapsedActualDebtorNameList&searchCategory=Standard",Search1600.csv,Lapsed,08/21/1992,08/21/1997,03/02/2026,920000170779,1,1,,,,,,,,,,,1,FINE-LINE STRIPING INC,"4915 GEORGIA AVE, WEST PALM BEACH, FL, 33405",UCC1,3,,08/21/1992
Yonder Woodworks Inc,4901 Georgia Ave,West Palm Beach,FL,33405-3113,3113,YONDER WOODWORKS INC.,4901 Georgia Ave,West Palm Beach,FL,33405-3113,,Wood Household Furniture,President,Mr. Prior Powers,Yonder Woodworks Inc,https://floridaucc.com/search?text=YONDER WOODWORKS INC.&searchOptionType=LegacySearch&searchOptionSubOption=FiledAndLapsedActualDebtorNameList&searchCategory=Standard,Search1600.csv,Lapsed,04/30/1998,04/30/2003,03/02/2026,980000093813,0,2,,,,,,,,,,,3,POWERS PRIOR E,"326 MARLBOROUGH PLACE, WEST PALM BCH, FL, 33405",UCC1,3,,04/30/1998
Blumer & Stanton Entps Inc,5112 Georgia Ave,West Palm Beach,FL,33405-3192,3192,"BLUMER & STANTON ENTERPRISES, INC.",5112 Georgia Ave,West Palm Beach,FL,33405-3192,C011,Millwork,President,Mr. Roger Stanton,Blumer & Stanton Entps Inc,,Search1600.csv,No close match,,,,,,,,,,,,,,,,,,,,,,,
Hartley Logsdon Plumbing  Inc,965 Churchill Rd,West Palm Beach,FL,33405-3412,3412,"HARTLEY LOGSDON PLUMBING, INC.",965 Churchill Rd,West Palm Beach,FL,33405-3412,,Plumbing Contractors,President,Shannon Logsdon,Hartley Logsdon Plumbing  Inc,,Search1600.csv,No close match,,,,,,,,,,,,,,,,,,,,,,,
Oak Keeper Designs LLC,5514 Western Ave,West Palm Beach,FL,33405-3438,3438,OAK KEEPER DESIGNS LLC,5514 Western Ave,West Palm Beach,FL,33405-3438,C009,Landscape Services,Member,Mr. Mateo Encinosa,Oak Keeper Designs LLC,https://floridaucc.com/search?text=OAK KEEPER DESIGNS LLC&searchOptionType=LegacySearch&searchOptionSubOption=FiledAndLapsedActualDebtorNameList&searchCategory=Standard,Search1600.csv,Filed,06/08/2022,06/08/2027,03/02/2026,202201893050,0,1,,,,,,,,,,,1,OAK KEEPER DESIGNS LLC,"5514 WESTERN AVE, WEST PALM BEACH, FL, 33405",UCC1,1,,06/08/2022
Marbella Group  Inc,1039 Soelca Dr,West Palm Beach,FL,33405-3452,3452,THE MARBELLA GROUP INC,1039 Soelca Dr,West Palm Beach,FL,33405-3452,,Industrial Buildings And Warehouses,Principal,Mr. Jorge P Gutierrez,Marbella Group  Inc,,Search1600.csv,No close match,,,,,,,,,,,,,,,,,,,,,,,
Tim Givens Bldg & Rmdlg Inc,5390 Georgia Ave,West Palm Beach,FL,33405-3520,3520,"TIM GIVENS BUILDING & REMODELING, INC.",5390 Georgia Ave,West Palm Beach,FL,33405-3520,,Carpentry Work,President,Mr. Tim Givens,Tim Givens Bldg & Rmdlg Inc,,Search1600.csv,No close match,,,,,,,,,,,,,,,,,,,,,,,
Marcus Schloss & Co Inc,3652 Voaro Way,West Palm Beach,FL,33405-3600,3600,"SCHLOSS, MARCUS & CO INC",3652 Voaro Way,West Palm Beach,FL,33405-3600,,"Dealers, Security",President,Mr. Richard Schloss,Marcus Schloss & Co Inc,,Search1600.csv,No close match,,,,,,,,,,,,,,,,,,,,,,,
Spartan Clrs Of Palm Bches Inc,5500 S Dixie Hwy,West Palm Beach,FL,33405-3605,3605,"SPARTAN CLEANERS OF THE PALM BEACHES, INC.",5500 S Dixie Hwy,West Palm Beach,FL,33405-3605,C005,Drycleaning Collecting And Distributing Agency,President,Mr. Kent Martindale,Spartan Clrs Of Palm Bches Inc,,Search1600.csv,No close match,,,,,,,,,,,,,,,,,,,,,,,
Old Town Flower Shops Inc,5601 S Dixie Hwy,West Palm Beach,FL,33405-3628,3628,OLD TOWN FLOWER SHOPS INC,5601 S Dixie Hwy,West Palm Beach,FL,33405-3628,C005,"Flowers, Fresh",President,Mr. Alan Andrews,Old Town Flower Shops Inc,https://floridaucc.com/search?text=OLD TOWN FLOWER SHOPS INC&searchOptionType=LegacySearch&searchOptionSubOption=FiledAndLapsedActualDebtorNameList&searchCategory=Standard,Search1600.csv,Lapsed,04/11/1988,04/11/2003,03/02/2026,1880059049,3,1,,,,,,,,,,,1,OLD TOWN FLOWER SHOPS INC,"1930 N DIXIE HWY, W PALM BCH, FL",UCC1,3,,04/11/1988
South Palm Realty  Inc,5710 S Dixie Hwy Ste B,West Palm Beach,FL,33405-3648,3648,"SOUTH PALM REALTY, INC.",5710 S Dixie Hwy Ste B,West Palm Beach,FL,33405-3648,,"Real Estate Agent, Residential",President,Mr. Richard E Pasley,South Palm Realty  Inc,,Search1600.csv,No close match,,,,,,,,,,,,,,,,,,,,,,,
Gil Walsh Interiors LLC,5505 S Dixie Hwy Ste 2,West Palm Beach,FL,33405-3657,3657,GIL WALSH INTERIORS LLC,5505 S Dixie Hwy Ste 2,West Palm Beach,FL,33405-3657,C005,Interior Designer,Member,Marigil Walsh,Gil Walsh Interiors LLC,https://floridaucc.com/search?text=GIL WALSH INTERIORS LLC&searchOptionType=LegacySearch&searchOptionSubOption=FiledAndLapsedActualDebtorNameList&searchCategory=Standard,Search1600.csv,Lapsed,03/30/2012,03/30/2017,03/02/2026,20120644857X,1,1,,,,,,,,,,,1,GIL WALSH INTERIORS LLC,"523 NORTHWOOD ROAD, WEST PALM BEACH, FL, 33407",UCC1,1,,03/30/2012
L & L Orna Alum Ironworks Inc,5601 Georgia Ave,West Palm Beach,FL,33405-3709,3709,"L & L ORNAMENTAL ALUMINUM & IRONWORKS, INC.",5601 Georgia Ave,West Palm Beach,FL,33405-3709,,Architectural Metalwork,President,Ms. Gina Perez,L & L Orna Alum Ironworks Inc,,Search1600.csv,No close match,,,,,,,,,,,,,,,,,,,,,,,
Dorothy Draper & Co Inc,5715 Georgia Ave,West Palm Beach,FL,33405-3711,3711,DOROTHY DRAPER & CO INC,5715 Georgia Ave,West Palm Beach,FL,33405-3711,,Interior Designer,President,Carleton Varney,Dorothy Draper & Co Inc,,Search1600.csv,No close match,,,,,,,,,,,,,,,,,,,,,,,
Atlantic Diamond Tools  Inc,5808 Georgia Ave Ste C,West Palm Beach,FL,33405-3728,3728,"ATLANTIC DIAMOND TOOLS, INC.",5808 Georgia Ave Ste A,West Palm Beach,FL,33405-3728,,Tools,President,Mr. John Fernandez,Atlantic Diamond Tools  Inc,"https://floridaucc.com/search?text=ATLANTIC DIAMOND TOOLS, INC.&searchOptionType=LegacySearch&searchOptionSubOption=FiledAndLapsedActualDebtorNameList&searchCategory=Standard",Search1600.csv,Filed,04/01/2021,04/01/2026,03/02/2026,202106641676,0,1,,,,,,,,,,,1,ATLANTIC DIAMOND TOOLS INC,"5808 GEORGIA AVE, SUITE C, WEST PALM BEACH, FL, 33405",UCC1,1,,04/01/2021
Epco  Inc,6207 Georgia Ave,West Palm Beach,FL,33405-3917,3917,"EPCO, INC.",6207 Georgia Ave,West Palm Beach,FL,33405-3917,,Lumber And Other Building Materials,President,Ms. Louise Curtis,Epco  Inc,,Search1600.csv,No close match,,,,,,,,,,,,,,,,,,,,,,,
Authentic Provence  Inc,6100 Georgia Ave,West Palm Beach,FL,33405-3950,3950,"AUTHENTIC PROVENCE, INC.",6100 Georgia Ave,West Palm Beach,FL,33405-3950,,Garden Services,Vice-President,Ms. Susan Hofherr,Authentic Provence  Inc,"https://floridaucc.com/search?text=AUTHENTIC PROVENCE, INC.&searchOptionType=LegacySearch&searchOptionSubOption=FiledAndLapsedActualDebtorNameList&searchCategory=Standard",Search1600.csv,Lapsed,11/02/2000,11/02/2005,03/02/2026,200000249821,0,1,,,,,,,,,,,1,AUTHENTIC PROVENCE INC,"522 CLEMATIS ST, W PALM BEACH, FL, 33401",UCC1,1,,11/02/2000
Ira Walden & Sons  Inc,6212 Georgia Ave,West Palm Beach,FL,33405-3999,3999,"IRA WALDEN & SONS, INC.",6212 Georgia Ave,West Palm Beach,FL,33405-3999,C007,Interior Residential Painting Contractor,President,Mr. Herman Coleman,Ira Walden & Sons  Inc,"https://floridaucc.com/search?text=IRA WALDEN & SONS, INC.&searchOptionType=LegacySearch&searchOptionSubOption=FiledAndLapsedActualDebtorNameList&searchCategory=Standard",Search1600.csv,Lapsed,01/18/2019,01/18/2024,03/02/2026,201907503178,1,1,,,,,,,,,,,1,"IRA WALDEN & SONS, INC.","6212 GEORGIA AVE, WEST PALM BEACH, FL, 33405",UCC1,1,,01/18/2019
Dewey Jack B DDS PA,6000 S Dixie Hwy,West Palm Beach,FL,33405-4028,4028,"DEWEY, JACK B DDS PA",6000 S Dixie Hwy,West Palm Beach,FL,33405-4028,,Dentists' Office,President,Mr. Jack B Dewey,Dewey Jack B DDS PA,,Search1600.csv,No close match,,,,,,,,,,,,,,,,,,,,,,,
Palm Bch Spine Dgnstc Inst Inc,135 Bloomfield Dr,West Palm Beach,FL,33405-4101,4101,"PALM BEACH SPINE & DIAGNOSTIC INSTITUTE, INC.",135 Bloomfield Dr,West Palm Beach,FL,33405-4101,C006,Orthopedic Physician,President,Mr. Lawrence Gorfine,Palm Bch Spine Dgnstc Inst Inc,,Search1600.csv,No close match,,,,,,,,,,,,,,,,,,,,,,,
Camayen Cattle Co,112 Bloomfield Dr,West Palm Beach,FL,33405-4102,4102,CAMAYEN CATTLE CO.,112 Bloomfield Dr,West Palm Beach,FL,33405-4102,,Sugarcane Farm,President,Mr. Alfredo Sanchez,Camayen Cattle Co,https://floridaucc.com/search?text=CAMAYEN CATTLE CO.&searchOptionType=LegacySearch&searchOptionSubOption=FiledAndLapsedActualDebtorNameList&searchCategory=Standard,Search1600.csv,Lapsed,10/30/1992,10/30/1997,03/02/2026,920000222880,1,1,,,,,,,,,,,1,CAMAYEN CATTLE CO,"6216 PO BOX, WEST PALM BEACH, FL, 33405",UCC1,1,,10/30/1992
White County Stone  LLC,135 Churchill Road,West Palm Beach,FL,33405-4143,4143,"WHITE COUNTY STONE, LLC",135 Churchill Rd,West Palm Beach,FL,33405-4143,,"Boulder, Crushed And Broken-Quarrying",Managing Member,Mr. Peter Lombardi,White County Stone  LLC,"https://floridaucc.com/search?text=WHITE COUNTY STONE, LLC&searchOptionType=LegacySearch&searchOptionSubOption=FiledAndLapsedActualDebtorNameList&searchCategory=Standard",Search1600.csv,Lapsed,07/10/2017,07/10/2022,03/02/2026,201701775784,0,1,,,,,,,,,,,1,"WHITE COUNTY STONE, LLC","507 RUSSELL MOUNTAIN ROAD, BALD KNOB, AR, 72010",UCC1,1,,07/10/2017
Herpel Inc,6400 Georgia Ave,West Palm Beach,FL,33405-4220,4220,HERPEL INC,6400 Georgia Ave,West Palm Beach,FL,33405-4220,C007,"Tile, Precast Terrazzo Or Concrete",President,Mr. Frederick Herpel,Herpel Inc,https://floridaucc.com/search?text=HERPEL INC&searchOptionType=LegacySearch&searchOptionSubOption=FiledAndLapsedActualDebtorNameList&searchCategory=Standard,Search1600.csv,Lapsed,03/17/1995,03/17/2000,03/02/2026,950000053103,1,1,,,,,,,,,,,1,HERPEL INC,"6400 GEORGIA AVENUE, WEST PALM BEACH, FL, 33405",UCC1,1,,03/17/1995
Lowen Air Conditioning Inc,6620 Georgia Ave,West Palm Beach,FL,33405-4224,4224,LOWEN AIR CONDITIONING INC,6620 Georgia Ave,West Palm Beach,FL,33405-4224,C007,Warm Air Heating And Air Conditioning Contractor,President,Mr. Ronald Lowen,Lowen Air Conditioning Inc,https://floridaucc.com/search?text=LOWEN AIR CONDITIONING INC&searchOptionType=LegacySearch&searchOptionSubOption=FiledAndLapsedActualDebtorNameList&searchCategory=Standard,Search1600.csv,Lapsed,05/08/1995,05/08/2000,03/02/2026,950000091620,0,1,,,,,,,,,,,3,LOWEN AIR CONDITIONING INC,"6620 GEORGIA AVE, W PALM BEACH, FL",UCC1,9,,05/08/1995
Jo Sushi,6200 S Dixie Hwy,West Palm Beach,FL,33405-4329,4329,JO SUSHI,6200 S Dixie Hwy,West Palm Beach,FL,33405-4329,,Sushi Bar,Principal,Mr. Charles S Guerrieri,Jo Sushi,,Search1600.csv,No close match,,,,,,,,,,,,,,,,,,,,,,,
Park Furniture Discount  Inc,6200 S Dixie Hwy Ste C,West Palm Beach,FL,33405-4329,4329,"PARK FURNITURE DISCOUNT, INC.",6200 S Dixie Hwy Ste C,West Palm Beach,FL,33405-4329,,Mattresses,President,Mr. Gabriel Isasi,Park Furniture Discount  Inc,"https://floridaucc.com/search?text=PARK FURNITURE DISCOUNT, INC.&searchOptionType=LegacySearch&searchOptionSubOption=FiledAndLapsedActualDebtorNameList&searchCategory=Standard",Search1600.csv,Lapsed,03/11/2004,03/11/2009,03/02/2026,200406368587,0,1,,,,,,,,,,,1,"PARK FURNITURE DISCOUNT, INC.","6200 SOUTH DIXIE HIGHWAY, WEST PALM BEACH, FL, 33405",UCC1,1,,03/11/2004
Jb Veterinary Hospitals Inc,6510 S Dixie Hwy,West Palm Beach,FL,33405-4416,4416,JB VETERINARY HOSPITALS INC,6510 S Dixie Hwy,West Palm Beach,FL,33405-4416,,"Animal Hospital Services, Pets And Other Animal Specialties",Principal,Mr. James F Barton,Jb Veterinary Hospitals Inc,https://floridaucc.com/search?text=JB VETERINARY HOSPITALS INC&searchOptionType=LegacySearch&searchOptionSubOption=FiledAndLapsedActualDebtorNameList&searchCategory=Standard,Search1600.csv,Lapsed,07/29/2010,07/29/2020,03/02/2026,20100295308X,3,1,,,,,,,,,,,3,"JFB HOLDINGS, LLC","6510 SOUTH DIXIE HIGHWAY, WEST PALM BEACH, FL, 33405",UCC1,5,,07/29/2010
Gold Coast Dental Center PA,6618 S Dixie Hwy,West Palm Beach,FL,33405-4417,4417,GOLD COAST DENTAL CENTER PA,6618 S Dixie Hwy,West Palm Beach,FL,33405-4417,,Dentists' Office,President,Mr. Stephen R Kuhnel,Gold Coast Dental Center PA,,Search1600.csv,No close match,,,,,,,,,,,,,,,,,,,,,,,
Phoenix Air Conditioning  LLC,330 Macy St,West Palm Beach,FL,33405-4440,4440,"PHOENIX AIR CONDITIONING, LLC",330 Macy St,West Palm Beach,FL,33405-4440,,Warm Air Heating And Air Conditioning Contractor,Principal,Mr. David P Guzzetti,Phoenix Air Conditioning  LLC,"https://floridaucc.com/search?text=PHOENIX AIR CONDITIONING, LLC&searchOptionType=LegacySearch&searchOptionSubOption=FiledAndLapsedActualDebtorNameList&searchCategory=Standard",Search1600.csv,Lapsed,05/25/2016,05/25/2021,03/02/2026,201607701365,0,1,,,,,,,,,,,1,"PHOENIX AIR CONDITIONING, LLC","3550 23RD AVE SOUTH #3, LAKE WORTH, FL, 33461",UCC1,1,,05/25/2016
Gsav  Inc,6605 S Dixie Hwy Ste 300,West Palm Beach,FL,33405-4446,4446,"GSAV, INC.",6605 S Dixie Hwy Ste 300,West Palm Beach,FL,33405-4446,C014,Computer Integrated Systems Design,Principal,Mr. Garrett M Sotillo,Gsav  Inc,"https://floridaucc.com/search?text=GSAV, INC.&searchOptionType=LegacySearch&searchOptionSubOption=FiledAndLapsedActualDebtorNameList&searchCategory=Standard",Search1600.csv,Filed,06/29/2020,06/29/2030,03/02/2026,202002633086,1,1,,,,,,,,,,,1,GSAV INC,"6605 S DIXIE HWY STE 300, WEST PALM BEACH, FL, 33405",UCC1,1,,06/29/2020
Forest Hill Amoco,6710 Georgia Ave,West Palm Beach,FL,33405-4518,4518,FOREST HILL AMOCO,6710 Georgia Ave,West Palm Beach,FL,33405-4518,,"Filling Stations, Gasoline",Owner,Mr. Mohammad Mirzadeh,Forest Hill Amoco,https://floridaucc.com/search?text=FOREST HILL AMOCO&searchOptionType=LegacySearch&searchOptionSubOption=FiledAndLapsedActualDebtorNameList&searchCategory=Standard,Search1600.csv,Lapsed,01/11/1999,01/11/2004,03/02/2026,990000006402,1,1,,,,,,,,,,,2,M FOR SUN,"6710 GEORGIA AVE, WEST PALM BEACH, FL, 33405",UCC1,1,,01/11/1999
Tolliver Aluminum Service Inc,6810 Georgia Ave,West Palm Beach,FL,33405-4520,4520,TOLLIVER ALUMINUM SERVICE INC,6810 Georgia Ave,West Palm Beach,FL,33405-4520,C007,Coating Of Metals And Formed Products,President,Mr. Brandon Greer,Tolliver Aluminum Service Inc,https://floridaucc.com/search?text=TOLLIVER ALUMINUM SERVICE INC&searchOptionType=LegacySearch&searchOptionSubOption=FiledAndLapsedActualDebtorNameList&searchCategory=Standard,Search1600.csv,Lapsed,03/01/2000,03/01/2005,03/02/2026,200000051031,1,1,,,,,,,,,,,1,TOLLIVER ALUMINUM SERVICE INC,"6810 GEORGIA AVE, WEST PALM BCH, FL, 33405",UCC1,1,,03/01/2000
Mike Costa,7010 Georgia Ave,West Palm Beach,FL,33405-4552,4552,MIKE COSTA,7010 Georgia Ave,West Palm Beach,FL,33405-4552,C007,Plumbing Contractors,Owner,Mr. Mike Costa,Mike Costa,https://floridaucc.com/search?text=MIKE COSTA&searchOptionType=LegacySearch&searchOptionSubOption=FiledAndLapsedActualDebtorNameList&searchCategory=Standard,Search1600.csv,Lapsed,03/01/1999,03/01/2004,03/02/2026,990000045497,0,1,,,,,,,,,,,1,MIKE COSTA FOILAGE INC,"14201 SW 216TH STREET, MIAMI, FL, 33170",UCC1,1,,03/01/1999
Sockets & Specials Inc,7110 Georgia Ave,West Palm Beach,FL,33405-4556,4556,SOCKETS & SPECIALS INC.,7110 Georgia Ave,West Palm Beach,FL,33405-4556,C007,"Screws, Metal",President,Mr. Richard Perkaus,Sockets & Specials Inc,https://floridaucc.com/search?text=SOCKETS & SPECIALS INC.&searchOptionType=LegacySearch&searchOptionSubOption=FiledAndLapsedActualDebtorNameList&searchCategory=Standard,Search1600.csv,Lapsed,03/13/1992,03/13/1997,03/02/2026,920000050450,0,1,,,,,,,,,,,1,SOCKETS & SPECIALS INC,"7100 GEORGIA AVE, WEST PALM BEACH, FL, 33405",UCC1,1,,03/13/1992
No Limit Interiors  Inc,7230 Georgia Ave Ste A,West Palm Beach,FL,33405-4562,4562,"NO LIMIT INTERIORS, INC.",7230 Georgia Ave Ste A,West Palm Beach,FL,33405-4562,C007,Window And Door (prefabricated) Installation,President,Mr. Mark Smith,No Limit Interiors  Inc,"https://floridaucc.com/search?text=NO LIMIT INTERIORS, INC.&searchOptionType=LegacySearch&searchOptionSubOption=FiledAndLapsedActualDebtorNameList&searchCategory=Standard",Search1600.csv,Lapsed,08/17/1999,08/17/2004,03/02/2026,990000188821,1,1,,,,,,,,,,,3,NO LIMIT INTERIORS INC,"11420 FORTUNE CIR BAY 1-12, WELLINGTON, FL, 33411",UCC1,2,,08/17/1999
Marco Laitamaki,7400 Georgia Ave Ste I,West Palm Beach,FL,33405-4563,4563,MARCO LAITAMAKI,7400 Georgia Ave Ste I,West Palm Beach,FL,33405-4563,C007,Furniture Upholstery Repair,Partner,Mr. Marco Laitamaki,Marco Laitamaki,,Search1600.csv,No close match,,,,,,,,,,,,,,,,,,,,,,,
Kwik Stop 250 Inc,606 Forest Hill Blvd,West Palm Beach,FL,33405-4565,4565,KWIK STOP 250 INC,606 Forest Hill Blvd,West Palm Beach,FL,33405-4565,,"Convenience Stores, Independent",President,Nabil Mansour,Kwik Stop 250 Inc,https://floridaucc.com/search?text=KWIK STOP 250 INC&searchOptionType=LegacySearch&searchOptionSubOption=FiledAndLapsedActualDebtorNameList&searchCategory=Standard,Search1600.csv,Lapsed,10/16/1998,10/16/2008,03/02/2026,980000231196,2,1,,,,,,,,,,,1,KWIK STOP 2604 INC,"5701 NEBRASKS AVE, TAMPA, FL",UCC1,2,,10/16/1998
Pumpet System Inc,7020 Georgia Ave Ste A,West Palm Beach,FL,33405-4568,4568,PUMPET SYSTEM INC,7020 Georgia Ave Ste A,West Palm Beach,FL,33405-4568,,Foundation And Footing Contractor,President,Mr. Dan Witka,Pumpet System Inc,https://floridaucc.com/search?text=PUMPET SYSTEM INC&searchOptionType=LegacySearch&searchOptionSubOption=FiledAndLapsedActualDebtorNameList&searchCategory=Standard,Search1600.csv,Lapsed,11/07/1996,11/07/2006,03/02/2026,960000235002,1,1,,,,,,,,,,,1,PUMPET SYSTEMS INC,"702 GEORGIA AVENUE, SUITE A, WEST PALM BEACH, FL, 33405",UCC1,1,,11/07/1996
Implant Dentestry Of South Fla,6809 S Dixie Hwy,West Palm Beach,FL,33405-4602,4602,IMPLANT DENTESTRY OF SOUTH FLORIDA INC,6809 S Dixie Hwy,West Palm Beach,FL,33405-4602,C014,Dentists' Office,President,Mr. Thomas W Roberts,Implant Dentestry Of South Fla,,Search1600.csv,No close match,,,,,,,,,,,,,,,,,,,,,,,
Havana Restaurant  Inc,6801 S Dixie Hwy,West Palm Beach,FL,33405-4602,4602,"HAVANA RESTAURANT, INC.",6801 S Dixie Hwy,West Palm Beach,FL,33405-4602,,"Restaurant, Family: Independent",President,Ms. Martha Reyes,Havana Restaurant  Inc,"https://floridaucc.com/search?text=HAVANA RESTAURANT, INC.&searchOptionType=LegacySearch&searchOptionSubOption=FiledAndLapsedActualDebtorNameList&searchCategory=Standard",Search1600.csv,Lapsed,12/20/1994,12/20/1999,03/02/2026,940000253725,0,1,,,,,,,,,,,2,HAVANA ON CLEMATIS INC,"6801-03 S DIXIE HWY, WEST PALM BEACH, FL, 33405",UCC1,1,,12/20/1994
Patriot Specialized Cnstr Inc,6817 Norton Ave Ste 1,West Palm Beach,FL,33405-4607,4607,"PATRIOT SPECIALIZED CONSTRUCTION, INC.",6817 Norton Ave Ste 1,West Palm Beach,FL,33405-4607,C014,Drywall,President,Mr. David E Rankin,Patriot Specialized Cnstr Inc,,Search1600.csv,No close match,,,,,,,,,,,,,,,,,,,,,,,
Posh Pet Hotel  LLC,6710 S Dixie Hwy,West Palm Beach,FL,33405-4610,4610,"POSH PET HOTEL, LLC",6710 S Dixie Hwy,West Palm Beach,FL,33405-4610,,"Grooming Services, Pet And Animal Specialties",Managing Member,Ms. Crystal W Montgomery,Posh Pet Hotel  LLC,"https://floridaucc.com/search?text=POSH PET HOTEL, LLC&searchOptionType=LegacySearch&searchOptionSubOption=FiledAndLapsedActualDebtorNameList&searchCategory=Standard",Search1600.csv,Lapsed,01/01/2018,01/01/2023,03/02/2026,201703677755,1,1,,,,,,,,,,,1,"POSH PET HOTEL - WEST PALM, LLC","6710 S. DIXIE HWY., WEST PALM BEACH, FL, 33405",UCC1,2,,01/01/2018
Split Image Automotive Svc Inc,525 Forest Hill Blvd,West Palm Beach,FL,33405-4617,4617,"SPLIT IMAGE AUTOMOTIVE SERVICE, INC.",525 Forest Hill Blvd,West Palm Beach,FL,33405-4617,,General Automotive Repair Shops,Owner,Mr. Justin Berrios,Split Image Automotive Svc Inc,"https://floridaucc.com/search?text=SPLIT IMAGE AUTOMOTIVE SERVICE, INC.&searchOptionType=LegacySearch&searchOptionSubOption=FiledAndLapsedActualDebtorNameList&searchCategory=Standard",Search1600.csv,Lapsed,03/23/2000,03/23/2005,03/02/2026,200000068901,0,1,,,,,,,,,,,1,SPLIT IMAGE AUTOMOTIVE SERVICE INC,"525 FOREST HILL BV, WEST PALM BEACH, FL, 33405",UCC1,1,,03/23/2000
Kingman Cstm Stairs & Trim LLC,436 Lytle St,West Palm Beach,FL,33405-4622,4622,"KINGMAN CUSTOM STAIRS & TRIM, LLC",436 Lytle St,West Palm Beach,FL,33405-4622,,"Floor Slabs And Tiles, Precast Concrete",Principal,Mr. Frederick D Kingman,Kingman Cstm Stairs & Trim LLC,,Search1600.csv,No close match,,,,,,,,,,,,,,,,,,,,,,,
Hanalei Pools  Inc,330 Maddock St,West Palm Beach,FL,33405-4626,4626,"HANALEI POOLS, INC.",330 Maddock St,West Palm Beach,FL,33405-4626,,Swimming Pool And Hot Tub Service And Maintenance,Vice-President,Ms. Mercedes Zabovnik,Hanalei Pools  Inc,"https://floridaucc.com/search?text=HANALEI POOLS, INC.&searchOptionType=LegacySearch&searchOptionSubOption=FiledAndLapsedActualDebtorNameList&searchCategory=Standard",Search1600.csv,Filed,08/11/2020,08/11/2030,03/02/2026,20200404441X,1,1,,,,,,,,,,,1,"HANALEI POOLS, INC.","330 MADDOCK ST., WEST PALM BEACH, FL, 33405",UCC1,1,,08/11/2020
National Pool Service  Inc,6707 Norton Ave,West Palm Beach,FL,33405-4693,4693,"NATIONAL POOL SERVICE, INC.",6707 Norton Ave,West Palm Beach,FL,33405-4693,C014,Swimming Pool And Hot Tub Service And Maintenance,Vice-President,Ms. Judy Knowlton,National Pool Service  Inc,"https://floridaucc.com/search?text=NATIONAL POOL SERVICE, INC.&searchOptionType=LegacySearch&searchOptionSubOption=FiledAndLapsedActualDebtorNameList&searchCategory=Standard",Search1600.csv,Filed,06/29/2020,06/29/2030,03/02/2026,202002630877,1,1,,,,,,,,,,,1,"NATIONAL POOL SERVICE, INC","6707 NORTON AVE, WEST PALM BCH, FL, 33405",UCC1,1,,06/29/2020
Baders Group  LLC,261 Desota Rd,West Palm Beach,FL,33405-4737,4737,"BADER'S GROUP, LLC",261 Desota Rd,West Palm Beach,FL,33405-4737,,Wrecking And Demolition Work,Member,Mr. Alex S Bader,Baders Group  LLC,"https://floridaucc.com/search?text=BADER'S GROUP, LLC&searchOptionType=LegacySearch&searchOptionSubOption=FiledAndLapsedActualDebtorNameList&searchCategory=Standard",Search1600.csv,Filed,06/14/2021,06/14/2026,03/02/2026,202107397854,1,1,,,,,,,,,,,1,BADERS GROUP LLC,"5520 GEORGIA AVE, WEST PALM BEACH , FL, 33405",UCC1,1,,06/14/2021
Don Ramon  Inc,7101 S Dixie Hwy,West Palm Beach,FL,33405-4805,4805,"DON RAMON, INC.",7101 S Dixie Hwy,West Palm Beach,FL,33405-4805,,"Restaurant, Family: Independent",President,Mr. Juan Rubio,Don Ramon  Inc,"https://floridaucc.com/search?text=DON RAMON, INC.&searchOptionType=LegacySearch&searchOptionSubOption=FiledAndLapsedActualDebtorNameList&searchCategory=Standard",Search1600.csv,Lapsed,12/18/2009,12/18/2014,03/02/2026,200901700531,0,1,,,,,,,,,,,1,"DON RAMON DOWN TOWN, INC DBA/DON RAMON CUBAN CUISINE","300 CLEMATIS STREET, WEST PALM BEACH, FL, 33401",UCC1,1,,12/18/2009
Quality Family Care  LLC,7500 S Dixie Hwy,West Palm Beach,FL,33405-4814,4814,"QUALITY FAMILY CARE, LLC",7500 S Dixie Hwy,West Palm Beach,FL,33405-4814,C014,Home Health Care Services,Principal,Mr. Juan Velez,Quality Family Care  LLC,"https://floridaucc.com/search?text=QUALITY FAMILY CARE, LLC&searchOptionType=LegacySearch&searchOptionSubOption=FiledAndLapsedActualDebtorNameList&searchCategory=Standard",Search1600.csv,Filed,10/08/2010,10/08/2030,03/02/2026,201003352403,4,1,,,,,,,,,,,1,"QUALITY FAMILY CARE, LLC","2501 BRISTOL DR STE 11B, WEST PALM BEACH, FL, 33409",UCC1,1,,10/08/2010
Cubicle Curtain Factory  Inc,7810 S Dixie Hwy,West Palm Beach,FL,33405-4820,4820,"CUBICLE CURTAIN FACTORY, INC.",7810 S Dixie Hwy,West Palm Beach,FL,33405-4820,C014,Drapery Track Installation,Chief Executive Officer,Ms. Stephanie S Serio,Cubicle Curtain Factory  Inc,"https://floridaucc.com/search?text=CUBICLE CURTAIN FACTORY, INC.&searchOptionType=LegacySearch&searchOptionSubOption=FiledAndLapsedActualDebtorNameList&searchCategory=Standard",Search1600.csv,Lapsed,04/11/2005,04/11/2010,03/02/2026,200509407259,1,1,,,,,,,,,,,1,"CUBICLE CURTAIN FACTORY, INC.","1300 ELIZABETH AVENUE, WEST PALM BEACH, FL, 33401",UCC1,2,,04/11/2005
Wrights Impact Win & Door LLC,7816 S Dixie Hwy,West Palm Beach,FL,33405-4820,4820,WRIGHT'S IMPACT WINDOW & DOOR L.L.C.,7816 S Dixie Hwy,West Palm Beach,FL,33405-4820,C014,Windows,Chief Executive Officer,Mr. Richard Kurtz,Wrights Impact Win & Door LLC,,Search1600.csv,No close match,,,,,,,,,,,,,,,,,,,,,,,
Wendys,7925 S Dixie Hwy,West Palm Beach,FL,33405-4821,4821,WENDY'S,7925 S Dixie Hwy,West Palm Beach,FL,33405-4821,,"Fast-Food Restaurant, Chain",President,Mr. Craig Schultz,Wendys,https://floridaucc.com/search?text=WENDY'S&searchOptionType=LegacySearch&searchOptionSubOption=FiledAndLapsedActualDebtorNameList&searchCategory=Standard,Search1600.csv,Lapsed,09/10/1998,09/10/2003,03/02/2026,980000203115,0,1,,,,,,,,,,,2,WEN-LAKE CORPORATION,"1910 W MEMORIAL BLVD, LAKELAND, FL, 33815",UCC1,3,,09/10/1998
Mike Auto Sales,8000 S Dixie Hwy,West Palm Beach,FL,33405-4824,4824,MIKE AUTO SALES,8000 S Dixie Hwy,West Palm Beach,FL,33405-4824,C014,"Automobiles, Used Cars Only",Principal,Mr. Michael Melendez,Mike Auto Sales,https://floridaucc.com/search?text=MIKE AUTO SALES&searchOptionType=LegacySearch&searchOptionSubOption=FiledAndLapsedActualDebtorNameList&searchCategory=Standard,Search1600.csv,Lapsed,06/19/2008,06/19/2013,03/02/2026,200808575005,0,1,,,,,,,,,,,1,MIKE AUTO SALES LLC,"114 S DIXIE HIGHWAY, LANTANA, FL, 33462",UCC1,1,,06/19/2008
Cpn Home Wellness  Inc,7100 S Dixie Hwy,West Palm Beach,FL,33405-4830,4830,"CPN HOME WELLNESS, INC.",7100 S Dixie Hwy,West Palm Beach,FL,33405-4830,,Vacuum Cleaners,President,Chris Nicholls,Cpn Home Wellness  Inc,"https://floridaucc.com/search?text=CPN HOME WELLNESS, INC.&searchOptionType=LegacySearch&searchOptionSubOption=FiledAndLapsedActualDebtorNameList&searchCategory=Standard",Search1600.csv,Lapsed,06/21/2019,06/21/2024,03/02/2026,201908947991,0,1,,,,,,,,,,,1,CPN HOME WELLNESS INC,"7713 S DIXIE HWY, WEST PALM BEACH, FL, 33405",UCC1,1,,06/21/2019
Summit Air Conditioning  Inc,7001 Norton Ave Ste 9,West Palm Beach,FL,33405-4845,4845,"SUMMIT AIR CONDITIONING, INC.",7001 Norton Ave Ste 9,West Palm Beach,FL,33405-4845,C014,Warm Air Heating And Air Conditioning Contractor,Chief Executive Officer,Mr. Leo P Zubriski,Summit Air Conditioning  Inc,,Search1600.csv,No close match,,,,,,,,,,,,,,,,,,,,,,,
Initiate Gvrnment Slutions LLC,344 Alhambra Pl,West Palm Beach,FL,33405-4929,4929,"INITIATE GOVERNMENT SOLUTIONS, LLC",344 Alhambra Pl,West Palm Beach,FL,33405-4929,C014,Hospital And Health Services Consultant,Member,Ms. Claudine Beron,Initiate Gvrnment Slutions LLC,,Search1600.csv,No close match,,,,,,,,,,,,,,,,,,,,,,,
Paul Himber  Inc,P O Box 6007,West Palm Beach,FL,33405-6007,6007,"PAUL HIMBER, INC.",5324 Georgia Ave,West Palm Beach,FL,33405-3520,,"Draperies, Plastic And Textile: From Purchased Materials",President,Mr. Paul Himber,Paul Himber  Inc,"https://floridaucc.com/search?text=PAUL HIMBER, INC.&searchOptionType=LegacySearch&searchOptionSubOption=FiledAndLapsedActualDebtorNameList&searchCategory=Standard",Search1600.csv,Filed,05/30/2024,05/30/2029,03/02/2026,202401439755,0,1,,,,,,,,,,,1,PAUL HIMBER INC,"5324 GEORGIA AVE, WEST PALM BEACH, FL, 33405",UCC1,1,,05/30/2024
Reich Metal Fabricators  Inc,P O Box 6036,West Palm Beach,FL,33405-6036,6036,"REICH METAL FABRICATORS, INC.",5405 Webster Ave,West Palm Beach,FL,33405-3203,,"Metal Doors, Sash, And Trim",President,Mr. James Bailey,Reich Metal Fabricators  Inc,,Search1600.csv,No close match,,,,,,,,,,,,,,,,,,,,,,,
Ej Schrader Company Inc,P O Box 6265,West Palm Beach,FL,33405-6265,6265,"E.J. SCHRADER COMPANY, INCORPORATED",6601 Norton Ave,West Palm Beach,FL,33405-4432,,"Mattresses, Containing Felt, Foam Rubber, Urethane, Etc.",President,Blair Schrader,Ej Schrader Company Inc,,Search1600.csv,No close match,,,,,,,,,,,,,,,,,,,,,,,
Lb Rowe  Inc,P O Box 6276,West Palm Beach,FL,33405-6276,6276,"L.B. ROWE, INC.",7400 Georgia Ave Ste A,West Palm Beach,FL,33405-4563,,Swimming Pool Construction,President,Mr. Larry Rowe,Lb Rowe  Inc,"https://floridaucc.com/search?text=L.B. ROWE, INC.&searchOptionType=LegacySearch&searchOptionSubOption=FiledAndLapsedActualDebtorNameList&searchCategory=Standard",Search1600.csv,Filed,06/05/2020,06/05/2030,03/02/2026,202002051354,1,1,,,,,,,,,,,1,LB ROWE INC,"7400 GEORGIA AVENUE, SUITE A, WEST PALM BEACH, FL, 33405",UCC1,1,,06/05/2020
Beeline Distributors  Inc,P O Box 6507,West Palm Beach,FL,33405-6507,6507,"BEELINE DISTRIBUTORS, INC.",2635 Electronics Way,West Palm Beach,FL,33407-4606,,Engine Fuels And Oils,President,Mr. Jim S Clair,Beeline Distributors  Inc,"https://floridaucc.com/search?text=BEELINE DISTRIBUTORS, INC.&searchOptionType=LegacySearch&searchOptionSubOption=FiledAndLapsedActualDebtorNameList&searchCategory=Standard",Search1600.csv,Lapsed,08/03/1999,08/03/2004,03/02/2026,990000176695,1,2,,,,,,,,,,,1,BEELINE DISTRIBUTORS INC,"7280 GEORGIA AVE, WEST PALM BEACH, FL, 33405",UCC1,3,,08/03/1999
Tomasello Inc,P O Box 6697,West Palm Beach,FL,33405-6697,6697,TOMASELLO INC,5311 Georgia Ave,West Palm Beach,FL,33405-3593,,Pest Control In Structures,President,Mr. Charles Doll,Tomasello Inc,https://floridaucc.com/search?text=TOMASELLO INC&searchOptionType=LegacySearch&searchOptionSubOption=FiledAndLapsedActualDebtorNameList&searchCategory=Standard,Search1600.csv,Lapsed,03/28/1994,03/28/2004,03/02/2026,940000062329,1,1,,,,,,,,,,,1,TOMASELLO INC,"PO BOX 6697, WEST PALM BEACH, FL, 33405",UCC1,1,,03/28/1994
Quality Optical Service Inc,P O Box 7395,West Palm Beach,FL,33405-7395,7395,QUALITY OPTICAL SERVICE INC,6301 Georgia Ave,West Palm Beach,FL,33405-4217,,Opticians,President,Mr. William J Grandy,Quality Optical Service Inc,https://floridaucc.com/search?text=QUALITY OPTICAL SERVICE INC&searchOptionType=LegacySearch&searchOptionSubOption=FiledAndLapsedActualDebtorNameList&searchCategory=Standard,Search1600.csv,Lapsed,09/24/1990,09/24/2000,03/02/2026,900000243849,2,1,,,,,,,,,,,1,QUALITY OPTICAL SERVICE INC,"6301 GEORGIA AVE, WEST PALM BEACH, FL",UCC1,1,,09/24/1990
Big Sky Aviation  Inc,4095 Southern Blvd,West Palm Beach,FL,33406-1404,1404,"BIG SKY AVIATION, INC.",4095 Southern Blvd,West Palm Beach,FL,33406-1404,C001,Aircraft Maintenance And Repair Services,President,Mr. Wayne C Garner,Big Sky Aviation  Inc,"https://floridaucc.com/search?text=BIG SKY AVIATION, INC.&searchOptionType=LegacySearch&searchOptionSubOption=FiledAndLapsedActualDebtorNameList&searchCategory=Standard",Search1600.csv,Lapsed,03/28/2005,03/28/2010,03/02/2026,20050928341X,1,1,,,,,,,,,,,1,BIG SKY AVIATION INC,"3800 SOUTHERN BLVD HANGAR D, WEST PALM BEACH, FL, 33406",UCC1,1,,03/28/2005
Rotortech Services  Inc,4095 Southern Blvd,West Palm Beach,FL,33406-1404,1404,"ROTORTECH SERVICES, INC.",4095 Southern Blvd,West Palm Beach,FL,33406-1404,C001,Helicopter Parts,President,Mr. Walter Mcphail,Rotortech Services  Inc,"https://floridaucc.com/search?text=ROTORTECH SERVICES, INC.&searchOptionType=LegacySearch&searchOptionSubOption=FiledAndLapsedActualDebtorNameList&searchCategory=Standard",Search1600.csv,Lapsed,07/14/2006,07/14/2016,03/02/2026,200603161373,2,1,,,,,,,,,,,2,ROTORTECH PROPERTIES LC,"1420 S. LIVERNOIS RD., ROCHESTER HILLS, MI, 48307",UCC1,1,,07/14/2006
Acp Jet Charters  Inc,4145 Southern Blvd Ste 7,West Palm Beach,FL,33406-1407,1407,"ACP JET CHARTERS, INC",4145 Southern Blvd Ste 7,West Palm Beach,FL,33406-1407,C001,"Airports, Flying Fields, And Services",Chief Operating Officer,Suran Wijayawardana,Acp Jet Charters  Inc,"https://floridaucc.com/search?text=ACP JET CHARTERS, INC&searchOptionType=LegacySearch&searchOptionSubOption=FiledAndLapsedActualDebtorNameList&searchCategory=Standard",Search1600.csv,Lapsed,10/03/2013,10/03/2018,03/02/2026,201309958074,1,1,,,,,,,,,,,1,"ACP JET CHARTERS, INC","4145 SOUTHERN BLVD., HANGER G, WEST PALM BEACH, FL, 33406",UCC1,2,,10/03/2013
Jetlease Palm Beach Inc,1515 Perimeter Ste T-101,West Palm Beach,FL,33406-1426,1426,JETLEASE PALM BEACH INC,1515 Perimeter Rd Ste T-101,West Palm Beach,FL,33406-1426,,Aircraft Dealers,President,Mr. Russell W Dise,Jetlease Palm Beach Inc,,Search1600.csv,No close match,,,,,,,,,,,,,,,,,,,,,,,
Piaggio America  Inc,1515 Primeter Rd Ste T205,West Palm Beach,FL,33406-1426,1426,"PIAGGIO AMERICA, INC.",1515 Perimeter Rd Ste T205,West Palm Beach,FL,33406-1426,,"Aircraft And Parts, Nec",President,Mr. John Bingham,Piaggio America  Inc,,Search1600.csv,No close match,,,,,,,,,,,,,,,,,,,,,,,
Exclusive Charter Service Inc,1515 Perimeter Rd,West Palm Beach,FL,33406-1426,1426,"EXCLUSIVE CHARTER SERVICE, INC.",1515 Perimeter Rd,West Palm Beach,FL,33406-1426,,Flying Charter Service,Chief Executive Officer,Mr. Jason Johnson,Exclusive Charter Service Inc,,Search1600.csv,No close match,,,,,,,,,,,,,,,,,,,,,,,
Aviation & Marine Safety,1515 Perimeter Rd Ste 217,West Palm Beach,FL,33406-1426,1426,"AVIATION & MARINE SAFETY SOLUTIONS INTERNATIONAL, LLC",1515 Perimeter Rd Ste 217,West Palm Beach,FL,33406-1426,C007,Transportation Consultant,Managing Member,Mr. Louis Sorrentino,Aviation & Marine Safety,"https://floridaucc.com/search?text=AVIATION & MARINE SAFETY SOLUTIONS INTERNATIONAL, LLC&searchOptionType=LegacySearch&searchOptionSubOption=FiledAndLapsedActualDebtorNameList&searchCategory=Standard",Search1600.csv,Filed,09/09/2016,09/09/2026,03/02/2026,201608796637,1,1,,,,,,,,,,,1,"AVIATION & MARINE SAFETY SOLUTIONS INTERNATIONAL, LLC","103 US HIGHWAY 1 STE F5-210, JUPITER, FL, 33477",UCC1,1,,09/09/2016
Galaxy Aviation Of Palm Beach,3800 Suthern Blvd Ste 308,West Palm Beach,FL,33406-1434,1434,GALAXY AVIATION OF PALM BEACH INC,3800 Southern Blvd Ste 308,West Palm Beach,FL,33406-1434,,"Airports, Flying Fields, And Services",Chairman Of The Board,Mr. Martin Greenberg,Galaxy Aviation Of Palm Beach,https://floridaucc.com/search?text=GALAXY AVIATION OF PALM BEACH INC&searchOptionType=LegacySearch&searchOptionSubOption=FiledAndLapsedActualDebtorNameList&searchCategory=Standard,Search1600.csv,Lapsed,04/17/1998,04/17/2003,03/02/2026,980000083730,1,1,,,,,,,,,,,1,GALAXY AVIATION OF PALM BEACH INC,"280 SOUTHERN BVLD, W PALM BCH, FL, 33406",UCC1,1,,04/17/1998
Centerport  Inc,1301 N Perimeter Rd,West Palm Beach,FL,33406-1438,1438,"CENTERPORT, INC.",1301 N Perimeter Rd,West Palm Beach,FL,33406-1438,C007,"Air Cargo Carrier, Scheduled",President,Mr. James B Spies,Centerport  Inc,"https://floridaucc.com/search?text=CENTERPORT, INC.&searchOptionType=LegacySearch&searchOptionSubOption=FiledAndLapsedActualDebtorNameList&searchCategory=Standard",Search1600.csv,Lapsed,01/31/1996,01/31/2001,03/02/2026,960000021172,0,1,,,,,,,,,,,1,CENTERPORT C F S INC,"1301 N PERIMETER RD, PALM BEACH, FL, 33406",UCC1,1,,01/31/1996
Lund & Pullara  Inc,1305 N Perimeter Rd,West Palm Beach,FL,33406-1438,1438,"LUND & PULLARA, INC.",1305 N Perimeter Rd,West Palm Beach,FL,33406-1438,C007,Customhouse Brokers,President,Ms. Jill O'brien,Lund & Pullara  Inc,,Search1600.csv,No close match,,,,,,,,,,,,,,,,,,,,,,,
Exclusive Charter Service Inc,1500 Perimeter Rd,West Palm Beach,FL,33406-1448,1448,"EXCLUSIVE CHARTER SERVICE, INC.",1500 Perimeter Rd,West Palm Beach,FL,33406-1448,C007,Flying Charter Service,President,Mr. Jason Johnson,Exclusive Charter Service Inc,,Search1600.csv,No close match,,,,,,,,,,,,,,,,,,,,,,,
Florida Jet Sales  Inc,1516 Perimeter Rd Ste 201,West Palm Beach,FL,33406-1454,1454,"FLORIDA JET SALES, INC.",1516 Perimeter Rd Ste 201,West Palm Beach,FL,33406-1454,,"Airports, Flying Fields, And Services",President,Mr. Dennis Andersen,Florida Jet Sales  Inc,,Search1600.csv,No close match,,,,,,,,,,,,,,,,,,,,,,,
Shiraz Management LLC,150 Australian Ave,West Palm Beach,FL,33406-1465,1465,SHIRAZ MANAGEMENT LLC,150 Australian Ave,West Palm Beach,FL,33406-1465,C007,Banquet Hall Facilities,Managing Member,Mr. Martin Pakideh,Shiraz Management LLC,https://floridaucc.com/search?text=SHIRAZ MANAGEMENT LLC&searchOptionType=LegacySearch&searchOptionSubOption=FiledAndLapsedActualDebtorNameList&searchCategory=Standard,Search1600.csv,Filed,05/27/2025,05/27/2030,03/02/2026,20250155498X,0,1,,,,,,,,,,,1,SHIRAZ MANAGEMENT LLC,"150 AUSTRALIAN AVE, WEST PALM BEACH, FL, 33406-1465",UCC1,1,,05/27/2025
Florida Crushed Stone Co,1501 Belvedere Rd,West Palm Beach,FL,33406-1512,1512,FLORIDA CRUSHED STONE CO,1501 Belvedere Rd,West Palm Beach,FL,33406-1512,,Coal Mining Services,Principal,Mr. Ralph Burdin,Florida Crushed Stone Co,https://floridaucc.com/search?text=FLORIDA CRUSHED STONE CO&searchOptionType=LegacySearch&searchOptionSubOption=FiledAndLapsedActualDebtorNameList&searchCategory=Standard,Search1600.csv,Lapsed,11/07/1994,11/07/1999,03/02/2026,940000226565,1,1,,,,,,,,,,,1,FLORIDA CRUSHED STONE CO,"PO BOX 490300, LEESBURG, FL, 347490300",UCC1,1,,11/07/1994
Mj Ocala Hotel Associates Ltd,1601 Belvedere Road,West Palm Beach,FL,33406-1541,1541,"MJ OCALA HOTEL ASSOCIATES, LTD.",1601 Belvedere Rd,West Palm Beach,FL,33406-1541,,Hotels,Principal,Mr. William A Meyer,Mj Ocala Hotel Associates Ltd,"https://floridaucc.com/search?text=MJ OCALA HOTEL ASSOCIATES, LTD.&searchOptionType=LegacySearch&searchOptionSubOption=FiledAndLapsedActualDebtorNameList&searchCategory=Standard",Search1600.csv,Lapsed,05/15/1995,05/15/2000,03/02/2026,950000098461,2,1,,,,,,,,,,,1,MJ OCALA HOTEL ASSOCIATES LTD,"1601 BELVEDERE RD #407, W PALM BEACH, FL, 33406",UCC1,9,,05/15/1995
Servico West Palm Beach Inc,1601 Blvdere Rd Ste 1601w,West Palm Beach,FL,33406-1542,1542,SERVICO WEST PALM BEACH INC,1601 Belvedere Rd Ste 1601w,West Palm Beach,FL,33406-1542,,Hotels,President,Mr. David Buddemeyer,Servico West Palm Beach Inc,https://floridaucc.com/search?text=SERVICO WEST PALM BEACH INC&searchOptionType=LegacySearch&searchOptionSubOption=FiledAndLapsedActualDebtorNameList&searchCategory=Standard,Search1600.csv,Lapsed,12/21/1998,12/21/2003,03/02/2026,980000280932,1,1,,,,,,,,,,,1,SERVICO WEST PALM BEACH INC,"3445 PEACHTREE ROAD, N E,TWO LIVE OAK CENTER, ATLANTA, GA, 30326",UCC1,8,,12/21/1998
Gas Systems Technology  Inc,3323 Blvedere Rd Bldg 506,West Palm Beach,FL,33406-1550,1550,"GAS SYSTEMS TECHNOLOGY, INC.",3323 Belvedere Rd Bldg 506,West Palm Beach,FL,33406-1550,,Plumbing Contractors,President,Mr. Thomas Gorman,Gas Systems Technology  Inc,"https://floridaucc.com/search?text=GAS SYSTEMS TECHNOLOGY, INC.&searchOptionType=LegacySearch&searchOptionSubOption=FiledAndLapsedActualDebtorNameList&searchCategory=Standard",Search1600.csv,Lapsed,09/01/2006,09/01/2011,03/02/2026,200603563382,1,1,,,,,,,,,,,2,"GAS SYSTEMS TECHNOLOGY, INC.","604 D NORTH G STREET, LAKE WORTH, FL, 334604957",UCC1,1,,09/01/2006
Kornreich Nia Organization,1601 Blvedere Rd Ste 300e,West Palm Beach,FL,33406-1554,1554,THE KORNREICH NIA ORGANIZATION,1601 Belvedere Rd Ste 300e,West Palm Beach,FL,33406-1554,,"Insurance Agents, Nec",Manager,Mr. Bill Eitner,Kornreich Nia Organization,,Search1600.csv,No close match,,,,,,,,,,,,,,,,,,,,,,,
Retrofitness  LLC,1601 Blvedere Rd Ste 500e,West Palm Beach,FL,33406-1556,1556,"RETROFITNESS, LLC",1601 Belvedere Rd Ste 500e,West Palm Beach,FL,33406-1556,,Physical Fitness Facilities,Chief Executive Officer,Mr. Andrew Alfano,Retrofitness  LLC,,Search1600.csv,No close match,,,,,,,,,,,,,,,,,,,,,,,
Archer Western Contractors,4475 Southern Blvd,West Palm Beach,FL,33406-2141,2141,ARCHER WESTERN CONTRACTORS,4475 Southern Blvd,West Palm Beach,FL,33406-2141,C001,General Construction Machinery And Equipment,General Manager,Mr. Sam Todd,Archer Western Contractors,https://floridaucc.com/search?text=ARCHER WESTERN CONTRACTORS&searchOptionType=LegacySearch&searchOptionSubOption=FiledAndLapsedActualDebtorNameList&searchCategory=Standard,Search1600.csv,Lapsed,05/22/2000,05/22/2005,03/02/2026,200000120212,0,1,,,,,,,,,,,1,ARCHER WESTERN CONTRACTORS,"1500 NW 62ND ST STE 417, FT LAUDERDALE, FL, 33309",UCC1,1,,05/22/2000
Osay Development Corporation,4180 Gun Club Rd,West Palm Beach,FL,33406-2995,2995,O'SAY DEVELOPMENT CORPORATION,4180 Gun Club Rd,West Palm Beach,FL,33406-2995,C001,Group Day Care Center,Owner,Cornesha D Chisom,Osay Development Corporation,,Search1600.csv,No close match,,,,,,,,,,,,,,,,,,,,,,,
Peterson & Bernard PA,1550 Suthern Blvd Ste 300,West Palm Beach,FL,33406-3232,3232,PETERSON & BERNARD PA,1550 Southern Blvd Ste 300,West Palm Beach,FL,33406-3232,,"General Practice Attorney, Lawyer",President,Mr. Eric A Peterson,Peterson & Bernard PA,https://floridaucc.com/search?text=PETERSON & BERNARD PA&searchOptionType=LegacySearch&searchOptionSubOption=FiledAndLapsedActualDebtorNameList&searchCategory=Standard,Search1600.csv,Lapsed,07/16/1997,07/16/2002,03/02/2026,970000157104,0,1,,,,,,,,,,,2,BERNARD & PETERSON PA,"707 SE 3RD AVENUE, FT LAUDERDALE, FL, 33316",UCC1,1,,07/16/1997
Palm Bch Cnty Film TV Comm Inc,2195 Suthern Blvd Ste 520,West Palm Beach,FL,33406-3235,3235,"PALM BEACH COUNTY FILM AND TELEVISION COMMISSION, INC.",2195 Southern Blvd Ste 520,West Palm Beach,FL,33406-3235,,Business Management,Chairman,Mr. Kenneth Spillias,Palm Bch Cnty Film TV Comm Inc,,Search1600.csv,No close match,,,,,,,,,,,,,,,,,,,,,,,
Green Earth Powerwashing LLC,4455 Saturn Ave,West Palm Beach,FL,33406-4016,4016,GREEN EARTH POWERWASHING LLC,4455 Saturn Ave Ste A,West Palm Beach,FL,33406-4016,,Cleaning Services,Managing Member,Mr. Kenneth G Bolsch,Green Earth Powerwashing LLC,https://floridaucc.com/search?text=GREEN EARTH POWERWASHING LLC&searchOptionType=LegacySearch&searchOptionSubOption=FiledAndLapsedActualDebtorNameList&searchCategory=Standard,Search1600.csv,Lapsed,09/01/2011,09/01/2016,03/02/2026,20110523857X,0,1,,,,,,,,,,,1,GREEN EARTH POWERWASHING LLC,"5331 GRANDE PALM CIRLE, DELRAY BEACH, FL, 33484",UCC1,1,,09/01/2011
Boca Leasing Center  Inc,4454 Tellin Ave,West Palm Beach,FL,33406-4040,4040,"BOCA LEASING CENTER, INC.",4454 Tellin Ave,West Palm Beach,FL,33406-4040,C001,"Truck Rental And Leasing, No Drivers",President,Ms. Carie Cody,Boca Leasing Center  Inc,"https://floridaucc.com/search?text=BOCA LEASING CENTER, INC.&searchOptionType=LegacySearch&searchOptionSubOption=FiledAndLapsedActualDebtorNameList&searchCategory=Standard",Search1600.csv,Filed,05/29/2018,05/29/2028,03/02/2026,20180536652X,2,1,,,,,,,,,,,1,"BOCA LEASING CENTER, INC.","4454 TELLIN AVE, WEST PALM BEACH, FL, 33406",UCC1,1,,05/29/2018
Trump Intl Golf Clb Inc,3505 Summit Blvd,West Palm Beach,FL,33406-4111,4111,"TRUMP INTERNATIONAL GOLF CLUB, INC.",3505 Summit Blvd,West Palm Beach,FL,33406-4111,C075,"Country Club, Membership",Chairman Of The Board,Mr. Donald Trump,Trump Intl Golf Clb Inc,,Search1600.csv,No close match,,,,,,,,,,,,,,,,,,,,,,,
Martino Commercial Tire LLC,751 S Congress Ave,West Palm Beach,FL,33406-4116,4116,MARTINO COMMERCIAL TIRE LLC,751 S Congress Ave,West Palm Beach,FL,33406-4116,C010,Automotive Tires,Manager,Mr. Gary Turner,Martino Commercial Tire LLC,https://floridaucc.com/search?text=MARTINO COMMERCIAL TIRE LLC&searchOptionType=LegacySearch&searchOptionSubOption=FiledAndLapsedActualDebtorNameList&searchCategory=Standard,Search1600.csv,Lapsed,01/05/2016,01/05/2026,03/02/2026,201606148581,2,1,,,,,,,,,,,1,MARTINO COMMERCIAL TIRE LLC,"751 SOUTH CONGRESS AVENUE, WEST PALM BEACH, FL, 33406",UCC1,1,,01/05/2016
Centro Intrncnal De Rstrcion Y,865 S Congress Avenue,West Palm Beach,FL,33406-4118,4118,CENTRO INTERNACIONAL DE RESTAURACION Y ALABANZA INC,865 S Congress Ave,West Palm Beach,FL,33406-4118,,"Churches, Temples, And Shrines",President,Mr. Ruben L Arroyo,Centro Intrncnal De Rstrcion Y,,Search1600.csv,No close match,,,,,,,,,,,,,,,,,,,,,,,
B & J Sales  Inc,838 S Congress Ave,West Palm Beach,FL,33406-4119,4119,"B & J SALES, INC.",838 S Congress Ave,West Palm Beach,FL,33406-4119,,Bedding And Bedsprings,President,Mr. Clarence W Johnson,B & J Sales  Inc,"https://floridaucc.com/search?text=B & J SALES, INC.&searchOptionType=LegacySearch&searchOptionSubOption=FiledAndLapsedActualDebtorNameList&searchCategory=Standard",Search1600.csv,Lapsed,11/18/2004,11/18/2024,03/02/2026,200408342909,4,1,,,,,,,,,,,1,"B & J SALES, INC.","14154 ASTER AVENUE, WELLINGTON, FL, 33414",UCC1,1,,11/18/2004
L & L Of Palm Beach  Inc,935 Prairie Rd,West Palm Beach,FL,33406-4333,4333,"L & L OF PALM BEACH, INC.",935 Prairie Rd,West Palm Beach,FL,33406-4333,,Real Estate Investment Trusts,President,Ms. Nancy Contreras,L & L Of Palm Beach  Inc,"https://floridaucc.com/search?text=L & L OF PALM BEACH, INC.&searchOptionType=LegacySearch&searchOptionSubOption=FiledAndLapsedActualDebtorNameList&searchCategory=Standard",Search1600.csv,Lapsed,11/27/2006,11/27/2011,03/02/2026,200604208861,0,1,,,,,,,,,,,1,L & L OF PALM BEACH INC,"935 PRAIRIE ROAD, WEST PALM BEACH, FL, 33406",UCC1,1,,11/27/2006
Bryants Tile,780 Patrick Dr,West Palm Beach,FL,33406-4434,4434,BRYANTS TILE,780 Patrick Dr,West Palm Beach,FL,33406-4434,C010,"Tile Installation, Ceramic",Principal,Mr. Bryant J Smith,Bryants Tile,https://floridaucc.com/search?text=BRYANTS TILE&searchOptionType=LegacySearch&searchOptionSubOption=FiledAndLapsedActualDebtorNameList&searchCategory=Standard,Search1600.csv,Filed,06/06/2020,06/06/2030,03/02/2026,202002068702,1,1,,,,,,,,,,,1,BRYANTS TILE AND MARBLE INC,"780 PATRICK DRIVE, WEST PALM BEACH, FL, 33406",UCC1,1,,06/06/2020
Croquet Foundation Of American,700 Florida Mango Rd,West Palm Beach,FL,33406-4461,4461,"CROQUET FOUNDATION OF AMERICAN, INC",700 S Florida Mango Rd,West Palm Beach,FL,33406-4461,,"Sports Clubs, Managers, And Promoters",Comptroller,Ms. Bobbi Segal,Croquet Foundation Of American,"https://floridaucc.com/search?text=CROQUET FOUNDATION OF AMERICAN, INC&searchOptionType=LegacySearch&searchOptionSubOption=FiledAndLapsedActualDebtorNameList&searchCategory=Standard",Search1600.csv,Filed,06/27/2020,06/27/2030,03/02/2026,20200252712X,1,1,,,,,,,,,,,1,"CROQUET FOUNDATION OF AMERICA, INC","700 S FLORIDA MANGO RD, WEST PALM BCH, FL, 33406",UCC1,1,,06/27/2020
United States Croquet Assn Inc,700 S Florida Mango Rd,West Palm Beach,FL,33406-4461,4461,"UNITED STATES CROQUET ASSOCIATION, INC.",700 S Florida Mango Rd,West Palm Beach,FL,33406-4461,,"Membership Organizations, Nec",President,Ms. Sara Low,United States Croquet Assn Inc,,Search1600.csv,No close match,,,,,,,,,,,,,,,,,,,,,,,
Prino Products  Inc,3696 Victoria Dr,West Palm Beach,FL,33406-4703,4703,"PRINO PRODUCTS, INC",3696 Victoria Dr,West Palm Beach,FL,33406-4703,,Fresh Fruits And Vegetables,President,Anxhelino Bollano,Prino Products  Inc,,Search1600.csv,No close match,,,,,,,,,,,,,,,,,,,,,,,
Special Developments LLC,3791 Victoria Dr,West Palm Beach,FL,33406-4705,4705,SPECIAL DEVELOPMENTS LLC,3791 Victoria Dr,West Palm Beach,FL,33406-4705,C006,Construction Management,President,Mr. Joseph Sarquis,Special Developments LLC,,Search1600.csv,No close match,,,,,,,,,,,,,,,,,,,,,,,
Maria M Egusquiza Dmd PA,3676 Collin Dr Ste 5,West Palm Beach,FL,33406-4718,4718,"MARIA M. EGUSQUIZA, D.M.D., P.A.",3676 Collin Dr Ste 5,West Palm Beach,FL,33406-4718,,Dentists' Office,Owner,Ms. Maria M Egusquiza,Maria M Egusquiza Dmd PA,"https://floridaucc.com/search?text=MARIA M. EGUSQUIZA, D.M.D., P.A.&searchOptionType=LegacySearch&searchOptionSubOption=FiledAndLapsedActualDebtorNameList&searchCategory=Standard",Search1600.csv,Lapsed,08/07/2020,08/07/2025,03/02/2026,20200398639X,0,1,,,,,,,,,,,1,MARIA M EGUSQUIZA DMD PA,"3676 COLLIN DRIVE SUITE 4, WEST PALM BEACH, FL, 33406",UCC1,1,,08/07/2020
Bio Products  Inc,3676 Collin Dr Ste 6,West Palm Beach,FL,33406-4718,4718,"BIO PRODUCTS, INC.",3676 Collin Dr Ste 6,West Palm Beach,FL,33406-4718,C006,"Biotechnical Research, Commercial",President,Ms. Nora Castro,Bio Products  Inc,"https://floridaucc.com/search?text=BIO PRODUCTS, INC.&searchOptionType=LegacySearch&searchOptionSubOption=FiledAndLapsedActualDebtorNameList&searchCategory=Standard",Search1600.csv,Lapsed,07/21/2020,07/21/2025,03/02/2026,202003526607,0,1,,,,,,,,,,,1,BIO PRODUCTS & SERVICES INC,"8670 TAFT ST, PEMBROKE PNES, FL, 33024",UCC1,1,,07/21/2020
Built Right Construction Inc,1183 Royal Palm Ave,West Palm Beach,FL,33406-4874,4874,BUILT RIGHT CONSTRUCTION INC.,1183 Royal Palm Ave,West Palm Beach,FL,33406-4874,,"Commercial And Office Building, New Construction",President,Hydn Rousseau,Built Right Construction Inc,https://floridaucc.com/search?text=BUILT RIGHT CONSTRUCTION INC.&searchOptionType=LegacySearch&searchOptionSubOption=FiledAndLapsedActualDebtorNameList&searchCategory=Standard,Search1600.csv,Lapsed,02/05/2007,02/05/2012,03/02/2026,200704737785,0,1,,,,,,,,,,,1,BUILT RIGHT CONSTRUCTION INC,"1315 W 53RD ST, WEST PALM BEACH, FL, 33407",UCC1,2,,02/05/2007
Jr Peterbuilt 8876  Inc,3617 Valley Way,West Palm Beach,FL,33406-4950,4950,"JR PETERBUILT 8876, INC",3617 Valley Way,West Palm Beach,FL,33406-4950,,"Trucks, Tractors, And Trailers: New And Used",Principal,Mr. Joel Rodriguez,Jr Peterbuilt 8876  Inc,,Search1600.csv,No close match,,,,,,,,,,,,,,,,,,,,,,,
Xynyx  Inc,3451 Taconic Dr,West Palm Beach,FL,33406-5048,5048,"XYNYX, INC.",3451 Taconic Dr,West Palm Beach,FL,33406-5048,C006,Computer Software Development,Chief Executive Officer,Shahveer Dhatigara,Xynyx  Inc,,Search1600.csv,No close match,,,,,,,,,,,,,,,,,,,,,,,
Mr Cast  Inc,3307 Tyringham Dr,West Palm Beach,FL,33406-5052,5052,"MR. CAST, INC.",3307 Tyringham Dr,West Palm Beach,FL,33406-5052,,"Special Trade Contractors, Nec",Principal,Mr. Hector R Lopez,Mr Cast  Inc,,Search1600.csv,No close match,,,,,,,,,,,,,,,,,,,,,,,
Mark Trlep Rfng-Rpair Spclist,1354 Willow Rd,West Palm Beach,FL,33406-5066,5066,"MARK TERLEP ROOFING-REPAIR SPECIALIST, INC.",1354 Willow Rd,West Palm Beach,FL,33406-5066,,Roofing Contractor,President,Mr. Mark Terlep,Mark Trlep Rfng-Rpair Spclist,,Search1600.csv,No close match,,,,,,,,,,,,,,,,,,,,,,,
Amazing Grace Asssted Lving Hm,2685 Carambola Rd,West Palm Beach,FL,33406-5106,5106,"AMAZING GRACE ASSISTED LIVING HOME, LLC",2685 Carambola Rd,West Palm Beach,FL,33406-5106,,Skilled Nursing Care Facilities,Principal,Ms. Deborah Lytle,Amazing Grace Asssted Lving Hm,,Search1600.csv,No close match,,,,,,,,,,,,,,,,,,,,,,,
Shutter Up Industries  Inc,1042 S Congress Ave,West Palm Beach,FL,33406-5113,5113,"SHUTTER UP INDUSTRIES, INC.",1042 S Congress Ave,West Palm Beach,FL,33406-5113,C024,Windows,President,Jeremey Kobosko,Shutter Up Industries  Inc,,Search1600.csv,No close match,,,,,,,,,,,,,,,,,,,,,,,
Advanced Doctors Aco  LLC,1155 S Congress Ave,West Palm Beach,FL,33406-5114,5114,"ADVANCED DOCTORS ACO, LLC",1155 S Congress Ave,West Palm Beach,FL,33406-5114,C024,"Business Consulting, Nec",Principal,Gianna Trombino,Advanced Doctors Aco  LLC,,Search1600.csv,No close match,,,,,,,,,,,,,,,,,,,,,,,
Lebs Electric  Inc,1144 S Congress Ave,West Palm Beach,FL,33406-5115,5115,"L.E.B.S. ELECTRIC, INC.",1144 S Congress Ave,West Palm Beach,FL,33406-5115,,Electric Services,President,Mr. Brian J Chierichella,Lebs Electric  Inc,,Search1600.csv,No close match,,,,,,,,,,,,,,,,,,,,,,,
Jensen Insulation  Inc,1122 S Congress Ave Ste B,West Palm Beach,FL,33406-5119,5119,"JENSEN INSULATION, INC.",1122 S Congress Ave Ste B,West Palm Beach,FL,33406-5119,C024,"Insulation, Buildings",President,Mr. Harold C Giddings,Jensen Insulation  Inc,"https://floridaucc.com/search?text=JENSEN INSULATION, INC.&searchOptionType=LegacySearch&searchOptionSubOption=FiledAndLapsedActualDebtorNameList&searchCategory=Standard",Search1600.csv,Lapsed,04/10/1995,04/10/2005,03/02/2026,950000072248,1,1,,,,,,,,,,,1,JENSEN INSULATION INC,"3285K LAKE WORTH RD, LAKE WORTH, FL, 33461",UCC1,2,,04/10/1995
Hispanic Humn Rsrces Cncil Inc,1427 S Congress Ave,West Palm Beach,FL,33406-5120,5120,"HISPANIC HUMAN RESOURCES COUNCIL, INC.",1427 S Congress Ave,West Palm Beach,FL,33406-5120,,Child Day Care Services,Executive Director,Mr. Jorge Avellana,Hispanic Humn Rsrces Cncil Inc,"https://floridaucc.com/search?text=HISPANIC HUMAN RESOURCES COUNCIL, INC.&searchOptionType=LegacySearch&searchOptionSubOption=FiledAndLapsedActualDebtorNameList&searchCategory=Standard",Search1600.csv,Lapsed,09/04/1992,09/04/1997,03/02/2026,920000180343,0,1,,,,,,,,,,,1,HISPANIC HUMAN RESOURCES COUNCIL INC,"2330 S CONGRESS AVE, 1-C, WEST PALM BEACH, FL",UCC1,3,,09/04/1992
Action Elevators & Lifts,2706 Starwood Ct,West Palm Beach,FL,33406-5145,5145,ACTION ELEVATORS & LIFTS,2706 Starwood Ct,West Palm Beach,FL,33406-5145,C024,"Elevators: Inspection, Service, And Repair",President,Mr. Michael Ross,Action Elevators & Lifts,,Search1600.csv,No close match,,,,,,,,,,,,,,,,,,,,,,,
A New Start  Inc,1261 S Congress Ave,West Palm Beach,FL,33406-5172,5172,"A NEW START, INC.",1261 S Congress Ave,West Palm Beach,FL,33406-5172,,Substance Abuse Clinics (outpatient),Chief Executive Officer,Mr. Eugene Sullivan,A New Start  Inc,"https://floridaucc.com/search?text=A NEW START, INC.&searchOptionType=LegacySearch&searchOptionSubOption=FiledAndLapsedActualDebtorNameList&searchCategory=Standard",Search1600.csv,Lapsed,03/06/2020,03/06/2025,03/02/2026,20200105791X,0,1,,,,,,,,,,,1,A NEW START WELLNESS CENTER INC,"1301 CAPE CORAL PKWY E, CAPE CORAL, FL, 33904",UCC1,1,,03/06/2020
Siga Incorporated,1423 Lake Mango Way,West Palm Beach,FL,33406-5181,5181,SIGA INCORPORATED,1423 Lake Mango Way,West Palm Beach,FL,33406-5181,,Landscape Architects,President,Mr. Samuel K Sigars,Siga Incorporated,https://floridaucc.com/search?text=SIGA INCORPORATED&searchOptionType=LegacySearch&searchOptionSubOption=FiledAndLapsedActualDebtorNameList&searchCategory=Standard,Search1600.csv,Lapsed,02/13/1998,02/13/2003,03/02/2026,980000032778,1,1,,,,,,,,,,,1,SIGA INCORPORATED,"5500 DAVI RD, DAVIE, FL, 333146099",UCC1,1,,02/13/1998
Aladdin USA Corporation III,1015 S Congress Ave Ste 3,West Palm Beach,FL,33406-5189,5189,ALADDIN USA CORPORATION III,1015 S Congress Ave Ste 3,West Palm Beach,FL,33406-5189,C024,"Photographic Studio, Commercial",President,Mr. Vincent Vanover,Aladdin USA Corporation III,,Search1600.csv,No close match,,,,,,,,,,,,,,,,,,,,,,,
Lloyd Chesney Consulting,1168 Jason Way,West Palm Beach,FL,33406-5255,5255,LLOYD CHESNEY CONSULTING,1168 Jason Way,West Palm Beach,FL,33406-5255,,"Computer Interface Equipment, For Industrial Process Control",Owner,Mr. Lloyd Chesney,Lloyd Chesney Consulting,,Search1600.csv,No close match,,,,,,,,,,,,,,,,,,,,,,,
Francis Roofing Solutions Inc,1152 Lake Clarke Dr,West Palm Beach,FL,33406-5329,5329,FRANCIS ROOFING SOLUTIONS INC,1152 Lake Clarke Dr,West Palm Beach,FL,33406-5329,,Roof Repair,Principal,Mr. Paul R Francis,Francis Roofing Solutions Inc,https://floridaucc.com/search?text=FRANCIS ROOFING SOLUTIONS INC&searchOptionType=LegacySearch&searchOptionSubOption=FiledAndLapsedActualDebtorNameList&searchCategory=Standard,Search1600.csv,Lapsed,05/18/2018,05/18/2023,03/02/2026,201805274145,1,1,,,,,,,,,,,1,"FRANCIS ROOFING SOLUTIONS, INC.","13325 KINGSBURY DR, WELLINGTON, FL, 33414",UCC1,1,,05/18/2018
Hayden Electric Inc,6610 Pine Tree Cir,West Palm Beach,FL,33406-5335,5335,"HAYDEN ELECTRIC, INC",6610 Pine Tree Cir,West Palm Beach,FL,33406-5335,,Electrical Equipment Repair Services,President,Mr. James E Hayden,Hayden Electric Inc,"https://floridaucc.com/search?text=HAYDEN ELECTRIC, INC&searchOptionType=LegacySearch&searchOptionSubOption=FiledAndLapsedActualDebtorNameList&searchCategory=Standard",Search1600.csv,Lapsed,05/18/2001,05/18/2011,03/02/2026,200100110869,3,1,,,,,,,,,,,4,HAYDEN JAMES E,"561 SW 9TH TERRACE, POMPANO BEACH, FL, 33069",UCC1,1,,05/18/2001
R & R Tools Inc,1202 S Congress Ave,West Palm Beach,FL,33406-5401,5401,R & R TOOLS INC.,1202 S Congress Ave,West Palm Beach,FL,33406-5401,C024,Hand Tools,President,Ms. Irene Wilde,R & R Tools Inc,https://floridaucc.com/search?text=R & R TOOLS INC.&searchOptionType=LegacySearch&searchOptionSubOption=FiledAndLapsedActualDebtorNameList&searchCategory=Standard,Search1600.csv,Lapsed,05/27/2004,05/27/2009,03/02/2026,200407032892,1,1,,,,,,,,,,,1,R & R TOOLS INC,"722 SW BILTMORE ROAD, PORT ST LUCIE, FL, 34983",UCC1,2,,05/27/2004
Storm Depot Palm Beach  LLC,1202 S Congress Ave Ste A,West Palm Beach,FL,33406-5402,5402,"STORM DEPOT OF PALM BEACH, LLC",1202 S Congress Ave Ste A,West Palm Beach,FL,33406-5402,C024,"Awnings, Blinds And Shutters: Wood",Partner,Mr. Frank Roca,Storm Depot Palm Beach  LLC,,Search1600.csv,No close match,,,,,,,,,,,,,,,,,,,,,,,
Palm Bch Vterinary Specialists,3884 Forest Hill Blvd,West Palm Beach,FL,33406-5600,5600,PALM BEACH VETERINARY SPECIALISTS,3884 Forest Hill Blvd,West Palm Beach,FL,33406-5600,,"Animal Hospital Services, Pets And Other Animal Specialties",Owner,Mr. Robert Roy,Palm Bch Vterinary Specialists,,Search1600.csv,No close match,,,,,,,,,,,,,,,,,,,,,,,
Santa Fe Investment Corp,3161 Forest Hill Blvd,West Palm Beach,FL,33406-5808,5808,SANTA FE INVESTMENT CORP.,3161 Forest Hill Blvd,West Palm Beach,FL,33406-5808,,Women's Shoes,President,Riad Batruny,Santa Fe Investment Corp,https://floridaucc.com/search?text=SANTA FE INVESTMENT CORP.&searchOptionType=LegacySearch&searchOptionSubOption=FiledAndLapsedActualDebtorNameList&searchCategory=Standard,Search1600.csv,Lapsed,06/18/2014,06/18/2019,03/02/2026,201401646792,0,1,,,,,,,,,,,2,SANTA FE INVESTMENT CORP,"3025 EMBASSY DRIVE, WEST PALM BEACH, FL, 33406",UCC1,1,,06/18/2014
Suramed Health Center PA,3255 Frest Hl Blvd Ste 10,West Palm Beach,FL,33406-5854,5854,SURAMED HEALTH CENTER PA,3255 Forest Hill Blvd Ste 107,West Palm Beach,FL,33406-5854,,Primary Care Medical Clinic,Co-Founder,Mr. Alfonso J Henriquez,Suramed Health Center PA,https://floridaucc.com/search?text=SURAMED HEALTH CENTER PA&searchOptionType=LegacySearch&searchOptionSubOption=FiledAndLapsedActualDebtorNameList&searchCategory=Standard,Search1600.csv,Filed,05/18/2022,05/18/2027,03/02/2026,202201636921,0,1,,,,,,,,,,,2,SURAMED HEALTH CENTER PA,"11683 MANATEE BAY LN., WELLINGTON, FL, 33449",UCC1,1,,05/18/2022
Ark Of God Inc,3218 Melaleuca Dr,West Palm Beach,FL,33406-5861,5861,THE ARK OF GOD INC,3218 Melaleuca Dr,West Palm Beach,FL,33406-5861,,Miscellaneous Denomination Church,Chief Executive Officer,Mardochee Bellerice,Ark Of God Inc,,Search1600.csv,No close match,,,,,,,,,,,,,,,,,,,,,,,
Sbm Rehabilitation Med Ctr Inc,3472 Forest Hill Blvd,West Palm Beach,FL,33406-5864,5864,SBM REHABILITATION MEDICAL CENTER INC.,3472 Forest Hill Blvd # 2c,West Palm Beach,FL,33406-5864,C025,Medical Centers,Principal,Mr. Santiago Borges,Sbm Rehabilitation Med Ctr Inc,,Search1600.csv,No close match,,,,,,,,,,,,,,,,,,,,,,,
Blue Water Doctors,3472 Forest Hl Blvd # 2c,West Palm Beach,FL,33406-5864,5864,BLUE WATER DOCTORS,3472 Forest Hill Blvd # 2c,West Palm Beach,FL,33406-5864,,Bottled Water Delivery,Owner,Mr. Roy G Bassett,Blue Water Doctors,https://floridaucc.com/search?text=BLUE WATER DOCTORS&searchOptionType=LegacySearch&searchOptionSubOption=FiledAndLapsedActualDebtorNameList&searchCategory=Standard,Search1600.csv,Lapsed,03/25/2013,03/25/2018,03/02/2026,201308688391,0,1,,,,,,,,,,,1,"BLUE WATER DOCTORS OF LAKE WORTH, LLC","4801 SOUTH CONGRESS AVENUE, SUITE 304, LAKE WORTH, FL, 33461",UCC1,3,,03/25/2013
American Med-Care Centers PA,3200 Forest Hl Blvd Ste 1,Palm Springs,FL,33406-5866,5866,"AMERICAN MED-CARE CENTERS, P.A.",3200 Forest Hill Blvd Ste 1,Palm Springs,FL,33406-5866,,Offices And Clinics Of Chiropractors,President,Mr. Brian Reimer,American Med-Care Centers PA,"https://floridaucc.com/search?text=AMERICAN MED-CARE CENTERS, P.A.&searchOptionType=LegacySearch&searchOptionSubOption=FiledAndLapsedActualDebtorNameList&searchCategory=Standard",Search1600.csv,Lapsed,09/14/1994,09/14/1999,03/02/2026,940000187645,0,1,,,,,,,,,,,1,AMERICAN MED-CARE CENTERS PA,"3176 S CONGRESS AVE, PALM SPRINGS, FL, 33461",UCC1,1,,09/14/1994
Comprehensive Womens Med Ctr,3537 Forest Hl Blvd Ste A,West Palm Beach,FL,33406-5867,5867,COMPREHENSIVE WOMENS MEDICAL CENTER,3537 Forest Hill Blvd Ste A,West Palm Beach,FL,33406-5867,,Gynecologist,Partner,Mr. Steven Silverman,Comprehensive Womens Med Ctr,,Search1600.csv,No close match,,,,,,,,,,,,,,,,,,,,,,,
Scool District Of Palm Beach,3354 Forest Hill Blvd,West Palm Beach,FL,33406-5870,5870,THE SCOOL DISTRICT OF PALM BEACH,3354 Forest Hill Blvd,West Palm Beach,FL,33406-5870,C025,Colleges And Universities,Principal,Mr. Mike Murgio,Scool District Of Palm Beach,,Search1600.csv,No close match,,,,,,,,,,,,,,,,,,,,,,,
Palm Bch Cnty Med Soc Svcs Inc,3540 Frest Hl Blvd Ste 10,West Palm Beach,FL,33406-5878,5878,"PALM BEACH COUNTY MEDICAL SOCIETY SERVICES, INCORPORATED",3540 Forest Hill Blvd Ste 101,West Palm Beach,FL,33406-5878,,Medical Field-Related Associations,Executive Director,Tenna Wiles,Palm Bch Cnty Med Soc Svcs Inc,,Search1600.csv,No close match,,,,,,,,,,,,,,,,,,,,,,,
Portable Medical Diagnostics,3540 Frest Hl Blvd Ste 11,West Palm Beach,FL,33406-5878,5878,PORTABLE MEDICAL DIAGNOSTICS INC,3540 Forest Hill Blvd Ste 112,West Palm Beach,FL,33406-5878,,Radiologist,President,Mr. Dennis F Rosebrough,Portable Medical Diagnostics,https://floridaucc.com/search?text=PORTABLE MEDICAL DIAGNOSTICS INC&searchOptionType=LegacySearch&searchOptionSubOption=FiledAndLapsedActualDebtorNameList&searchCategory=Standard,Search1600.csv,Lapsed,01/17/1996,01/17/2001,03/02/2026,960000011290,0,1,,,,,,,,,,,2,PORTABLE MEDICAL DIAGNOSTICS,"1840 FOREST HILL BLVD #203, W PALM BEACH, FL, 33406",UCC1,1,,01/17/1996
Palm Springs Pizza & Rest,3087 Forest Hill Blvd,West Palm Beach,FL,33406-5908,5908,PALM SPRINGS PIZZA & RESTAURANT INC,3087 Forest Hill Blvd,West Palm Beach,FL,33406-5908,,Pizza Restaurants,President,Mr. John Hadgigeorge,Palm Springs Pizza & Rest,,Search1600.csv,No close match,,,,,,,,,,,,,,,,,,,,,,,
Buena Vista Lending Group  LLC,2537 Forest Hill Blvd,West Palm Beach,FL,33406-5928,5928,"BUENA VISTA LENDING GROUP, LLC",2537 Forest Hill Blvd,West Palm Beach,FL,33406-5928,,"Mortgage Brokers Arranging For Loans, Using Money Of Others",Principal,Ms. Claribel Sardina,Buena Vista Lending Group  LLC,"https://floridaucc.com/search?text=BUENA VISTA LENDING GROUP, LLC&searchOptionType=LegacySearch&searchOptionSubOption=FiledAndLapsedActualDebtorNameList&searchCategory=Standard",Search1600.csv,Lapsed,08/29/2011,08/29/2016,03/02/2026,201105208468,0,2,,,,,,,,,,,1,"BUENA VISTA LENDING GROUP, LLC","2537 FOREST HILL BLVD, WEST PALM BEACH, FL, 33406",UCC1,1,,08/29/2011
Sardina Insurance Agency  Inc,2535 Forest Hill Blvd,West Palm Beach,FL,33406-5928,5928,"SARDINA INSURANCE AGENCY, INC.",2535 Forest Hill Blvd,West Palm Beach,FL,33406-5928,,"Insurance Agents, Nec",President,Mr. Hector Sardina,Sardina Insurance Agency  Inc,"https://floridaucc.com/search?text=SARDINA INSURANCE AGENCY, INC.&searchOptionType=LegacySearch&searchOptionSubOption=FiledAndLapsedActualDebtorNameList&searchCategory=Standard",Search1600.csv,Lapsed,01/23/2001,01/23/2006,03/02/2026,200100016938,0,1,,,,,,,,,,,1,SARDINA INSURANCE AGENCY INC,"2549 FOREST HILL BLVD, WEST PALM BEACH, FL, 33406",UCC1,1,,01/23/2001
Lmal LLC,3027 Frest Hl Blvd Ste A1,West Palm Beach,FL,33406-5934,5934,LMAL LLC,3027 Forest Hill Blvd Ste A1,West Palm Beach,FL,33406-5934,,Management Services,Managing Member,Mr. Leo Koel,Lmal LLC,https://floridaucc.com/search?text=LMAL LLC&searchOptionType=LegacySearch&searchOptionSubOption=FiledAndLapsedActualDebtorNameList&searchCategory=Standard,Search1600.csv,Filed,05/02/2024,05/02/2029,03/02/2026,202401172945,0,1,,,,,,,,,,,4,LK SERVICES AND MANAGEMENT INC,"3027 FOREST HILL BLVD, WEST PALM BEACH, FL, 33406",UCC1,2,,05/02/2024
A To Z Automart Inc,2870 Forest Hill Blvd,West Palm Beach,FL,33406-5959,5959,A TO Z AUTOMART INC.,2870 Forest Hill Blvd,West Palm Beach,FL,33406-5959,C024,"Automobiles, Used Cars Only",Principal,Mr. Andrew Gersten,A To Z Automart Inc,https://floridaucc.com/search?text=A TO Z AUTOMART INC.&searchOptionType=LegacySearch&searchOptionSubOption=FiledAndLapsedActualDebtorNameList&searchCategory=Standard,Search1600.csv,Lapsed,01/11/2010,01/11/2025,03/02/2026,201001821937,6,1,,,,,,,,,,,1,A TO Z AUTOMART INC.,"2870 FOREST HILL BLVD., WEST PALM BEACH, FL, 33406",UCC1,1,,01/11/2010
Palm Beach Fmly Physicians PA,2669 Frest Hl Blvd Ste 10,West Palm Beach,FL,33406-5967,5967,PALM BEACH FAMILY PHYSICIANS PA,2669 Forest Hill Blvd Ste 100,West Palm Beach,FL,33406-5967,,Pediatrician,President,Mujahed Ahmed,Palm Beach Fmly Physicians PA,,Search1600.csv,No close match,,,,,,,,,,,,,,,,,,,,,,,
Jc Martin Jewelers  Inc,1800 Frest Hl Blvd Ste B1,West Palm Beach,FL,33406-6045,6045,"J.C. MARTIN JEWELERS, INC.",1800 Forest Hill Blvd Ste B1,West Palm Beach,FL,33406-6045,,Jewelry Repair Services,President,Mr. Juan C Martin,Jc Martin Jewelers  Inc,,Search1600.csv,No close match,,,,,,,,,,,,,,,,,,,,,,,
Celimar + Plus Inc,1800 Frest Hl Blvd Ste A6,West Palm Beach,FL,33406-6054,6054,CELIMAR + PLUS INC,1800 Forest Hill Blvd Ste A6,West Palm Beach,FL,33406-6054,,Travel Agencies,President,Mr. Sergio F Falero,Celimar + Plus Inc,,Search1600.csv,No close match,,,,,,,,,,,,,,,,,,,,,,,
Rosa M Cuello MD,1840 Frest Hl Blvd Ste 10,West Palm Beach,FL,33406-6055,6055,ROSA M CUELLO MD,1840 Forest Hill Blvd Ste 100,West Palm Beach,FL,33406-6055,,"Physical Medicine, Physician/Surgeon",Principal,Ms. Rosa Cuello,Rosa M Cuello MD,https://floridaucc.com/search?text=ROSA M CUELLO MD&searchOptionType=LegacySearch&searchOptionSubOption=FiledAndLapsedActualDebtorNameList&searchCategory=Standard,Search1600.csv,Lapsed,02/10/2015,02/10/2025,03/02/2026,201503071527,2,1,,,,,,,,,,,1,"ROSA M CUELLO SUAREZ, MD PA","1840 FOREST HILL BLVD STE 100, WEST PALM BAECH, FL, 33406",UCC1,1,,02/10/2015
James R Whelan Agency LLC,1850 Frest Hl Blvd Ste 10,Lake Clarke Shores,FL,33406-6056,6056,THE JAMES R WHELAN AGENCY L L C,1850 Forest Hill Blvd Ste 102,Lake Clarke Shores,FL,33406-6056,,Advertising Consultant,Managing Member,Mr. James Whelan,James R Whelan Agency LLC,,Search1600.csv,No close match,,,,,,,,,,,,,,,,,,,,,,,
Palm Beach Periodontics PC,1840 Frest Hl Blvd Ste 20,West Palm Beach,FL,33406-6059,6059,PALM BEACH PERIODONTICS PC,1840 Forest Hill Blvd Ste 202,West Palm Beach,FL,33406-6059,,Periodontist,President,Gorn Stein,Palm Beach Periodontics PC,,Search1600.csv,No close match,,,,,,,,,,,,,,,,,,,,,,,
Professional Inspection Corp,1850 Frest Hl Blvd Ste 20,West Palm Beach,FL,33406-6060,6060,PROFESSIONAL INSPECTION CORPORATION,1850 Forest Hill Blvd Ste 206,West Palm Beach,FL,33406-6060,,Building Inspection Service,President,Mr. Michael Schorah,Professional Inspection Corp,,Search1600.csv,No close match,,,,,,,,,,,,,,,,,,,,,,,
Vestige Security Inc,1870 Frest Hl Blvd Ste 21,West Palm Beach,FL,33406-6061,6061,VESTIGE SECURITY INC.,1870 Forest Hill Blvd Ste 212,West Palm Beach,FL,33406-6061,,Security Guard Service,President,Mr. Jeff Lower,Vestige Security Inc,https://floridaucc.com/search?text=VESTIGE SECURITY INC.&searchOptionType=LegacySearch&searchOptionSubOption=FiledAndLapsedActualDebtorNameList&searchCategory=Standard,Search1600.csv,Lapsed,01/16/2018,01/16/2023,03/02/2026,201803849094,0,1,,,,,,,,,,,2,VESTIGE SECURITY INC,"1870 FOREST HILL BLVD STE #212, WEST PALM BEACH, FL, 33406",UCC1,2,,01/16/2018
Barry Kuttner,1825 Frest Hl Blvd Ste 20,West Palm Beach,FL,33406-6062,6062,BARRY KUTTNER,1825 Forest Hill Blvd Ste 203,West Palm Beach,FL,33406-6062,,Dermatologist,Partner,Mr. Barry Kuttner,Barry Kuttner,,Search1600.csv,No close match,,,,,,,,,,,,,,,,,,,,,,,
Farmacia Las Americas  LLC,1800 Frest Hl Blvd Ste B1,West Palm Beach,FL,33406-6070,6070,"FARMACIA LAS AMERICAS, LLC",1800 Forest Hill Blvd Ste B12,West Palm Beach,FL,33406-6070,,Drug Stores,Managing Member,Ms. Ana B Jimenez,Farmacia Las Americas  LLC,"https://floridaucc.com/search?text=FARMACIA LAS AMERICAS, LLC&searchOptionType=LegacySearch&searchOptionSubOption=FiledAndLapsedActualDebtorNameList&searchCategory=Standard",Search1600.csv,Filed,01/13/2010,01/13/2030,03/02/2026,201001836837,3,1,,,,,,,,,,,1,"FARMACIA LAS AMERICAS, LLC","1800 FOREST HILL BLVD, STE B-12, WEST PALM BEACH, FL, 33409",UCC1,1,,01/13/2010
Prospect Finance Corporation,1495 Forest Hl Blvd Ste C,West Palm Beach,FL,33406-6073,6073,PROSPECT FINANCE CORPORATION,1495 Forest Hill Blvd Ste C,West Palm Beach,FL,33406-6073,,"Automobile Loans, Including Insurance",President,Ulrike Carson,Prospect Finance Corporation,https://floridaucc.com/search?text=PROSPECT FINANCE CORPORATION&searchOptionType=LegacySearch&searchOptionSubOption=FiledAndLapsedActualDebtorNameList&searchCategory=Standard,Search1600.csv,Lapsed,07/23/1993,07/23/1998,03/02/2026,930000154388,1,1,,,,,,,,,,,1,PROSPECT FINANCE CORPORATION,"2570 FOREST HILLS BLVD STE 103, W PALM BEACH, FL, 33406",UCC1,2,,07/23/1993
Milcom Services  Inc,1495 Forest Hill Blvd,West Palm Beach,FL,33406-6073,6073,"MILCOM SERVICES, INC.",1495 Forest Hill Blvd Ste C2,West Palm Beach,FL,33406-6073,,Harness Or Harness Parts,President,Ms. Ursula W Lemmens,Milcom Services  Inc,"https://floridaucc.com/search?text=MILCOM SERVICES, INC.&searchOptionType=LegacySearch&searchOptionSubOption=FiledAndLapsedActualDebtorNameList&searchCategory=Standard",Search1600.csv,Lapsed,05/24/1991,05/24/1996,03/02/2026,910000114366,2,1,,,,,,,,,,,1,MILCOM SERVICES INC,"1963 10TH AVE N, LAKE WORTH, FL, 33461",UCC1,2,,05/24/1991
Bon-Bone Medical Imaging Inc,1495 Forest Hl Blvd Ste C,West Palm Beach,FL,33406-6073,6073,BON-BONE MEDICAL IMAGING INC,1495 Forest Hill Blvd Ste C1,West Palm Beach,FL,33406-6073,,"X-Ray Inspection Service, Industrial",Chairman Of The Board,Mr. Joseph Haimberg,Bon-Bone Medical Imaging Inc,https://floridaucc.com/search?text=BON-BONE MEDICAL IMAGING INC&searchOptionType=LegacySearch&searchOptionSubOption=FiledAndLapsedActualDebtorNameList&searchCategory=Standard,Search1600.csv,Lapsed,04/21/1999,04/21/2004,03/02/2026,990000087373,0,1,,,,,,,,,,,1,BON-BONE MEDICAL IMAGING INC,"1495 FOREST HILL BLVD, STE C, WEST PALM BEACH, FL, 33406",UCC1,1,,04/21/1999
D P Lewis & Associates Inc,1495 Forest Hl Blvd Ste G,West Palm Beach,FL,33406-6073,6073,D P LEWIS & ASSOCIATES INC,1495 Forest Hill Blvd Ste G,West Palm Beach,FL,33406-6073,,Real Estate Brokers And Agents,President,Mr. Daniel P Lewis,D P Lewis & Associates Inc,https://floridaucc.com/search?text=D P LEWIS & ASSOCIATES INC&searchOptionType=LegacySearch&searchOptionSubOption=FiledAndLapsedActualDebtorNameList&searchCategory=Standard,Search1600.csv,Lapsed,03/10/1998,03/10/2013,03/02/2026,980000052632,4,1,,,,,,,,,,,3,D P LEWIS & ASSOCIATES INC,"7289 GARDENS RD #201, W PALM BCH, FL, 33404",UCC1,6,,03/10/1998
Machin  Israel MD PA,1511 Forest Hill Blvd,West Palm Beach,FL,33406-6077,6077,"MACHIN, ISRAEL MD PA",1511 Forest Hill Blvd Ste 3,West Palm Beach,FL,33406-6077,C004,"General And Family Practice, Physician/Surgeon",Principal,Mr. Israel Machin,Machin  Israel MD PA,,Search1600.csv,No close match,,,,,,,,,,,,,,,,,,,,,,,
Law Office Stuart A Young PA,1860 Frest Hl Blvd Ste 20,West Palm Beach,FL,33406-6086,6086,"LAW OFFICE OF STUART A. YOUNG, P.A.",1860 Forest Hill Blvd Ste 201,West Palm Beach,FL,33406-6086,,General Practice Law Office,President,Mr. Stuart A Young,Law Office Stuart A Young PA,,Search1600.csv,No close match,,,,,,,,,,,,,,,,,,,,,,,
Juana M Geldres  DDS  PA,1800 Forest Hill Blvd,West Palm Beach,FL,33406-6094,6094,"JUANA M. GELDRES, DDS, P.A.",1800 Forest Hill Blvd,West Palm Beach,FL,33406-6094,C002,Dentists' Office,Principal,Ms. Juana Geldres,Juana M Geldres  DDS  PA,"https://floridaucc.com/search?text=JUANA M. GELDRES, DDS, P.A.&searchOptionType=LegacySearch&searchOptionSubOption=FiledAndLapsedActualDebtorNameList&searchCategory=Standard",Search1600.csv,Lapsed,09/09/2005,09/09/2015,03/02/2026,200500637243,2,1,,,,,,,,,,,2,GELDRES JUANA M,"16753 75TH AVE NORTH, WEST  PALM BEACH, FL, 33418",UCC1,1,,09/09/2005
Big Brthers Big Ssters Palm Bc,1700 Kirk Rd,West Palm Beach,FL,33406-6544,6544,"BIG BROTHERS BIG SISTERS OF PALM BEACH AND MARTIN COUNTIES, INC.",1700 Kirk Rd,West Palm Beach,FL,33406-6544,,Youth Center,President,Mr. William T Bee,Big Brthers Big Ssters Palm Bc,,Search1600.csv,No close match,,,,,,,,,,,,,,,,,,,,,,,
Brazusa Auto Store  Inc,1800 S Congress Ave,Palm Springs,FL,33406-6608,6608,"BRAZUSA AUTO STORE, INC",1800 S Congress Ave,Palm Springs,FL,33406-6608,,New And Used Car Dealers,President,Lecio L Mamedes,Brazusa Auto Store  Inc,"https://floridaucc.com/search?text=BRAZUSA AUTO STORE, INC&searchOptionType=LegacySearch&searchOptionSubOption=FiledAndLapsedActualDebtorNameList&searchCategory=Standard",Search1600.csv,Filed,02/21/2014,02/21/2029,03/02/2026,201400797622,6,1,,,,,,,,,,,1,"BRAZUSA AUTO STORE, INC","1800 S CONGRESS AVE, PALM SPRINGS, FL, 33406-6608",UCC1,1,,02/21/2014
Veritas Development  LLC,1815 Gregory Rd,West Palm Beach,FL,33406-6739,6739,"VERITAS DEVELOPMENT, LLC.",1815 Gregory Rd,West Palm Beach,FL,33406-6739,,"Subdividers And Developers, Nec",Principal,Raudel Pola,Veritas Development  LLC,,Search1600.csv,No close match,,,,,,,,,,,,,,,,,,,,,,,
Young Mns Chrstn Assction Of T,2085 S Congress Ave,Palm Springs,FL,33406-7601,7601,THE YOUNG MENS CHRISTIAN ASSOCATION OF THE PALM BEACHES,2085 S Congress Ave,Palm Springs,FL,33406-7601,C025,Membership Sports And Recreation Clubs,Principal,Mr. Frederic T Dehon,Young Mns Chrstn Assction Of T,,Search1600.csv,No close match,,,,,,,,,,,,,,,,,,,,,,,
Palm Bch Orthpdic Spclists Inc,2150 S Congress Ave,West Palm Beach,FL,33406-7604,7604,"PALM BEACH ORTHOPAEDIC SPECIALISTS, INC.",2150 S Congress Ave,West Palm Beach,FL,33406-7604,,Orthopedic Physician,President,Mr. Graham Whitfield,Palm Bch Orthpdic Spclists Inc,,Search1600.csv,No close match,,,,,,,,,,,,,,,,,,,,,,,
Mcgill Rslli Ayala Hoppmann PA,2135 S Congress Ave,Palm Springs,FL,33406-7611,7611,"MCGILL, ROSELLI, AYALA & HOPPMANN, P.A.",2135 S Congress Ave Ste 1c,Palm Springs,FL,33406-7611,C036,Certified Public Accountant,Partner,Mr. Daniel R Roselli,Mcgill Rslli Ayala Hoppmann PA,,Search1600.csv,No close match,,,,,,,,,,,,,,,,,,,,,,,
Multicltral Cmnty Mntal Hlth C,2112 S Congress Ave,Palm Springs,FL,33406-7670,7670,"MULTICULTURAL COMMUNITY MENTAL HEALTH CENTER, INC.",2112 S Congress Ave Ste 104,Palm Springs,FL,33406-7670,C036,"Psychotherapist, Except M.D.",President,Mr. Raul H Fabian,Multicltral Cmnty Mntal Hlth C,,Search1600.csv,No close match,,,,,,,,,,,,,,,,,,,,,,,
Bennetts Aluminum Products,2200 Bimini Dr,West Palm Beach,FL,33406-7759,7759,BENNETT'S ALUMINUM PRODUCTS,2200 Bimini Dr,West Palm Beach,FL,33406-7759,,"Aluminum Bars, Rods, Ingots, Sheets, Pipes, Plates, Etc.",Owner,Mr. William J Bennett,Bennetts Aluminum Products,,Search1600.csv,No close match,,,,,,,,,,,,,,,,,,,,,,,
Mirabales Tile Inc,2565 Meadow Rd,West Palm Beach,FL,33406-7763,7763,MIRABALES TILE INC.,2565 Meadow Rd,West Palm Beach,FL,33406-7763,,"Tile Installation, Ceramic",President,Mr. Ramon Mirabales,Mirabales Tile Inc,https://floridaucc.com/search?text=MIRABALES TILE INC.&searchOptionType=LegacySearch&searchOptionSubOption=FiledAndLapsedActualDebtorNameList&searchCategory=Standard,Search1600.csv,Lapsed,01/17/1996,01/17/2001,03/02/2026,960000010871,1,1,,,,,,,,,,,1,MIRABALES TILE INC,"7488 S MILITARY TRAIL, LAKE WORTH, FL, 33463",UCC1,5,,01/17/1996
T J Davis Windows,2663 Meadow Rd,West Palm Beach,FL,33406-7765,7765,T J DAVIS WINDOWS,2663 Meadow Rd,West Palm Beach,FL,33406-7765,,Windows,Owner,T J Davis,T J Davis Windows,,Search1600.csv,No close match,,,,,,,,,,,,,,,,,,,,,,,
Turtle Cove Apartments  LLC,888 Cotton Bay Dr W,West Palm Beach,FL,33406-9047,9047,"TURTLE COVE APARTMENTS, LLC",888 Cotton Bay Dr W,West Palm Beach,FL,33406-9047,C075,"Rental Agent, Real Estate",Member,Mr. Richard Schechter,Turtle Cove Apartments  LLC,"https://floridaucc.com/search?text=TURTLE COVE APARTMENTS, LLC&searchOptionType=LegacySearch&searchOptionSubOption=FiledAndLapsedActualDebtorNameList&searchCategory=Standard",Search1600.csv,Lapsed,07/18/2007,07/18/2017,03/02/2026,200706065873,2,1,,,,,,,,,,,1,"TURTLE COVE APARTMENTS, LLC","12765 WEST FOREST HILL BLVD. SUITE 1307, WELLINGTON, FL, 33414",UCC1,6,,07/18/2007
Zellermayer Supply Corp,P O Box 13026,West Palm Beach,FL,33407,,ZELLERMAYER SUPPLY CORP.,1231 52nd St Ste B,West Palm Beach,FL,33407-2267,,"Bags And Bagging, Cotton",President,Mr. Gerald Singer,Zellermayer Supply Corp,,Search1600.csv,No close match,,,,,,,,,,,,,,,,,,,,,,,
Rob-King Enterprises  Inc,P O Box 8797,West Palm Beach,FL,33407,,"ROB-KING ENTERPRISES, INC.",3712 Broadway,West Palm Beach,FL,33407-4319,,Motels,President,Mr. Robert K Morris,Rob-King Enterprises  Inc,"https://floridaucc.com/search?text=ROB-KING ENTERPRISES, INC.&searchOptionType=LegacySearch&searchOptionSubOption=FiledAndLapsedActualDebtorNameList&searchCategory=Standard",Search1600.csv,Lapsed,10/24/2012,10/24/2017,03/02/2026,201207760992,1,2,,,,,,,,,,,2,"ROB-KING ENTERPRISES, INC.","3712 BROADWAY, WEST PALM BEACH, FL, 33407",UCC1,2,,10/24/2012
Gmt Enterprises  Inc,P O Box 8126,West Palm Beach,FL,33407-0126,126,"G.M.T. ENTERPRISES, INC.",535 24th St,West Palm Beach,FL,33407-5403,,"Office Supplies, Nec",President,Ms. Georgia M Tylander,Gmt Enterprises  Inc,"https://floridaucc.com/search?text=G.M.T. ENTERPRISES, INC.&searchOptionType=LegacySearch&searchOptionSubOption=FiledAndLapsedActualDebtorNameList&searchCategory=Standard",Search1600.csv,Lapsed,09/05/1997,09/05/2002,03/02/2026,970000199953,0,1,,,,,,,,,,,1,GMT ENTERPRISES INC,"213 CLEMATIS ST, WEST PALM BCH, FL, 33401",UCC1,1,,09/05/1997
Music Man  Inc,P O Box 8335,West Palm Beach,FL,33407-0335,335,"MUSIC MAN, INC.",2309 N Dixie Hwy,West Palm Beach,FL,33407-6015,,Pianos,President,Ms. Dorothy Jarvis,Music Man  Inc,"https://floridaucc.com/search?text=MUSIC MAN, INC.&searchOptionType=LegacySearch&searchOptionSubOption=FiledAndLapsedActualDebtorNameList&searchCategory=Standard",Search1600.csv,Lapsed,04/20/1992,04/20/2002,03/02/2026,920000078311,1,1,,,,,,,,,,,2,MUSIC MAN INC,"8335 PO BOX, WEST PALM BEACH, FL, 33407",UCC1,1,,04/20/1992
Gunnar Racing Inc,4110 Westroads Dr,West Palm Beach,FL,33407-1202,1202,GUNNAR RACING INC,4110 Westroads Dr,West Palm Beach,FL,33407-1202,C024,"Automobiles, New And Used",President,Mr. Kevin Jeannette,Gunnar Racing Inc,https://floridaucc.com/search?text=GUNNAR RACING INC&searchOptionType=LegacySearch&searchOptionSubOption=FiledAndLapsedActualDebtorNameList&searchCategory=Standard,Search1600.csv,Lapsed,07/06/1992,07/06/1997,03/02/2026,920000134754,1,2,,,,,,,,,,,1,GUNNAR RACING INC,"4110 W ROADS DR, WEST PALM BEACH, FL",UCC1,1,,07/06/1992
Team International Corp,6643 42nd Ter N,West Palm Beach,FL,33407-1212,1212,TEAM INTERNATIONAL CORP.,6643 42nd Ter N,West Palm Beach,FL,33407-1212,,Air Conditioning And Ventilation Equipment And Supplies,President,Mr. Pedro Dedesma,Team International Corp,,Search1600.csv,No close match,,,,,,,,,,,,,,,,,,,,,,,
Caribbean Pool Service & Repr,2471 Port West Blvd,Riviera Beach,FL,33407-1214,1214,CARIBBEAN POOL SERVICE & REPAIR INC,2471 Port West Blvd,Riviera Beach,FL,33407-1214,C024,Swimming Pool And Hot Tub Service And Maintenance,President,Mr. William S Hynes,Caribbean Pool Service & Repr,,Search1600.csv,No close match,,,,,,,,,,,,,,,,,,,,,,,
Wine Seller Of Florida LLC,4252 Westroads Dr Ste K,West Palm Beach,FL,33407-1219,1219,THE WINE SELLER OF FLORIDA LLC,4252 Westroads Dr Ste K,West Palm Beach,FL,33407-1219,C024,Wine,President,Mr. Anthony Chickory,Wine Seller Of Florida LLC,,Search1600.csv,No close match,,,,,,,,,,,,,,,,,,,,,,,
Wood U Envision,4252 Westroads Dr,West Palm Beach,FL,33407-1219,1219,WOOD U ENVISION,4252 Westroads Dr,West Palm Beach,FL,33407-1219,C024,Wood Kitchen Cabinets,Owner,Mr. Thomas Fasig,Wood U Envision,,Search1600.csv,No close match,,,,,,,,,,,,,,,,,,,,,,,
Complete Roofing Solutions,4252 Westroads Dr Ste A,West Palm Beach,FL,33407-1219,1219,"COMPLETE ROOFING SOLUTIONS, INC",4252 Westroads Dr Ste A,West Palm Beach,FL,33407-1219,C024,Roofing Contractor,President,Mr. George N Jacobazzi,Complete Roofing Solutions,"https://floridaucc.com/search?text=COMPLETE ROOFING SOLUTIONS, INC&searchOptionType=LegacySearch&searchOptionSubOption=FiledAndLapsedActualDebtorNameList&searchCategory=Standard",Search1600.csv,Lapsed,07/06/2012,07/06/2017,03/02/2026,20120708458X,0,1,,,,,,,,,,,1,"COMPLETE ROOFING SOLUTIONS, INC","13130 CITRUS GROVE BLVD, WEST PALM BEACH, FL, 33412",UCC1,1,,07/06/2012
Treasure Cast Vtrans Trckg Inc,6658 N Military Trl,West Palm Beach,FL,33407-1222,1222,"TREASURE COAST VETERANS TRUCKING, INC.",6658 N Military Trl,West Palm Beach,FL,33407-1222,,"Local Trucking, Without Storage",President,Mr. Douglas Holland,Treasure Cast Vtrans Trckg Inc,,Search1600.csv,No close match,,,,,,,,,,,,,,,,,,,,,,,
Wright Brothers Contg Svcs Inc,6715 White Dr,Riviera Beach,FL,33407-1229,1229,WRIGHT BROTHERS CONTRACTING SERVICES INC.,6715 White Dr,Riviera Beach,FL,33407-1229,,Warm Air Heating And Air Conditioning Contractor,President,Yin Kyi,Wright Brothers Contg Svcs Inc,,Search1600.csv,No close match,,,,,,,,,,,,,,,,,,,,,,,
US Composites,6670 White Dr,Riviera Beach,FL,33407-1232,1232,US COMPOSITES,6670 White Dr,Riviera Beach,FL,33407-1232,C024,Plastics Materials And Resins,Principal,Mr. Mark Ananos,US Composites,,Search1600.csv,No close match,,,,,,,,,,,,,,,,,,,,,,,
Panic Room Productions  LLC,4200 Westroads Dr,West Palm Beach,FL,33407-1237,1237,"PANIC ROOM PRODUCTIONS, LLC",4200 Westroads Dr,West Palm Beach,FL,33407-1237,,"Sound Recording And Reproducing Equipment, Motion Picture",President,Ms. Joni Charlestain,Panic Room Productions  LLC,,Search1600.csv,No close match,,,,,,,,,,,,,,,,,,,,,,,
Akiknav  Inc,6667 42nd Ter N Ste 3,Riviera Beach,FL,33407-1241,1241,"AKIKNAV, INC.",6667 42nd Ter N Ste 3,Riviera Beach,FL,33407-1241,C024,Wood Kitchen Cabinets,President,Mr. Nash Shah,Akiknav  Inc,"https://floridaucc.com/search?text=AKIKNAV, INC.&searchOptionType=LegacySearch&searchOptionSubOption=FiledAndLapsedActualDebtorNameList&searchCategory=Standard",Search1600.csv,Lapsed,11/23/1994,11/23/1999,03/02/2026,940000244535,0,1,,,,,,,,,,,1,AKIKNAV INC,"6667 42ND TERR N, W PALM BCH, FL, 33407",UCC1,1,,11/23/1994
P C Systems,4188 Wstroads Dr Unit 121,West Palm Beach,FL,33407-1251,1251,P C SYSTEMS,4188 Westroads Dr Unit 121,West Palm Beach,FL,33407-1251,,Personal Computers,Owner,Mr. Stephen Fason,P C Systems,,Search1600.csv,No close match,,,,,,,,,,,,,,,,,,,,,,,
Creative Construction Corp Inc,4188 Wstroads Dr Unit 122,West Palm Beach,FL,33407-1251,1251,"CREATIVE CONSTRUCTION CORPORATION, INC.",4188 Westroads Dr Unit 122,West Palm Beach,FL,33407-1251,,"New Construction, Single-Family Houses",President,Mr. Bryan Evans,Creative Construction Corp Inc,"https://floridaucc.com/search?text=CREATIVE CONSTRUCTION CORPORATION, INC.&searchOptionType=LegacySearch&searchOptionSubOption=FiledAndLapsedActualDebtorNameList&searchCategory=Standard",Search1600.csv,Lapsed,07/26/2005,07/26/2010,03/02/2026,200500262142,0,1,,,,,,,,,,,1,CREATIVE CONSTRUCTION INC.,"9143 SOUTH PHILLIPS HWY, JACKSONVILLE, FL, 32256",UCC1,1,,07/26/2005
Edgley Crematory  Inc,4128 Wstroads Dr Unit 203,West Palm Beach,FL,33407-1252,1252,"EDGLEY CREMATORY, INC.",4128 Westroads Dr Unit 203,West Palm Beach,FL,33407-1252,,Funeral Home,President,Mr. John Edgley,Edgley Crematory  Inc,"https://floridaucc.com/search?text=EDGLEY CREMATORY, INC.&searchOptionType=LegacySearch&searchOptionSubOption=FiledAndLapsedActualDebtorNameList&searchCategory=Standard",Search1600.csv,Lapsed,01/15/2010,01/15/2015,03/02/2026,201001850384,0,1,,,,,,,,,,,1,EDGLEY CREMATORY INC,"4128 WESTROADS DR. #203, WEST PALM BEACH, FL, 33407",UCC1,1,,01/15/2010
Setty Enterprises  Inc,4128 Westroads Dr,West Palm Beach,FL,33407-1253,1253,"SETTY ENTERPRISES, INC.",4128 Westroads Dr Unit 225,West Palm Beach,FL,33407-1253,C024,Aircraft Body Assemblies And Parts,President,Swamy N Setty,Setty Enterprises  Inc,"https://floridaucc.com/search?text=SETTY ENTERPRISES, INC.&searchOptionType=LegacySearch&searchOptionSubOption=FiledAndLapsedActualDebtorNameList&searchCategory=Standard",Search1600.csv,Lapsed,11/13/2014,11/13/2019,03/02/2026,201402567543,1,1,,,,,,,,,,,1,"SETTY ENTERPRISES, INC","4128 WESTROADS DRIVE, RIVIERA BEACH, FL, 33407",UCC1,1,,11/13/2014
Ametco  Inc,6746 White Dr Unit A,Riviera Beach,FL,33407-1256,1256,"AMETCO, INC.",6746 White Dr Unit A,Riviera Beach,FL,33407-1256,C024,Roofing Contractor,President,Mr. Glen P Rimpela,Ametco  Inc,"https://floridaucc.com/search?text=AMETCO, INC.&searchOptionType=LegacySearch&searchOptionSubOption=FiledAndLapsedActualDebtorNameList&searchCategory=Standard",Search1600.csv,Lapsed,03/13/1997,03/13/2002,03/02/2026,970000053212,0,1,,,,,,,,,,,1,AMETCO INC,"3330 2ND AVE #11, LAKE WORTH, FL, 33461",UCC1,1,,03/13/1997
Pace Roofing  Inc,6746 White Dr Unit A,Riviera Beach,FL,33407-1256,1256,"PACE ROOFING, INC.",6746 White Dr Unit A,Riviera Beach,FL,33407-1256,C024,Roofing Contractor,President,Mr. Nicholas Doup,Pace Roofing  Inc,"https://floridaucc.com/search?text=PACE ROOFING, INC.&searchOptionType=LegacySearch&searchOptionSubOption=FiledAndLapsedActualDebtorNameList&searchCategory=Standard",Search1600.csv,Lapsed,10/09/2000,10/09/2015,03/02/2026,200000230196,3,1,,,,,,,,,,,1,PACE ROOFING INC,"4447 BROADWAY ST, LAKE WORTH, FL, 33461",UCC1,2,,10/09/2000
Target Surveying Inc,6250 N Military Trl,West Palm Beach,FL,33407-1407,1407,TARGET SURVEYING INC,6250 N Military Trl Ste 102,West Palm Beach,FL,33407-1407,C024,Surveying Services,President,Mr. Clyde Mcneal,Target Surveying Inc,https://floridaucc.com/search?text=TARGET SURVEYING INC&searchOptionType=LegacySearch&searchOptionSubOption=FiledAndLapsedActualDebtorNameList&searchCategory=Standard,Search1600.csv,Lapsed,01/08/1996,01/08/2001,03/02/2026,960000004797,0,1,,,,,,,,,,,1,TARGET SURVEYING INC,"2240 PALM BEACH LAKES SUITE 300, WEST PALM BEACH, FL, 33409",UCC1,1,,01/08/1996
Sheer Service  LLC,6250 N Military Trl,West Palm Beach,FL,33407-1407,1407,"SHEER SERVICE, LLC",6250 N Military Trl Ste 204,West Palm Beach,FL,33407-1407,C024,Commercial And Office Building Contractors,President,Mr. Nathan Rich,Sheer Service  LLC,,Search1600.csv,No close match,,,,,,,,,,,,,,,,,,,,,,,
Sheer Enterprises  Inc,6250 N Military Trl,West Palm Beach,FL,33407-1407,1407,"SHEER ENTERPRISES, INC.",6250 N Military Trl Ste 204,West Palm Beach,FL,33407-1407,C024,"Industrial Buildings, New Construction, Nec",President,Mr. William Rich,Sheer Enterprises  Inc,"https://floridaucc.com/search?text=SHEER ENTERPRISES, INC.&searchOptionType=LegacySearch&searchOptionSubOption=FiledAndLapsedActualDebtorNameList&searchCategory=Standard",Search1600.csv,Lapsed,01/02/1998,01/02/2008,03/02/2026,980000001314,2,1,,,,,,,,,,,3,RICH WILLIAM R JR TRUSTEE,"6250 N MILITARY TRL STE 204, WEST PALM BEACH, FL, 33407",UCC1,5,,01/02/1998
J Denis Electric Inc,2547 Canterbury Dr S,West Palm Beach,FL,33407-1512,1512,J. DENIS ELECTRIC INC.,2547 Canterbury Dr S,West Palm Beach,FL,33407-1512,,General Electrical Contractor,Principal,Mr. Boas Jean,J Denis Electric Inc,,Search1600.csv,No close match,,,,,,,,,,,,,,,,,,,,,,,
Kings Kids Early Lrng Ctr Inc,5917 N Haverhill Rd,West Palm Beach,FL,33407-1754,1754,THE KINGS KIDS EARLY LEARNING CENTER INC,5917 N Haverhill Rd,West Palm Beach,FL,33407-1754,C018,Preschool Center,President,Ms. Carolyn J Freeman,Kings Kids Early Lrng Ctr Inc,,Search1600.csv,No close match,,,,,,,,,,,,,,,,,,,,,,,
Innovative Tile Florida  Inc,3500 45th St Ste 12b,West Palm Beach,FL,33407-1800,1800,"INNOVATIVE TILE OF FLORIDA, INC.",3500 45th St Ste 12b,West Palm Beach,FL,33407-1800,,"Tile Installation, Ceramic",President,Mr. Avi Levinson,Innovative Tile Florida  Inc,"https://floridaucc.com/search?text=INNOVATIVE TILE OF FLORIDA, INC.&searchOptionType=LegacySearch&searchOptionSubOption=FiledAndLapsedActualDebtorNameList&searchCategory=Standard",Search1600.csv,Lapsed,05/29/1998,05/29/2003,03/02/2026,980000117540,1,1,,,,,,,,,,,1,INNOVATIVE TILE OF FLORIDA INC,"3500 W 45TH STREET, WEST PALM BEACH, FL, 33407",UCC1,1,,05/29/1998
Seedtrust  LLC,801 Northpoint Pkwy 121,West Palm Beach,FL,33407-1815,1815,"SEEDTRUST, LLC",801 Northpoint Pkwy Ste 121,West Palm Beach,FL,33407-1815,,"Fertility Specialist, Physician",President,Mr. Edward H Brockschmidt,Seedtrust  LLC,"https://floridaucc.com/search?text=SEEDTRUST, LLC&searchOptionType=LegacySearch&searchOptionSubOption=FiledAndLapsedActualDebtorNameList&searchCategory=Standard",Search1600.csv,Filed,08/22/2025,08/22/2030,03/02/2026,202503370649,0,1,,,,,,,,,,,1,SEEDTRUST HOLDINGS 1 LLC,"515 N FLAGLER DR., SUITE 350, WEST PALM BEACH, FL, 33401",UCC1,1,,08/22/2025
Forty-Fifth Street  LLC,4411 45th St,West Palm Beach,FL,33407-1827,1827,"FORTY-FIFTH STREET, LLC",4411 45th St,West Palm Beach,FL,33407-1827,,"Warehousing, Self Storage",Managing Member,Mr. David Saunders,Forty-Fifth Street  LLC,,Search1600.csv,No close match,,,,,,,,,,,,,,,,,,,,,,,
Priceless Windows & Doors LLC,5965 Caribbean Blvd,West Palm Beach,FL,33407-1829,1829,PRICELESS WINDOWS AND DOORS LLC,5965 Caribbean Blvd,West Palm Beach,FL,33407-1829,C013,Windows,Member,Mr. George T Price,Priceless Windows & Doors LLC,,Search1600.csv,No close match,,,,,,,,,,,,,,,,,,,,,,,
Mcdonalds Restaurants,4275 45th St,West Palm Beach,FL,33407-1859,1859,MCDONALDS RESTAURANTS,4275 45th St,West Palm Beach,FL,33407-1859,,"Fast-Food Restaurant, Chain",Business Manager,Ricki Wade,Mcdonalds Restaurants,https://floridaucc.com/search?text=MCDONALDS RESTAURANTS&searchOptionType=LegacySearch&searchOptionSubOption=FiledAndLapsedActualDebtorNameList&searchCategory=Standard,Search1600.csv,Lapsed,02/03/1997,02/03/2002,03/02/2026,970000025048,1,1,,,,,,,,,,,2,WELLS BRENDA S,"10951 NW 3RD ST, CORAL SPRINGS, FL, 33071",UCC1,3,,02/03/1997
Decorators Factory Outl II Inc,3500 45th St Ste 7,West Palm Beach,FL,33407-1861,1861,"DECORATORS FACTORY OUTLET II, INC.",3500 45th St Ste 7,West Palm Beach,FL,33407-1861,,Window Furnishings,President,Mr. Henry F Polidori,Decorators Factory Outl II Inc,"https://floridaucc.com/search?text=DECORATORS FACTORY OUTLET II, INC.&searchOptionType=LegacySearch&searchOptionSubOption=FiledAndLapsedActualDebtorNameList&searchCategory=Standard",Search1600.csv,Filed,07/21/2022,07/21/2027,03/02/2026,202202371256,0,1,,,,,,,,,,,1,"DECORATORS FACTORY OUTLET II, INC.","3500 45TH STREET, UNIT 7, WEST PALM BEACH, FL, 33407",UCC1,1,,07/21/2022
Pasta Festivale  Inc,3500 45th St Ste 17b,West Palm Beach,FL,33407-1861,1861,"PASTA FESTIVALE, INC.",3500 45th St Ste 17b,West Palm Beach,FL,33407-1861,,Pasta And Rice,President,Ms. Lydia Lattanzi,Pasta Festivale  Inc,"https://floridaucc.com/search?text=PASTA FESTIVALE, INC.&searchOptionType=LegacySearch&searchOptionSubOption=FiledAndLapsedActualDebtorNameList&searchCategory=Standard",Search1600.csv,Lapsed,10/30/2000,10/30/2005,03/02/2026,200000246213,0,1,,,,,,,,,,,1,PASTA FESTIVALE INC,"3694 23RD AVE S #8, LAKE WORTH, FL, 33461",UCC1,2,,10/30/2000
Rothell Electric  Inc,3428 45th St Ste C,West Palm Beach,FL,33407-1896,1896,"ROTHELL ELECTRIC, INC.",3428 45th St Ste C,West Palm Beach,FL,33407-1896,,General Electrical Contractor,President,Mr. Lawrence R Rothell,Rothell Electric  Inc,"https://floridaucc.com/search?text=ROTHELL ELECTRIC, INC.&searchOptionType=LegacySearch&searchOptionSubOption=FiledAndLapsedActualDebtorNameList&searchCategory=Standard",Search1600.csv,Lapsed,11/28/1994,11/28/1999,03/02/2026,940000238375,1,1,,,,,,,,,,,1,ROTHELL ELECTRIC INC,"3428-C WEST 45TH STREET, WEST PALM BEACH, FL, 33407",UCC1,1,,11/28/1994
Engineered Comfort Systems Inc,3110 45th St Ste F,West Palm Beach,FL,33407-1902,1902,"ENGINEERED COMFORT SYSTEMS, INC.",3110 45th St Ste F,West Palm Beach,FL,33407-1902,,Warm Air Heating And Air Conditioning Contractor,President,Mr. Michael V Walker,Engineered Comfort Systems Inc,"https://floridaucc.com/search?text=ENGINEERED COMFORT SYSTEMS, INC.&searchOptionType=LegacySearch&searchOptionSubOption=FiledAndLapsedActualDebtorNameList&searchCategory=Standard",Search1600.csv,Lapsed,02/08/1995,02/08/2005,03/02/2026,950000026644,1,1,,,,,,,,,,,1,ENGINEERED COMFORT SYSTEMS INC,"2525 OLD OKEECHOBEE SUITE 22, WEST PALM BEACH, FL, 33409",UCC1,1,,02/08/1995
Shoreline Building Group LLC,500 Northpoint Pkwy,West Palm Beach,FL,33407-1903,1903,SHORELINE BUILDING GROUP LLC,500 Northpoint Pkwy,West Palm Beach,FL,33407-1903,,"Subdividers And Developers, Nec",Principal,Mr. Daniel Leiva,Shoreline Building Group LLC,https://floridaucc.com/search?text=SHORELINE BUILDING GROUP LLC&searchOptionType=LegacySearch&searchOptionSubOption=FiledAndLapsedActualDebtorNameList&searchCategory=Standard,Search1600.csv,Filed,10/02/2019,10/02/2029,03/02/2026,201909803411,2,1,,,,,,,,,,,1,SHORELINE BUILDING GROUP LLC,"9112 ALTERNATE A1A, SUITE 106, NORTH PALM BEACH, FL, 33403",UCC1,1,,10/02/2019
Aey Logistics LLC,3222 Commerce Pl Ste D,West Palm Beach,FL,33407-1904,1904,AEY LOGISTICS LLC,3222 Commerce Pl Ste D,West Palm Beach,FL,33407-1904,,Household Goods Transport,President,Mr. Steven Shelly,Aey Logistics LLC,,Search1600.csv,No close match,,,,,,,,,,,,,,,,,,,,,,,
Presidential Womens Center Inc,100 Northpoint Pkwy,West Palm Beach,FL,33407-1906,1906,"PRESIDENTIAL WOMEN'S CENTER, INC.",100 Northpoint Pkwy,West Palm Beach,FL,33407-1906,C019,Gynecologist,President,Ms. Mona Reiss,Presidential Womens Center Inc,"https://floridaucc.com/search?text=PRESIDENTIAL WOMEN'S CENTER, INC.&searchOptionType=LegacySearch&searchOptionSubOption=FiledAndLapsedActualDebtorNameList&searchCategory=Standard",Search1600.csv,Lapsed,11/02/1998,11/02/2018,03/02/2026,980000244279,7,1,,,,,,,,,,,1,PRESIDENTIAL WOMEN'S CENTER INC,"100 NORTHPOINT PARKWAY, WEST PALM BEACH, FL, 33407",UCC1,1,,11/02/1998
Kenwood Asc  LLC,3233 Commerce Pl Ste C,West Palm Beach,FL,33407-1913,1913,"KENWOOD ASC, L.L.C.",3233 Commerce Pl Ste C,West Palm Beach,FL,33407-1913,C019,General Medical And Surgical Hospitals,President,Mr. Christopher A Holden,Kenwood Asc  LLC,,Search1600.csv,No close match,,,,,,,,,,,,,,,,,,,,,,,
Lesser & Lesser Landy LLP,101 Nrthpint Pkwy Ste 100,West Palm Beach,FL,33407-1914,1914,LESSER & LESSER LANDY LLP,101 Northpoint Pkwy Ste 100,West Palm Beach,FL,33407-1914,,General Practice Law Office,Managing Partner,Mr. Gary Lesser,Lesser & Lesser Landy LLP,,Search1600.csv,No close match,,,,,,,,,,,,,,,,,,,,,,,
National Transmissions  Inc,3100 45th St,West Palm Beach,FL,33407-1916,1916,"NATIONAL TRANSMISSIONS, INC.",3100 45th St,West Palm Beach,FL,33407-1916,,Automotive Transmission Repair Shops,President,Mr. Micheal Dechants,National Transmissions  Inc,"https://floridaucc.com/search?text=NATIONAL TRANSMISSIONS, INC.&searchOptionType=LegacySearch&searchOptionSubOption=FiledAndLapsedActualDebtorNameList&searchCategory=Standard",Search1600.csv,Lapsed,02/09/1998,02/09/2003,03/02/2026,980000027794,1,1,,,,,,,,,,,1,NATIONAL TRANSMISSIONS OF SOUTH FLORIDA INC,"204 E OAKLAND PARK BLVD, FORT LAUDERDALE, FL, 33334",UCC1,2,,02/09/1998
Dean Mitchell Restoration Inc,3220 45th St B,West Palm Beach,FL,33407-1918,1918,"DEAN MITCHELL RESTORATION, INC.",3220 45th St # B,West Palm Beach,FL,33407-1918,C018,"Special Trade Contractors, Nec",President,Mr. Richard Fowler,Dean Mitchell Restoration Inc,,Search1600.csv,No close match,,,,,,,,,,,,,,,,,,,,,,,
Michael Falk & Company  LLC,901 Nrthpint Pkwy Ste 109,West Palm Beach,FL,33407-1941,1941,"MICHAEL FALK & COMPANY, LLC",901 Northpoint Pkwy Ste 109,West Palm Beach,FL,33407-1941,,"Real Estate Agent, Commercial",Owner,Mr. Michael A Falk,Michael Falk & Company  LLC,,Search1600.csv,No close match,,,,,,,,,,,,,,,,,,,,,,,
Stephen L Bruff Aia Archtcts P,901 Nrthpint Pkwy Ste 101,West Palm Beach,FL,33407-1941,1941,"STEPHEN L. BORUFF, AIA ARCHITECTS & PLANNERS, INC.",901 Northpoint Pkwy Ste 101,West Palm Beach,FL,33407-1941,,Architectural Engineering,President,Mr. Stephen L Boruff,Stephen L Bruff Aia Archtcts P,,Search1600.csv,No close match,,,,,,,,,,,,,,,,,,,,,,,
Southland Forming  Inc,901 Nrthpint Pkwy Ste 103,West Palm Beach,FL,33407-1941,1941,"SOUTHLAND FORMING, INC.",901 Northpoint Pkwy Ste 103,West Palm Beach,FL,33407-1941,,Concrete Work,President,Mr. Darrell Whiteside,Southland Forming  Inc,"https://floridaucc.com/search?text=SOUTHLAND FORMING, INC.&searchOptionType=LegacySearch&searchOptionSubOption=FiledAndLapsedActualDebtorNameList&searchCategory=Standard",Search1600.csv,Lapsed,01/17/1995,01/17/2000,03/02/2026,950000009447,0,1,,,,,,,,,,,1,SOUTHLAND FORMING INC,"39 SE 9TH ST, DEERFIELD BEACH, FL, 33441",UCC1,1,,01/17/1995
Marquis Designs,400 Nrthpint Pkwy Ste 100,West Palm Beach,FL,33407-1943,1943,MARQUIS DESIGNS,400 Northpoint Pkwy Ste 100,West Palm Beach,FL,33407-1943,,Draperies,President,Ms. Lori Vitcov,Marquis Designs,,Search1600.csv,No close match,,,,,,,,,,,,,,,,,,,,,,,
Fpl Services  LLC,6001 Village Blvd,West Palm Beach,FL,33407-1944,1944,"FPL SERVICES, LLC",6001 Village Blvd,West Palm Beach,FL,33407-1944,,Electric Power Systems Contractors,President,Mr. Sam Forest,Fpl Services  LLC,"https://floridaucc.com/search?text=FPL SERVICES, LLC&searchOptionType=LegacySearch&searchOptionSubOption=FiledAndLapsedActualDebtorNameList&searchCategory=Standard",Search1600.csv,Lapsed,01/18/2007,01/18/2017,03/02/2026,200704607725,2,1,,,,,,,,,,,1,FPL SERVICES LLC,"700 UNIVERSE BLVD, JUNO BEACH, FL, 33408",UCC1,2,,01/18/2007
Kennedy Contractors  Inc,901 Nrthpint Pkwy Ste 200,West Palm Beach,FL,33407-1952,1952,"KENNEDY CONTRACTORS, INC.",901 Northpoint Pkwy Ste 200,West Palm Beach,FL,33407-1952,,"Commercial And Office Building, New Construction",President,Mr. Daniel Kennedy,Kennedy Contractors  Inc,"https://floridaucc.com/search?text=KENNEDY CONTRACTORS, INC.&searchOptionType=LegacySearch&searchOptionSubOption=FiledAndLapsedActualDebtorNameList&searchCategory=Standard",Search1600.csv,Lapsed,09/19/2005,09/19/2010,03/02/2026,200500723409,1,1,,,,,,,,,,,1,"KENNEDY CONTRACTORS, INC.","1406 FOREST HILL BLVD, SUITE A, WEST PALM BEACH, FL, 33408",UCC1,1,,09/19/2005
Tamcare Services  Inc,901 Nrthpint Pkwy Ste 305,West Palm Beach,FL,33407-1953,1953,"TAMCARE SERVICES, INC.",901 Northpoint Pkwy Ste 305,West Palm Beach,FL,33407-1953,,"Cleaning Service, Industrial Or Commercial",Chief Executive Officer,Mr. William Davis,Tamcare Services  Inc,"https://floridaucc.com/search?text=TAMCARE SERVICES, INC.&searchOptionType=LegacySearch&searchOptionSubOption=FiledAndLapsedActualDebtorNameList&searchCategory=Standard",Search1600.csv,Filed,01/26/2015,01/26/2030,03/02/2026,201502980752,2,1,,,,,,,,,,,1,"TAMCARE SERVICES, INC.","2323 10TH AVENUE N, SUITE 502, LAKE WORTH, FL, 33461",UCC1,1,,01/26/2015
Talgood Enterprises  LLC,901 Nrthpint Pkwy Ste 305,West Palm Beach,FL,33407-1953,1953,"TALGOOD ENTERPRISES, LLC",901 Northpoint Pkwy Ste 305,West Palm Beach,FL,33407-1953,,Home Health Care Services,Member,Ms. Angelica Raleff,Talgood Enterprises  LLC,"https://floridaucc.com/search?text=TALGOOD ENTERPRISES, LLC&searchOptionType=LegacySearch&searchOptionSubOption=FiledAndLapsedActualDebtorNameList&searchCategory=Standard",Search1600.csv,Filed,12/19/2017,12/19/2027,03/02/2026,201703576991,1,1,,,,,,,,,,,1,"TALGOOD ENTERPRISES II, LLC","10 SE CENTRAL PARKWAY, SUITE 111, STUART, FL, 34994",UCC1,1,,12/19/2017
Qhslab  Inc,901 Nrthpint Pkwy Ste 302,West Palm Beach,FL,33407-1953,1953,"QHSLAB, INC.",901 Northpoint Pkwy Ste 302,West Palm Beach,FL,33407-1953,,Surgical And Medical Instruments,Chairman Of The Board,Mr. Troy Grogan,Qhslab  Inc,,Search1600.csv,No close match,,,,,,,,,,,,,,,,,,,,,,,
Luxbau  LLC,1501 Nrthpint Pkwy Ste 10,West Palm Beach,FL,33407-1955,1955,"LUXBAU, LLC",1501 Northpoint Pkwy Ste 101,West Palm Beach,FL,33407-1955,,Windows,President,Mr. Laszlo Wagner,Luxbau  LLC,"https://floridaucc.com/search?text=LUXBAU, LLC&searchOptionType=LegacySearch&searchOptionSubOption=FiledAndLapsedActualDebtorNameList&searchCategory=Standard",Search1600.csv,Lapsed,03/03/2015,03/03/2020,03/02/2026,20150319548X,1,1,,,,,,,,,,,1,"LUXBAU, LLC","1501 NORTHPOINT PKY STE 101, WEST PALM BEACH, FL, 33407",UCC1,3,,03/03/2015
Torcivia Dnlon Gddeau Rubin PA,701 Nrthpint Pkwy Ste 209,West Palm Beach,FL,33407-1956,1956,"TORCIVIA, DONLON, GODDEAU & RUBIN, P.A.",701 Northpoint Pkwy Ste 209,West Palm Beach,FL,33407-1956,,"General Practice Attorney, Lawyer",Owner,Mr. Glen Torcivia,Torcivia Dnlon Gddeau Rubin PA,,Search1600.csv,No close match,,,,,,,,,,,,,,,,,,,,,,,
Davis & Associates  PA,701 Nrthpint Pkwy Ste 205,West Palm Beach,FL,33407-1956,1956,"DAVIS & ASSOCIATES, P.A.",701 Northpoint Pkwy Ste 205,West Palm Beach,FL,33407-1956,,"General Practice Attorney, Lawyer",Partner,Mr. John Corbett,Davis & Associates  PA,"https://floridaucc.com/search?text=DAVIS & ASSOCIATES, P.A.&searchOptionType=LegacySearch&searchOptionSubOption=FiledAndLapsedActualDebtorNameList&searchCategory=Standard",Search1600.csv,Filed,02/03/2022,02/03/2027,03/02/2026,20220035967X,1,1,,,,,,,,,,,1,"DAVIS & ASSOCIATES, P.A.","701 NORTHPOINT PKWY STE 205, WEST PALM BEACH, FL, 33407",UCC1,1,,02/03/2022
Building Solutions LLC,701 Nrthpint Pkwy Ste 150,West Palm Beach,FL,33407-1956,1956,BUILDING SOLUTIONS LLC,701 Northpoint Pkwy Ste 150,West Palm Beach,FL,33407-1956,,"Business Consulting, Nec",Member,Mr. Robert J Kranian,Building Solutions LLC,https://floridaucc.com/search?text=BUILDING SOLUTIONS LLC&searchOptionType=LegacySearch&searchOptionSubOption=FiledAndLapsedActualDebtorNameList&searchCategory=Standard,Search1600.csv,Filed,09/27/2020,09/27/2030,03/02/2026,202004873432,1,1,,,,,,,,,,,1,BUILDING SOLUTIONS LLC,"4319 W. NASSAU ST., TAMPA, FL, 33607",UCC1,1,,09/27/2020
Palm Beach Broadcasting LLC,701 Nrthpint Pkwy Ste 500,West Palm Beach,FL,33407-1960,1960,PALM BEACH BROADCASTING LLC,701 Northpoint Pkwy Ste 500,West Palm Beach,FL,33407-1960,,Radio Broadcasting Stations,Member,Mr. Chet Tart,Palm Beach Broadcasting LLC,,Search1600.csv,No close match,,,,,,,,,,,,,,,,,,,,,,,
Digity  LLC,701 Nrthpint Pkwy Ste 500,West Palm Beach,FL,33407-1960,1960,"DIGITY, LLC",701 Northpoint Pkwy Ste 500,West Palm Beach,FL,33407-1960,,Radio Broadcasting Stations,Chief Executive Officer,Mr. Dean Goodman,Digity  LLC,,Search1600.csv,No close match,,,,,,,,,,,,,,,,,,,,,,,
Palm Bch Rjvination Ctr Clinic,701 Northpoint Pkwy # 140,West Palm Beach,FL,33407-1962,1962,PALM BEACH REJUVINATION CENTER CLINIC,701 Northpoint Pkwy Ste 140,West Palm Beach,FL,33407-1962,,Hair Preparations,Owner,Mr. Glenn Stepanos,Palm Bch Rjvination Ctr Clinic,,Search1600.csv,No close match,,,,,,,,,,,,,,,,,,,,,,,
Baptist Srgery Endscopy Ctrs L,200 Northpoint Pkwy,West Palm Beach,FL,33407-1967,1967,"BAPTIST SURGERY AND ENDOSCOPY CENTERS, L.L.C.",200 Northpoint Pkwy,West Palm Beach,FL,33407-1967,C019,General Medical And Surgical Hospitals,Principal,Ms. Patricia Rosello,Baptist Srgery Endscopy Ctrs L,,Search1600.csv,No close match,,,,,,,,,,,,,,,,,,,,,,,
Palm Beach Capital Mgt L P,801 Northpoint Pkwy,West Palm Beach,FL,33407-1973,1973,PALM BEACH CAPITAL MANAGEMENT L P,801 Northpoint Pkwy Ste 56,West Palm Beach,FL,33407-1973,C019,Financial Services,Member,Mr. Bruce Prevost,Palm Beach Capital Mgt L P,,Search1600.csv,No close match,,,,,,,,,,,,,,,,,,,,,,,
Goodlink Solutions LLC,801 Nrthpint Pkwy Ste 216,West Palm Beach,FL,33407-1973,1973,GOODLINK SOLUTIONS LLC,801 Northpoint Pkwy Ste 216,West Palm Beach,FL,33407-1973,,Management Consulting Services,Chief Executive Officer,Johnson Ogunfidodo,Goodlink Solutions LLC,,Search1600.csv,No close match,,,,,,,,,,,,,,,,,,,,,,,
M & M Demo & Maint Svcs LLC,801 Northpoint Pkwy,West Palm Beach,FL,33407-1973,1973,M & M DEMO & MAINTENANCE SERVICES LLC.,801 Northpoint Pkwy V 144,West Palm Beach,FL,33407-1973,C019,Wrecking And Demolition Work,President,Mr. Michael Campbell,M & M Demo & Maint Svcs LLC,,Search1600.csv,No close match,,,,,,,,,,,,,,,,,,,,,,,
Admiral Plumbing Services LLC,1400 Nrthpint Pkwy Ste 20,West Palm Beach,FL,33407-1976,1976,ADMIRAL PLUMBING SERVICES LLC,1400 Northpoint Pkwy Ste 20,West Palm Beach,FL,33407-1976,,Plumbing Contractors,Member,Mr. Richard Bassoff,Admiral Plumbing Services LLC,https://floridaucc.com/search?text=ADMIRAL PLUMBING SERVICES LLC&searchOptionType=LegacySearch&searchOptionSubOption=FiledAndLapsedActualDebtorNameList&searchCategory=Standard,Search1600.csv,Lapsed,07/10/2006,07/10/2021,03/02/2026,200603127264,3,1,,,,,,,,,,,1,ADMIRAL PLUMBING SERVICES LLC,"485 PEACOCK LANE SOUTH, JUPITER, FL, 33458",UCC1,2,,07/10/2006
Ceramic Matrix Florida  Inc,3308 45th St Bldg 100a,West Palm Beach,FL,33407-1984,1984,"CERAMIC MATRIX OF FLORIDA, INC.",3308 45th St Bldg 100a,West Palm Beach,FL,33407-1984,C018,"Tile Installation, Ceramic",President,Mr. Glen Chami,Ceramic Matrix Florida  Inc,"https://floridaucc.com/search?text=CERAMIC MATRIX OF FLORIDA, INC.&searchOptionType=LegacySearch&searchOptionSubOption=FiledAndLapsedActualDebtorNameList&searchCategory=Standard",Search1600.csv,Lapsed,01/28/1997,01/28/2007,03/02/2026,970000019984,3,1,,,,,,,,,,,2,CERAMIC MATRIX OF FLORIDA INC,"3500 W 45TH STREET BAY 11 3 AND 4, WEST PALM BEACH, FL, 33407",UCC1,1,,01/28/1997
Helping Hands Mgt Group LLC,801 N Point Pkwy Ste 15,West Palm Beach,FL,33407-1991,1991,"HELPING HANDS MANAGEMENT GROUP, LLC",801 Northpoint Pkwy Ste 15,West Palm Beach,FL,33407-1991,,"Real Estate Investors, Except Property Operators",Member,Mr. William A Clarke,Helping Hands Mgt Group LLC,,Search1600.csv,No close match,,,,,,,,,,,,,,,,,,,,,,,
Complete Repairs Inc,801 Northpoint Pkwy Ste 8,West Palm Beach,FL,33407-1991,1991,COMPLETE REPAIRS INC,801 Northpoint Pkwy Ste 8,West Palm Beach,FL,33407-1991,,"Commercial And Office Building, New Construction",President,Mr. James Waters,Complete Repairs Inc,,Search1600.csv,No close match,,,,,,,,,,,,,,,,,,,,,,,
Stels Investment Group LLC,801 Nrthpoint Pkwy Ste 52,West Palm Beach,FL,33407-1994,1994,STELS INVESTMENT GROUP LLC,801 Northpoint Pkwy Ste 52,West Palm Beach,FL,33407-1994,,Security Brokers And Dealers,Member,Jennive Webb,Stels Investment Group LLC,,Search1600.csv,No close match,,,,,,,,,,,,,,,,,,,,,,,
Atlantic Filter Corporation,3112 45th St,West Palm Beach,FL,33407-1995,1995,ATLANTIC FILTER CORPORATION,3112 45th St,West Palm Beach,FL,33407-1995,,Water Purification Equipment,President,Mr. James Wakem,Atlantic Filter Corporation,https://floridaucc.com/search?text=ATLANTIC FILTER CORPORATION&searchOptionType=LegacySearch&searchOptionSubOption=FiledAndLapsedActualDebtorNameList&searchCategory=Standard,Search1600.csv,Lapsed,09/17/1998,09/17/2003,03/02/2026,980000208382,1,1,,,,,,,,,,,1,ATLANTIC FILTER CORPORATION,"3112 45TH ST, WEST PALM BEACH, FL, 33407",UCC1,1,,09/17/1998
Klimezky Dental Laboratory,5676 Corporate Way,West Palm Beach,FL,33407-2002,2002,KLIMEZKY DENTAL LABORATORY,5676 Corporate Way,West Palm Beach,FL,33407-2002,,Crown And Bridge Production,Owner,Mr. Keith Klimezky,Klimezky Dental Laboratory,,Search1600.csv,No close match,,,,,,,,,,,,,,,,,,,,,,,
National Alnce For Yuth Spt In,5670 Corporate Way,West Palm Beach,FL,33407-2002,2002,"NATIONAL ALLIANCE FOR YOUTH SPORTS, INC.",5670 Corporate Way,West Palm Beach,FL,33407-2002,,Athletic Organizations,Chairman Of The Board,Mr. Marty Johnston,National Alnce For Yuth Spt In,,Search1600.csv,No close match,,,,,,,,,,,,,,,,,,,,,,,
HI-Land Properties  LLC,5644 Corporate Way,West Palm Beach,FL,33407-2002,2002,"HI-LAND PROPERTIES, LLC",5644 Corporate Way,West Palm Beach,FL,33407-2002,,Nonresidential Building Operators,Principal,Mr. Donald Cameron,HI-Land Properties  LLC,"https://floridaucc.com/search?text=HI-LAND PROPERTIES, LLC&searchOptionType=LegacySearch&searchOptionSubOption=FiledAndLapsedActualDebtorNameList&searchCategory=Standard",Search1600.csv,Filed,02/11/2025,02/11/2030,03/02/2026,202500348634,1,1,,,,,,,,,,,1,"HI-LAND PROPERTIES, LLC","5644 CORPORATE WAY, WEST PALM BEACH, FL, 33407",UCC1,3,,02/11/2025
Thomas FF Rser PA Thmas FF Rse,5651 Corporate Way,West Palm Beach,FL,33407-2020,2020,THOMAS F.F. RASER PA THOMAS F.F. RASER ROBERT N.M. ARX DMD P,5651 Corporate Way,West Palm Beach,FL,33407-2020,,Dentists' Office,President,Mr. Richard G Cooper,Thomas FF Rser PA Thmas FF Rse,,Search1600.csv,No close match,,,,,,,,,,,,,,,,,,,,,,,
National Insur Advisory Svcs,5730 Corp Way Ste 230,West Palm Beach,FL,33407-2032,2032,NATIONAL INSURANCE ADVISORY SERVICES,5730 Corporate Way Ste 230,West Palm Beach,FL,33407-2032,,"Insurance Agents, Nec",President,Mr. James B Conant,National Insur Advisory Svcs,,Search1600.csv,No close match,,,,,,,,,,,,,,,,,,,,,,,
Meco Ventures Inc,5730 Corp Way Ste 120,West Palm Beach,FL,33407-2032,2032,MECO VENTURES INC.,5730 Corporate Way Ste 120,West Palm Beach,FL,33407-2032,,Real Estate Agents And Managers,Principal,Mr. Marcus D Phillips,Meco Ventures Inc,https://floridaucc.com/search?text=MECO VENTURES INC.&searchOptionType=LegacySearch&searchOptionSubOption=FiledAndLapsedActualDebtorNameList&searchCategory=Standard,Search1600.csv,Filed,06/03/2015,06/03/2030,03/02/2026,201503923175,2,1,,,,,,,,,,,1,MECO VENTURES INC,"2240 PALM BEACH LAKES BLVD STE 304, WEST PALM BEACH, FL, 33409",UCC1,1,,06/03/2015
Wcw Distributing  Inc,5725 Corporate Way Ste 10,West Palm Beach,FL,33407-2036,2036,"WCW DISTRIBUTING, INC.",5725 Corporate Way Ste 101,West Palm Beach,FL,33407-2036,,"Nondurable Goods, Nec",Principal,Ms. Jill Nicholson,Wcw Distributing  Inc,"https://floridaucc.com/search?text=WCW DISTRIBUTING, INC.&searchOptionType=LegacySearch&searchOptionSubOption=FiledAndLapsedActualDebtorNameList&searchCategory=Standard",Search1600.csv,Filed,06/19/2018,06/19/2028,03/02/2026,201805597327,1,1,,,,,,,,,,,1,"WCW DISTRIBUTING, INC.","117 CITADEL CIR, JUPITER, FL, 33458",UCC1,1,,06/19/2018
Evergldes Area Hlth Edcatn Ctr,5725 Corp Way Ste 102,West Palm Beach,FL,33407-2036,2036,"EVERGLADES AREA HEALTH EDUCATION CENTER, INC.",5725 Corporate Way Ste 102,West Palm Beach,FL,33407-2036,,Educational Services,Director,Mr. Joe Peters,Evergldes Area Hlth Edcatn Ctr,,Search1600.csv,No close match,,,,,,,,,,,,,,,,,,,,,,,
Dps Home Health Agency  Inc,5725 Corp Way Ste 201,West Palm Beach,FL,33407-2038,2038,"DPS HOME HEALTH AGENCY, INC",5725 Corporate Way Ste 201,West Palm Beach,FL,33407-2038,,Home Health Care Services,Principal,Mr. Claude Dorval,Dps Home Health Agency  Inc,"https://floridaucc.com/search?text=DPS HOME HEALTH AGENCY, INC&searchOptionType=LegacySearch&searchOptionSubOption=FiledAndLapsedActualDebtorNameList&searchCategory=Standard",Search1600.csv,Lapsed,02/15/2016,02/15/2021,03/02/2026,201606500994,0,1,,,,,,,,,,,1,"DPS HOME HEALTH AGENCY, INC.","5725 CORPORATE WAY #201, WEST PALM BEACH, FL, 33407",UCC1,1,,02/15/2016
Hamilton Alliance  Inc,5725 Corporate Way,West Palm Beach,FL,33407-2038,2038,"HAMILTON ALLIANCE, INC.",5725 Corporate Way,West Palm Beach,FL,33407-2038,C026,Refuse Collection And Disposal Services,President,Mr. James H Edwards,Hamilton Alliance  Inc,,Search1600.csv,No close match,,,,,,,,,,,,,,,,,,,,,,,
Connectons Edcatn Ctr Of Palm,5841 Corp Way Ste 101,West Palm Beach,FL,33407-2039,2039,"CONNECTIONS EDUCATION CENTER OF THE PALM BEACHES, INC.",5841 Corporate Way Ste 101,West Palm Beach,FL,33407-2039,,Elementary And Secondary Schools,Chairman Of The Board,Mr. Michael Kridel,Connectons Edcatn Ctr Of Palm,,Search1600.csv,No close match,,,,,,,,,,,,,,,,,,,,,,,
Solutech  Inc,5841 Corp Way Ste 102,West Palm Beach,FL,33407-2039,2039,"SOLUTECH, INC",5841 Corporate Way Ste 102,West Palm Beach,FL,33407-2039,,Environmental Consultant,President,Mr. Robert R Maschue,Solutech  Inc,"https://floridaucc.com/search?text=SOLUTECH, INC&searchOptionType=LegacySearch&searchOptionSubOption=FiledAndLapsedActualDebtorNameList&searchCategory=Standard",Search1600.csv,Lapsed,12/28/2005,12/28/2020,03/02/2026,200501496473,3,1,,,,,,,,,,,1,"SOLUTECH, INC.","5840 CORPORATE WAY, WEST PALM BEACH, FL, 33407",UCC1,2,,12/28/2005
Believers Academy  Inc,5840 Corp Way Ste 100,West Palm Beach,FL,33407-2040,2040,"BELIEVERS ACADEMY, INC.",5840 Corporate Way Ste 100,West Palm Beach,FL,33407-2040,,Academy,President,Ms. Melissa Smith,Believers Academy  Inc,,Search1600.csv,No close match,,,,,,,,,,,,,,,,,,,,,,,
Intergold  LLC,5840 Corp Way Ste 101,West Palm Beach,FL,33407-2040,2040,"INTERGOLD, L.L.C.",5840 Corporate Way Ste 101,West Palm Beach,FL,33407-2040,,Occupational Therapist,Managing Member,Mr. James S Lobel,Intergold  LLC,"https://floridaucc.com/search?text=INTERGOLD, L.L.C.&searchOptionType=LegacySearch&searchOptionSubOption=FiledAndLapsedActualDebtorNameList&searchCategory=Standard",Search1600.csv,Lapsed,12/18/2008,12/18/2013,03/02/2026,200809725604,0,1,,,,,,,,,,,1,INTERGOLD LLC,"11327 OKEECHOBEE BLVD, SUITE 2, ROYAL PALM BEACH, FL, 33411",UCC1,2,,12/18/2008
Palm Beach Medicinal Herbs,5840 Corp Way Ste 112,West Palm Beach,FL,33407-2040,2040,PALM BEACH MEDICINAL HERBS,5840 Corporate Way Ste 112,West Palm Beach,FL,33407-2040,,Tea,President,Ms. Shirley Manko,Palm Beach Medicinal Herbs,https://floridaucc.com/search?text=PALM BEACH MEDICINAL HERBS&searchOptionType=LegacySearch&searchOptionSubOption=FiledAndLapsedActualDebtorNameList&searchCategory=Standard,Search1600.csv,Filed,03/25/2021,03/25/2026,03/02/2026,202106570763,1,1,,,,,,,,,,,1,PALM BEACH MEDICINAL HERBS INC,"1570 40TH STREET, WEST PALM BEACH, FL, 33407",UCC1,1,,03/25/2021
Lighthuse For The Blind Of Pal,5601 Corp Way Ste 210,West Palm Beach,FL,33407-2042,2042,"LIGHTHOUSE FOR THE BLIND OF THE PALM BEACHES, INC.",5601 Corporate Way Ste 210,West Palm Beach,FL,33407-2042,,Deaf Or Blind Home,Chairman Of The Board,Mr. Robert Gregory,Lighthuse For The Blind Of Pal,,Search1600.csv,No close match,,,,,,,,,,,,,,,,,,,,,,,
Desutter Kerr & Associates Inc,5713 Corp Way Ste 100,West Palm Beach,FL,33407-2045,2045,KERR DESUTTER & ASSOCIATES INC,5713 Corporate Way Ste 100,West Palm Beach,FL,33407-2045,,Management Consulting Services,President,Terry L Desutter,Desutter Kerr & Associates Inc,,Search1600.csv,No close match,,,,,,,,,,,,,,,,,,,,,,,
R & D Paving  LLC,5730 Corporate Way,West Palm Beach,FL,33407-2046,2046,"R & D PAVING, LLC",5730 Corporate Way,West Palm Beach,FL,33407-2046,,Highway And Street Paving Contractor,Managing Member,Ms. Nancy Rosso,R & D Paving  LLC,"https://floridaucc.com/search?text=R & D PAVING, LLC&searchOptionType=LegacySearch&searchOptionSubOption=FiledAndLapsedActualDebtorNameList&searchCategory=Standard",Search1600.csv,Lapsed,01/26/2015,01/26/2020,03/02/2026,201502983719,0,1,,,,,,,,,,,1,"R & D PAVING, LLC","1116 N LAKESIDE DR, LAKEWORTH, FL, 33460",UCC1,1,,01/26/2015
Hca Florida Jfk North Hospital,2201 45th St,West Palm Beach,FL,33407-2047,2047,HCA FLORIDA JFK NORTH HOSPITAL,2201 45th St,West Palm Beach,FL,33407-2047,,Primary Care Medical Clinic,Principal,Ms. Laura B Destefano,Hca Florida Jfk North Hospital,https://floridaucc.com/search?text=HCA FLORIDA JFK NORTH HOSPITAL&searchOptionType=LegacySearch&searchOptionSubOption=FiledAndLapsedActualDebtorNameList&searchCategory=Standard,Search1600.csv,Filed,04/02/2024,04/02/2029,03/02/2026,202400872870,0,1,,,,,,,,,,,1,HCA FLORIDA JFK NORTH HOSPITAL,"2201 4TH STREET, WEST PALM BEACH, FL, 33407",UCC1,1,,04/02/2024
Community Hlth Ctr W Palm Bch,2100 45th St Ste A8,West Palm Beach,FL,33407-2063,2063,"COMMUNITY HEALTH CENTER OF WEST PALM BEACH, INC.",2100 45th St Ste A8,West Palm Beach,FL,33407-2063,C026,Community Center,President,Mr. George Papadimitriou,Community Hlth Ctr W Palm Bch,,Search1600.csv,No close match,,,,,,,,,,,,,,,,,,,,,,,
Reliance Pharmacy LLC,2100 45th St Ste B1,West Palm Beach,FL,33407-2063,2063,RELIANCE PHARMACY LLC,2100 45th St Ste B1,West Palm Beach,FL,33407-2063,C026,"Drugs, Proprietaries, And Sundries",Principal,Tapan Shah,Reliance Pharmacy LLC,https://floridaucc.com/search?text=RELIANCE PHARMACY LLC&searchOptionType=LegacySearch&searchOptionSubOption=FiledAndLapsedActualDebtorNameList&searchCategory=Standard,Search1600.csv,Filed,08/26/2014,08/26/2029,03/02/2026,201402084941,2,1,,,,,,,,,,,1,RELIANCE PHARMACY LLC,"2100 45TH STREET SUITE B1, WEST PALM BEACH, FL, 33407",UCC1,2,,08/26/2014
Mock  Roos & Associates  Inc,5720 Corporate Way,West Palm Beach,FL,33407-2066,2066,"MOCK, ROOS & ASSOCIATES, INC.",5720 Corporate Way,West Palm Beach,FL,33407-2066,C026,Civil Engineering,President,Dale Zimmerman,Mock  Roos & Associates  Inc,,Search1600.csv,No close match,,,,,,,,,,,,,,,,,,,,,,,
Jamal Shamsul Inc,1551 45th St,West Palm Beach,FL,33407-2146,2146,JAMAL SHAMSUL INC,1551 45th St,West Palm Beach,FL,33407-2146,,"Grocery Stores, Independent",President,Mr. Mohammed Jamaluddin,Jamal Shamsul Inc,,Search1600.csv,No close match,,,,,,,,,,,,,,,,,,,,,,,
Eid Inc,1710 45th St O-5678,West Palm Beach,FL,33407-2150,2150,EID INC,1710 45th St O-5678,West Palm Beach,FL,33407-2150,,Sporting Goods And Bicycle Shops,President,Mr. Nasser Eid,Eid Inc,https://floridaucc.com/search?text=EID INC&searchOptionType=LegacySearch&searchOptionSubOption=FiledAndLapsedActualDebtorNameList&searchCategory=Standard,Search1600.csv,Lapsed,03/15/2001,03/15/2006,03/02/2026,200100057721,0,1,,,,,,,,,,,2,EID MANAGEMENT LLC,"800 LAUREL OAK DRIVE, NAPLES, FL, 34108",UCC1,3,,03/15/2001
Florise  Inc,1219 52nd St,Mangonia Park,FL,33407-2203,2203,"FLORISE, INC.",1219 52nd St,Mangonia Park,FL,33407-2203,C020,"Flowers, Plants And Bulbs: Mail Order",Executive Director,Mr. Darren Arithoppah,Florise  Inc,"https://floridaucc.com/search?text=FLORISE, INC.&searchOptionType=LegacySearch&searchOptionSubOption=FiledAndLapsedActualDebtorNameList&searchCategory=Standard",Search1600.csv,Filed,06/29/2020,06/29/2030,03/02/2026,202002780283,1,1,,,,,,,,,,,1,FLORISE INC.,"1219 52ND ST, MANGONIA PARK, FL, 33407",UCC1,1,,06/29/2020
Ramatex International Corp Inc,1310 53rd St,West Palm Beach,FL,33407-2207,2207,"RAMATEX INTERNATIONAL CORP., INC.",1310 53rd St,West Palm Beach,FL,33407-2207,,"General Merchandise, Non-Durable",President,Mr. Camilo Raful,Ramatex International Corp Inc,,Search1600.csv,No close match,,,,,,,,,,,,,,,,,,,,,,,
Seilliw  Inc,1320 53rd St,Mangonia Park,FL,33407-2207,2207,"S'EILLIW, INC.",1320 53rd St,Mangonia Park,FL,33407-2207,C020,Moving Services,President,Ms. Kathy Long,Seilliw  Inc,,Search1600.csv,No close match,,,,,,,,,,,,,,,,,,,,,,,
Meehans Family Moving  Inc,1320 53rd St,Mangonia Park,FL,33407-2207,2207,"MEEHAN'S FAMILY MOVING, INC.",1320 53rd St,Mangonia Park,FL,33407-2207,,Moving Services,Principal,Mr. Michael Meehan,Meehans Family Moving  Inc,,Search1600.csv,No close match,,,,,,,,,,,,,,,,,,,,,,,
Serraes Cnstr Gen Contr Inc,1300 53rd St,West Palm Beach,FL,33407-2207,2207,"SERRAES CONSTRUCTION GENERAL CONTRACTOR, INC.",1300 53rd St,West Palm Beach,FL,33407-2207,,"Commercial And Office Building, New Construction",President,Ms. Andrea M Serraes,Serraes Cnstr Gen Contr Inc,,Search1600.csv,No close match,,,,,,,,,,,,,,,,,,,,,,,
Burck Oil Company  Inc,1401 53rd St,Mangonia Park,FL,33407-2208,2208,"BURCK OIL COMPANY, INC.",1401 53rd St,Mangonia Park,FL,33407-2208,C020,Petroleum Bulk Stations,Director,Mr. Jeffrey L Burck,Burck Oil Company  Inc,"https://floridaucc.com/search?text=BURCK OIL COMPANY, INC.&searchOptionType=LegacySearch&searchOptionSubOption=FiledAndLapsedActualDebtorNameList&searchCategory=Standard",Search1600.csv,Lapsed,07/28/1997,07/28/2002,03/02/2026,970000167486,0,1,,,,,,,,,,,1,BURCK OIL COMPANY INC,"1401 W 53RD ST, WEST PALM BCH, FL, 33407",UCC1,2,,07/28/1997
Apex Equipment Sales  Inc,1400 53rd St,Mangonia Park,FL,33407-2209,2209,"APEX EQUIPMENT SALES, INC.",1400 53rd St,Mangonia Park,FL,33407-2209,C020,"Commercial Equipment, Nec",President,Jamie Staton,Apex Equipment Sales  Inc,"https://floridaucc.com/search?text=APEX EQUIPMENT SALES, INC.&searchOptionType=LegacySearch&searchOptionSubOption=FiledAndLapsedActualDebtorNameList&searchCategory=Standard",Search1600.csv,Lapsed,10/04/2019,10/04/2024,03/02/2026,201909828856,0,1,,,,,,,,,,,1,APEX EQUIPMENT SALES INC,"1400 WEST 53RD ST, WEST PALM BEACH, FL, 33407",UCC1,1,,10/04/2019
Florida Brake & Trck Parts Inc,1460 53rd St,Mangonia Park,FL,33407-2209,2209,"FLORIDA BRAKE & TRUCK PARTS, INC.",1460 53rd St,Mangonia Park,FL,33407-2209,C020,Automotive Brakes,President,Mr. John Mirucki,Florida Brake & Trck Parts Inc,"https://floridaucc.com/search?text=FLORIDA BRAKE & TRUCK PARTS, INC.&searchOptionType=LegacySearch&searchOptionSubOption=FiledAndLapsedActualDebtorNameList&searchCategory=Standard",Search1600.csv,Lapsed,08/10/1998,08/10/2008,03/02/2026,980000176623,2,1,,,,,,,,,,,1,FLORIDA BRAKE & TRUCK PARTS INC,"1460 W 53RD ST, WEST PALM BEACH, FL, 33407",UCC1,1,,08/10/1998
Bogue Executive Enterprises,1501 53rd St W,West Palm Beach,FL,33407-2210,2210,BOGUE EXECUTIVE ENTERPRISES INC,1501 53rd St,West Palm Beach,FL,33407-2210,,Aircraft Engines And Engine Parts,President,Ms. Carrie A Bogue,Bogue Executive Enterprises,https://floridaucc.com/search?text=BOGUE EXECUTIVE ENTERPRISES INC&searchOptionType=LegacySearch&searchOptionSubOption=FiledAndLapsedActualDebtorNameList&searchCategory=Standard,Search1600.csv,Lapsed,08/01/1994,08/01/1999,03/02/2026,940000154175,2,1,,,,,,,,,,,1,BOGUE EXECUTIVE ENTERPRISES INC,"1501 53RD STREET WEST, WEST PALM BEACH, FL",UCC1,4,,08/01/1994
Classic Mouldings Millworks,1501 53rd St,Mangonia Park,FL,33407-2210,2210,CLASSIC MOULDINGS MILLWORKS,1501 53rd St,Mangonia Park,FL,33407-2210,C020,Millwork,Director,Habib George,Classic Mouldings Millworks,,Search1600.csv,No close match,,,,,,,,,,,,,,,,,,,,,,,
Coastal Marine Propulsion Inc,1502 53rd St,Mangonia Park,FL,33407-2211,2211,"COASTAL MARINE PROPULSION, INC.",1502 53rd St,Mangonia Park,FL,33407-2211,C020,Marine Propeller Repair,President,Allison L Pereira,Coastal Marine Propulsion Inc,"https://floridaucc.com/search?text=COASTAL MARINE PROPULSION, INC.&searchOptionType=LegacySearch&searchOptionSubOption=FiledAndLapsedActualDebtorNameList&searchCategory=Standard",Search1600.csv,Lapsed,10/17/2008,10/17/2023,03/02/2026,200809376367,4,1,,,,,,,,,,,1,"COASTAL MARINE PROPULSION, INC.","1730 HILL AVENUE, WEST PALM BEACH, FL, 33407",UCC1,1,,10/17/2008
Ranger Roofing Corporation,1508 53rd St,Mangonia Park,FL,33407-2211,2211,RANGER ROOFING CORPORATION,1508 53rd St,Mangonia Park,FL,33407-2211,C020,Roofing Contractor,President,Mr. Larry Loftus,Ranger Roofing Corporation,https://floridaucc.com/search?text=RANGER ROOFING CORPORATION&searchOptionType=LegacySearch&searchOptionSubOption=FiledAndLapsedActualDebtorNameList&searchCategory=Standard,Search1600.csv,Lapsed,07/31/1997,07/31/2002,03/02/2026,970000170597,0,1,,,,,,,,,,,1,RANGER ROOFING CORPORATION,"7701 HOFFY CIR, LAKE WORTH, FL, 33467",UCC1,2,,07/31/1997
Palm Beach Power,5725 Columbia Cir,West Palm Beach,FL,33407-2216,2216,PALM BEACH POWER,5725 Columbia Cir,West Palm Beach,FL,33407-2216,,Diesel Engine Repair: Automotive,Partner,Mr. Charles Schlomer,Palm Beach Power,https://floridaucc.com/search?text=PALM BEACH POWER&searchOptionType=LegacySearch&searchOptionSubOption=FiledAndLapsedActualDebtorNameList&searchCategory=Standard,Search1600.csv,Lapsed,05/17/1993,05/17/1998,03/02/2026,930000103068,0,1,,,,,,,,,,,1,PALM BEACH POWER,"5725 COLUMBIA CIR, MANGONIA PARK, FL, 33407",UCC1,2,,05/17/1993
Fire Sprinkler Design Svcs Inc,5730 Columbia Cir,West Palm Beach,FL,33407-2217,2217,"FIRE SPRINKLER DESIGN SERVICES, INC.",5730 Columbia Cir,West Palm Beach,FL,33407-2217,,Engineering Services,Vice-President,Mr. John Whitehead,Fire Sprinkler Design Svcs Inc,,Search1600.csv,No close match,,,,,,,,,,,,,,,,,,,,,,,
Jw Fire Sprinkler  Inc,5730 Columbia Cir,Mangonia Park,FL,33407-2217,2217,"J.W. FIRE SPRINKLER, INC.",5730 Columbia Cir,Mangonia Park,FL,33407-2217,C020,Fire Sprinkler System Installation,President,Mr. John Whitehead,Jw Fire Sprinkler  Inc,"https://floridaucc.com/search?text=J.W. FIRE SPRINKLER, INC.&searchOptionType=LegacySearch&searchOptionSubOption=FiledAndLapsedActualDebtorNameList&searchCategory=Standard",Search1600.csv,Lapsed,05/30/2000,05/30/2005,03/02/2026,200000124207,1,1,,,,,,,,,,,1,JW FIRE SPRINKLERS INC,"5730 COLUMBIA CTR, WEST PALM BEACH, FL, 33407",UCC1,1,,05/30/2000
General Garage Door Co  Inc,5710 Columbia Cir,Mangonia Park,FL,33407-2217,2217,"GENERAL GARAGE DOOR CO., INC.",5710 Columbia Cir,Mangonia Park,FL,33407-2217,C020,"Garage Doors, Sale And Installation",President,Mr. John Kubiak,General Garage Door Co  Inc,"https://floridaucc.com/search?text=GENERAL GARAGE DOOR CO., INC.&searchOptionType=LegacySearch&searchOptionSubOption=FiledAndLapsedActualDebtorNameList&searchCategory=Standard",Search1600.csv,Lapsed,07/19/1999,07/19/2004,03/02/2026,990000163419,1,1,,,,,,,,,,,1,GENERAL GARAGE DOOR CO INC,"5710 COLUMBIA CIRCLE, WEST PALM BEACH, FL, 33407",UCC1,1,,07/19/1999
Logus Microwave Corp,1305 Hill Ave,West Palm Beach,FL,33407-2228,2228,LOGUS MICROWAVE CORP.,1305 Hill Ave,West Palm Beach,FL,33407-2228,,Microwave Test Equipment,Director,Mr. George S Hack,Logus Microwave Corp,https://floridaucc.com/search?text=LOGUS MICROWAVE CORP.&searchOptionType=LegacySearch&searchOptionSubOption=FiledAndLapsedActualDebtorNameList&searchCategory=Standard,Search1600.csv,Filed,08/09/1995,08/09/2030,03/02/2026,950000159316,6,1,,,,,,,,,,,2,LOGUS MICROWAVE CORP,"1305 HILL AVE, W PALM BEACH, FL, 334072228",UCC1,1,,08/09/1995
Ultra Safety Systems  Inc,1601 Hill Ave Ste C,West Palm Beach,FL,33407-2233,2233,"ULTRA SAFETY SYSTEMS, INC.",1601 Hill Ave Ste C,West Palm Beach,FL,33407-2233,,Marine Related Equipment,President,Mr. Robert Mergenthaler,Ultra Safety Systems  Inc,,Search1600.csv,No close match,,,,,,,,,,,,,,,,,,,,,,,
Power Supply Concepts  Inc,1601 Hill Ave Ste E,West Palm Beach,FL,33407-2233,2233,"POWER SUPPLY CONCEPTS, INC.",1601 Hill Ave Ste E,West Palm Beach,FL,33407-2233,,"Electronic Parts And Equipment, Nec",President,Mr. Robert Smyth,Power Supply Concepts  Inc,"https://floridaucc.com/search?text=POWER SUPPLY CONCEPTS, INC.&searchOptionType=LegacySearch&searchOptionSubOption=FiledAndLapsedActualDebtorNameList&searchCategory=Standard",Search1600.csv,Lapsed,01/12/1995,01/12/2000,03/02/2026,950000007552,1,1,,,,,,,,,,,1,POWER SUPPLY CONCEPTS INC,"840 JUPITER PK DR UNIT 103-104, JUPITER, FL, 33458",UCC1,2,,01/12/1995
Florida Microelectronics  LLC,1601 Hill Ave Ste E,West Palm Beach,FL,33407-2233,2233,"FLORIDA MICROELECTRONICS, LLC",1601 Hill Ave Ste E,West Palm Beach,FL,33407-2233,C020,Electronic Circuits,Managing Member,Mr. Brian Shiau,Florida Microelectronics  LLC,"https://floridaucc.com/search?text=FLORIDA MICROELECTRONICS, LLC&searchOptionType=LegacySearch&searchOptionSubOption=FiledAndLapsedActualDebtorNameList&searchCategory=Standard",Search1600.csv,Lapsed,03/28/2006,03/28/2011,03/02/2026,200602213345,2,1,,,,,,,,,,,1,FLORIDA MICROELECTRONICS LLC,"1601 HILL AVE, WEST PALM BEACH, FL, 33407-2233",UCC1,9,,03/28/2006
Current Connections  Inc,1620 Hill Ave,West Palm Beach,FL,33407-2235,2235,"CURRENT CONNECTIONS, INC.",1620 Hill Ave,West Palm Beach,FL,33407-2235,C020,General Electrical Contractor,President,Mr. Donald Sharkey,Current Connections  Inc,"https://floridaucc.com/search?text=CURRENT CONNECTIONS, INC.&searchOptionType=LegacySearch&searchOptionSubOption=FiledAndLapsedActualDebtorNameList&searchCategory=Standard",Search1600.csv,Lapsed,10/16/1995,10/16/2000,03/02/2026,950000206415,0,1,,,,,,,,,,,1,CURRENT CONNECTIONS INC,"1620 HILL AVE, MAGNOLIA PARK, FL, 33407",UCC1,1,,10/16/1995
Factory Direct Supply Wpb  LLC,1733 Hill Ave,West Palm Beach,FL,33407-2236,2236,"FACTORY DIRECT SUPPLY WPB, LLC",1733 Hill Ave,West Palm Beach,FL,33407-2236,,Industrial Supplies,President,Mr. Anthony Sardinia,Factory Direct Supply Wpb  LLC,"https://floridaucc.com/search?text=FACTORY DIRECT SUPPLY WPB, LLC&searchOptionType=LegacySearch&searchOptionSubOption=FiledAndLapsedActualDebtorNameList&searchCategory=Standard",Search1600.csv,Filed,01/31/2017,01/31/2027,03/02/2026,201700148956,4,1,,,,,,,,,,,1,"FACTORY DIRECT SUPPLY WPB, LLC","4389 WESTROADS DR, WEST PALM BEACH, FL, 33407-1205",UCC1,2,,01/31/2017
Builtx  Inc,1750 Hill Ave,Mangonia Park,FL,33407-2237,2237,"BUILTX, INC.",1750 Hill Ave,Mangonia Park,FL,33407-2237,C020,"Land Subdividers And Developers, Commercial",Vice-President,Mr. Gary S Thomas,Builtx  Inc,"https://floridaucc.com/search?text=BUILTX, INC.&searchOptionType=LegacySearch&searchOptionSubOption=FiledAndLapsedActualDebtorNameList&searchCategory=Standard",Search1600.csv,Lapsed,05/13/1998,05/13/2003,03/02/2026,980000105223,0,2,,,,,,,,,,,1,BUILTX INC,"PO BOX 1079, LOXAHATCHEE, FL, 33470",UCC1,1,,05/13/1998
Kemp Signs  Inc,1740 Hill Ave,Mangonia Park,FL,33407-2237,2237,"KEMP SIGNS, INC.",1740 Hill Ave,Mangonia Park,FL,33407-2237,C020,"Signs, Not Made In Custom Sign Painting Shops",President,Mr. Steven Kemp,Kemp Signs  Inc,"https://floridaucc.com/search?text=KEMP SIGNS, INC.&searchOptionType=LegacySearch&searchOptionSubOption=FiledAndLapsedActualDebtorNameList&searchCategory=Standard",Search1600.csv,Lapsed,04/29/2005,04/29/2015,03/02/2026,200509562521,2,1,,,,,,,,,,,1,KEMP SIGNS INC,"120 WISCONSIN ST, LAKE WORTH, FL, 33461",UCC1,1,,04/29/2005
Palm Beach Cstm Woodworks LLC,1315 53rd St Ste 5,Mangonia Park,FL,33407-2245,2245,PALM BEACH CUSTOM WOODWORKS LLC,1315 53rd St Ste 5,Mangonia Park,FL,33407-2245,C020,Millwork,Managing Member,Mr. Perez Victor,Palm Beach Cstm Woodworks LLC,https://floridaucc.com/search?text=PALM BEACH CUSTOM WOODWORKS LLC&searchOptionType=LegacySearch&searchOptionSubOption=FiledAndLapsedActualDebtorNameList&searchCategory=Standard,Search1600.csv,Lapsed,10/25/2013,10/25/2018,03/02/2026,201300107969,0,1,,,,,,,,,,,1,PALM BEACH CUSTOM WOODWORKS LLC,"1449 JUPITER PARK DR #16, JUPITER, FL, 33458",UCC1,1,,10/25/2013
Bahama Boat Works  LLC,1525 53rd St,West Palm Beach,FL,33407-2250,2250,"BAHAMA BOAT WORKS, LLC",1525 53rd St Ste B,West Palm Beach,FL,33407-2250,,"Boats, Fiberglass: Building And Repairing",Managing Member,Mr. Robert Sparks,Bahama Boat Works  LLC,"https://floridaucc.com/search?text=BAHAMA BOAT WORKS, LLC&searchOptionType=LegacySearch&searchOptionSubOption=FiledAndLapsedActualDebtorNameList&searchCategory=Standard",Search1600.csv,Filed,12/18/2023,12/18/2028,03/02/2026,202303415290,2,1,,,,,,,,,,,2,BAHAMA BOAT WORKS 2.0 LLC,"192 NIANTIC RIVER ROAD, WATERFORD, CT, 06385",UCC1,4,,12/18/2023
Ehup  Inc,1340 53rd St Ste 5,Mangonia Park,FL,33407-2251,2251,"EHUP, INC.",1340 53rd St Ste 5,Mangonia Park,FL,33407-2251,C020,Motor Boat Dealers,President,Mr. William D Phipps,Ehup  Inc,,Search1600.csv,No close match,,,,,,,,,,,,,,,,,,,,,,,
Valencia Welding  Inc,1228 53rd St Ste A&B,Mangonia Park,FL,33407-2258,2258,"VALENCIA WELDING, INC.",1228 53rd St Ste A,Mangonia Park,FL,33407-2258,C020,Welding On Site,President,Ferney Valencia,Valencia Welding  Inc,"https://floridaucc.com/search?text=VALENCIA WELDING, INC.&searchOptionType=LegacySearch&searchOptionSubOption=FiledAndLapsedActualDebtorNameList&searchCategory=Standard",Search1600.csv,Lapsed,07/25/2005,07/25/2010,03/02/2026,200500254778,0,1,,,,,,,,,,,1,"VALENCIA WELDING, INC.","2001 NORTH CONGRESS AVENUE SUITE D, RIVIERA BEACH, FL, 33404",UCC1,1,,07/25/2005
Overland Construction Co Inc,1360 53rd St Ste 1,Mangonia Park,FL,33407-2263,2263,"OVERLAND CONSTRUCTION COMPANY, INC.",1360 53rd St Ste 1,Mangonia Park,FL,33407-2263,C020,"Commercial And Office Building, New Construction",President,Mr. Edwin F Giles,Overland Construction Co Inc,"https://floridaucc.com/search?text=OVERLAND CONSTRUCTION COMPANY, INC.&searchOptionType=LegacySearch&searchOptionSubOption=FiledAndLapsedActualDebtorNameList&searchCategory=Standard",Search1600.csv,Lapsed,04/27/1992,04/27/2002,03/02/2026,920000082991,3,1,,,,,,,,,,,1,OVERLAND CONSTRUCTION COMPANY INC,"3210 45TH ST, WEST PALM BEACH, FL, 33407",UCC1,1,,04/27/1992
Vm Kitchen and Bath LLC,1305 53rd St Ste 12,Mangonia Park,FL,33407-2292,2292,VM KITCHEN AND BATH LLC,1305 53rd St Ste 12,Mangonia Park,FL,33407-2292,C020,"Cabinets, Kitchen",Principal,Marcelo Arancibia,Vm Kitchen and Bath LLC,https://floridaucc.com/search?text=VM KITCHEN AND BATH LLC&searchOptionType=LegacySearch&searchOptionSubOption=FiledAndLapsedActualDebtorNameList&searchCategory=Standard,Search1600.csv,Lapsed,09/05/2018,09/05/2023,03/02/2026,20180641658X,0,1,,,,,,,,,,,1,VM KITCHEN AND BATH LLC,"1305 53RD STREET SUITE 12, WEST PALM BEACH, FL, 33407",UCC1,1,,09/05/2018
Hampton Court Apartments,4761 N Australian Ave,West Palm Beach,FL,33407-2305,2305,HAMPTON COURT APARTMENTS,4761 N Australian Ave,West Palm Beach,FL,33407-2305,,Apartment Building Operators,Manager,Mr. Jeff Stanley,Hampton Court Apartments,,Search1600.csv,No close match,,,,,,,,,,,,,,,,,,,,,,,
Regency Pty Rentals & Sups Inc,5900 N Australian Ave,Mangonia Park,FL,33407-2333,2333,"REGENCY PARTY RENTALS & SUPPLIES, INC.",5900 N Australian Ave,Mangonia Park,FL,33407-2333,C020,Decoration Service For Special Events,President,Ms. Marie Ivancevic,Regency Pty Rentals & Sups Inc,,Search1600.csv,No close match,,,,,,,,,,,,,,,,,,,,,,,
Imperial Wine Storage  Inc,5900 N Australian Ave,Mangonia Park,FL,33407-2333,2333,"IMPERIAL WINE STORAGE, INC.",5900 N Australian Ave Ste 1,Mangonia Park,FL,33407-2333,C020,General Warehousing And Storage,President,Kelly S Harris,Imperial Wine Storage  Inc,"https://floridaucc.com/search?text=IMPERIAL WINE STORAGE, INC.&searchOptionType=LegacySearch&searchOptionSubOption=FiledAndLapsedActualDebtorNameList&searchCategory=Standard",Search1600.csv,Lapsed,02/28/2008,02/28/2018,03/02/2026,200807752914,2,1,,,,,,,,,,,1,"IMPERIAL WINE STORAGE, INC.","5900 AUSTRALIAN AVENUE, SUITE 1, WEST PALM BEACH, FL, 33407",UCC1,1,,02/28/2008
Alternatives In Treatment LLC,5406 East Ave,West Palm Beach,FL,33407-2344,2344,ALTERNATIVES IN TREATMENT LLC,5406 East Ave,West Palm Beach,FL,33407-2344,C020,General Counseling Services,Administrator,Ms. Alexis Altier,Alternatives In Treatment LLC,https://floridaucc.com/search?text=ALTERNATIVES IN TREATMENT LLC&searchOptionType=LegacySearch&searchOptionSubOption=FiledAndLapsedActualDebtorNameList&searchCategory=Standard,Search1600.csv,Lapsed,06/16/2015,06/16/2020,03/02/2026,201504143289,1,1,,,,,,,,,,,1,"ALTERNATIVES IN TREATMENT, LLC","7601 N. FEDERAL HIGHWAY, SUITE 100B, BOCA RATON, FL, 33487",UCC1,1,,06/16/2015
Delray Recovery Center  LLC,5410 East Ave,West Palm Beach,FL,33407-2344,2344,"DELRAY RECOVERY CENTER, LLC",5410 East Ave,West Palm Beach,FL,33407-2344,,"Drug Clinic, Outpatient",Managing Member,Mr. Joseph Petri,Delray Recovery Center  LLC,"https://floridaucc.com/search?text=DELRAY RECOVERY CENTER, LLC&searchOptionType=LegacySearch&searchOptionSubOption=FiledAndLapsedActualDebtorNameList&searchCategory=Standard",Search1600.csv,Filed,04/06/2017,04/06/2027,03/02/2026,201700825362,1,1,,,,,,,,,,,4,"ALTERNATIVES IN TREATMENT, LLC","5406 EAST AVENUE, WEST PALM BEACH, FL, 33407",UCC1,2,,04/06/2017
Sterling Steel Fabrications,1139 53rd Ct N,Mangonia Park,FL,33407-2347,2347,"STERLING STEEL FABRICATIONS, INC",1139 53rd Ct N,Mangonia Park,FL,33407-2347,C020,Fabricated Structural Metal,President,Ms. Patricia A Fye,Sterling Steel Fabrications,"https://floridaucc.com/search?text=STERLING STEEL FABRICATIONS, INC&searchOptionType=LegacySearch&searchOptionSubOption=FiledAndLapsedActualDebtorNameList&searchCategory=Standard",Search1600.csv,Filed,12/21/2020,12/21/2030,03/02/2026,202005660769,1,1,,,,,,,,,,,1,STERLING STEEL FABRICATIONS INC,"1139 53RD CT N, WEST PALM BEACH, FL, 33407",UCC1,1,,12/21/2020
Prime Tech Coatings  Inc,1135 53rd Ct N,Mangonia Park,FL,33407-2347,2347,"PRIME TECH COATINGS, INC",1135 53rd Ct N,Mangonia Park,FL,33407-2347,C020,Coating Of Metals And Formed Products,President,Mr. Pete J Luther,Prime Tech Coatings  Inc,"https://floridaucc.com/search?text=PRIME TECH COATINGS, INC&searchOptionType=LegacySearch&searchOptionSubOption=FiledAndLapsedActualDebtorNameList&searchCategory=Standard",Search1600.csv,Filed,03/21/2022,03/21/2027,03/02/2026,202200880845,0,2,,,,,,,,,,,2,"PRIME TECH COATINGS, INC","1135 53RD COURT NORTH, WEST PALM BEACH, FL, 33407",UCC1,2,,03/21/2022
Florida Envmtl Pest Mgt Inc,1137 53rd Ct N,West Palm Beach,FL,33407-2347,2347,FLORIDA ENVIRONMENTAL PEST MANAGEMENT INC.,1137 53rd Ct N,West Palm Beach,FL,33407-2347,,Pest Control In Structures,President,Mr. Ronald J Howell,Florida Envmtl Pest Mgt Inc,,Search1600.csv,No close match,,,,,,,,,,,,,,,,,,,,,,,
Able Envelope and Printing Inc,1110 53rd Ct S,Mangonia Park,FL,33407-2350,2350,"ABLE ENVELOPE AND PRINTING, INC.",1110 53rd Ct S,Mangonia Park,FL,33407-2350,C020,Offset Printing,President,Mr. Paul S Snyder,Able Envelope and Printing Inc,"https://floridaucc.com/search?text=ABLE ENVELOPE AND PRINTING, INC.&searchOptionType=LegacySearch&searchOptionSubOption=FiledAndLapsedActualDebtorNameList&searchCategory=Standard",Search1600.csv,Lapsed,01/03/1991,01/03/1996,03/02/2026,910000001748,1,1,,,,,,,,,,,1,ABLE ENVELOPE AND PRINTING INC,"1301 53RD ST, WEST PALM BEACH, FL",UCC1,1,,01/03/1991
Jamaica Tent Company  Inc,1104 53rd Ct S,Mangonia Park,FL,33407-2350,2350,"JAMAICA TENT COMPANY, INC.",1104 53rd Ct S,Mangonia Park,FL,33407-2350,C020,Party Supplies Rental Services,President,Mr. Allen Sadler,Jamaica Tent Company  Inc,"https://floridaucc.com/search?text=JAMAICA TENT COMPANY, INC.&searchOptionType=LegacySearch&searchOptionSubOption=FiledAndLapsedActualDebtorNameList&searchCategory=Standard",Search1600.csv,Lapsed,08/25/2011,08/25/2016,03/02/2026,201105196044,0,1,,,,,,,,,,,1,"JAMAICA TENT COMPANY, INC","1104 53RD CT, WEST PALM BEACH, FL, 33407",UCC1,1,,08/25/2011
Ride Fiik LLC,5401 East Ave Ste 2,West Palm Beach,FL,33407-2358,2358,RIDE FIIK LLC,5401 East Ave Ste 2,West Palm Beach,FL,33407-2358,C020,"Transportation Services, Nec",Member,Mr. Kenneth P Cadmus,Ride Fiik LLC,,Search1600.csv,No close match,,,,,,,,,,,,,,,,,,,,,,,
Shulers Memorial Chapel Inc,5301 N Australian Ave,West Palm Beach,FL,33407-2369,2369,SHULERS MEMORIAL CHAPEL INC,5301 N Australian Ave,West Palm Beach,FL,33407-2369,,Funeral Home,President,Lamar Shuler,Shulers Memorial Chapel Inc,,Search1600.csv,No close match,,,,,,,,,,,,,,,,,,,,,,,
J & B Quality Millwork  LLC,4900 N Australian Ave,West Palm Beach,FL,33407-2370,2370,"J & B QUALITY MILLWORK, LLC",4900 N Australian Ave,West Palm Beach,FL,33407-2370,,Millwork,Manager,Ms. Judy Powers,J & B Quality Millwork  LLC,"https://floridaucc.com/search?text=J & B QUALITY MILLWORK, LLC&searchOptionType=LegacySearch&searchOptionSubOption=FiledAndLapsedActualDebtorNameList&searchCategory=Standard",Search1600.csv,Lapsed,09/05/2014,09/05/2024,03/02/2026,201402141201,1,1,,,,,,,,,,,1,"J & B QUALITY MILLWORK, LLC","4900 NORTH AUSTRALIAN AVENUE, WEST PALM BEACH, FL, 33407",UCC1,2,,09/05/2014
Florida Impact Door Systems,4900 N Australian Ave,Mangonia Park,FL,33407-2370,2370,"FLORIDA IMPACT DOOR SYSTEMS, INC",4900 N Australian Ave,Mangonia Park,FL,33407-2370,C020,Windows,President,Mr. Paul Brous,Florida Impact Door Systems,"https://floridaucc.com/search?text=FLORIDA IMPACT DOOR SYSTEMS, INC&searchOptionType=LegacySearch&searchOptionSubOption=FiledAndLapsedActualDebtorNameList&searchCategory=Standard",Search1600.csv,Lapsed,07/23/2012,07/23/2017,03/02/2026,201207186374,0,1,,,,,,,,,,,1,"FLORIDA IMPACT DOOR SYSTEMS, INC","3850 BYRON DR, RIVIERA BEACH, FL, 33404",UCC1,1,,07/23/2012
Speedy Scripts Pharmacy,1115 45th St Ste 3,Mangonia Park,FL,33407-2378,2378,SPEEDY SCRIPTS PHARMACY,1115 45th St Ste 3,Mangonia Park,FL,33407-2378,C029,Drug Stores,Owner,Ms. Jacqueline Jabon,Speedy Scripts Pharmacy,https://floridaucc.com/search?text=SPEEDY SCRIPTS PHARMACY&searchOptionType=LegacySearch&searchOptionSubOption=FiledAndLapsedActualDebtorNameList&searchCategory=Standard,Search1600.csv,Filed,01/02/2020,01/02/2030,03/02/2026,202000523240,1,1,,,,,,,,,,,1,SPEEDY SCRIPTS PHARMACY,"1115 45TH STREET SUITE 3, WEST PALM BEACH, FL, 33407",UCC1,1,,01/02/2020
Commercial Laundry Eqp Co Inc,1114 53rd Ct S,Mangonia Park,FL,33407-2381,2381,"COMMERCIAL LAUNDRY EQUIPMENT COMPANY, INC.",1114 53rd Ct S,Mangonia Park,FL,33407-2381,C020,Laundry Equipment And Supplies,President,Mr. Robert Hensel,Commercial Laundry Eqp Co Inc,,Search1600.csv,No close match,,,,,,,,,,,,,,,,,,,,,,,
Palm Beach Woodwork Co Inc,1101 53rd Ct S Ste B,West Palm Beach,FL,33407-2384,2384,PALM BEACH WOODWORK CO INC,1101 53rd Ct S Ste B,West Palm Beach,FL,33407-2384,,"Lumber, Plywood, And Millwork",President,Mr. Bradley T Haylett,Palm Beach Woodwork Co Inc,https://floridaucc.com/search?text=PALM BEACH WOODWORK CO INC&searchOptionType=LegacySearch&searchOptionSubOption=FiledAndLapsedActualDebtorNameList&searchCategory=Standard,Search1600.csv,Lapsed,04/10/1998,04/10/2003,03/02/2026,980000078156,1,1,,,,,,,,,,,1,PALM BEACH WOODWORK CO INC,"800 23RD STREET, WEST PALM BEACH, FL, 33407",UCC1,1,,04/10/1998
Cape Radio Products Inc,4711 N Australian Ave,Mangonia Park,FL,33407-2386,2386,CAPE RADIO PRODUCTS INC.,4711 N Australian Ave Ste 29&,Mangonia Park,FL,33407-2386,C020,"Electronic Parts And Equipment, Nec",Principal,Alisdair Brown,Cape Radio Products Inc,,Search1600.csv,No close match,,,,,,,,,,,,,,,,,,,,,,,
Harcourt International LLC,4711 N Australian Ave,Mangonia Park,FL,33407-2386,2386,HARCOURT INTERNATIONAL LLC,4711 N Australian Ave Ste 5,Mangonia Park,FL,33407-2386,C020,Playground Construction And Equipment Installation,Managing Member,Mr. Steven Harcourt,Harcourt International LLC,https://floridaucc.com/search?text=HARCOURT INTERNATIONAL LLC&searchOptionType=LegacySearch&searchOptionSubOption=FiledAndLapsedActualDebtorNameList&searchCategory=Standard,Search1600.csv,Lapsed,09/01/2020,09/01/2025,03/02/2026,202004539303,0,1,,,,,,,,,,,1,HARCOURT INTERNATIONAL LLC,"4711 N AUSTRALIAN AVE 5, WEST PALM BEACH, AL, 334072389",UCC1,1,,09/01/2020
Cbs 12,1100 Fairfield Dr,West Palm Beach,FL,33407-2391,2391,CBS 12,1100 Fairfield Dr,West Palm Beach,FL,33407-2391,,News,Director,Jaime Martinez,Cbs 12,,Search1600.csv,No close match,,,,,,,,,,,,,,,,,,,,,,,
Roofing Unlimited & Shtmtl Inc,1146 53rd Ct N,Mangonia Park,FL,33407-2395,2395,"ROOFING UNLIMITED AND SHEET METAL, INC.",1146 53rd Ct N,Mangonia Park,FL,33407-2395,C020,Roofing Contractor,President,Mr. William Kirkland,Roofing Unlimited & Shtmtl Inc,,Search1600.csv,No close match,,,,,,,,,,,,,,,,,,,,,,,
Origins Recovery Of Texas LLC,933 45th St,Mangonia Park,FL,33407-2413,2413,ORIGINS RECOVERY OF TEXAS LLC,933 45th St,Mangonia Park,FL,33407-2413,C020,Alcoholism Rehabilitation Hospital,Chief Executive Officer,Drew Rothermel,Origins Recovery Of Texas LLC,,Search1600.csv,No close match,,,,,,,,,,,,,,,,,,,,,,,
Hanley Center  Inc,933 45th St,Mangonia Park,FL,33407-2413,2413,"HANLEY CENTER, INC.",933 45th St,Mangonia Park,FL,33407-2413,C020,"Alcohol Clinic, Outpatient",Principal,Ms. Barbara Krantz,Hanley Center  Inc,"https://floridaucc.com/search?text=HANLEY CENTER, INC.&searchOptionType=LegacySearch&searchOptionSubOption=FiledAndLapsedActualDebtorNameList&searchCategory=Standard",Search1600.csv,Lapsed,05/02/2005,05/02/2010,03/02/2026,200509568805,0,1,,,,,,,,,,,1,HANLEY CENTER INC,"5200 E AVE, WEST PALM BEACH, FL, 33407",UCC1,1,,05/02/2005
OH Marketing Services  Inc,1101 54th St,West Palm Beach,FL,33407-2419,2419,"OH MARKETING SERVICES, INC",1101 54th St,West Palm Beach,FL,33407-2419,,Rehabilitation Services,Chief Executive Officer,Imelda Wellington,OH Marketing Services  Inc,"https://floridaucc.com/search?text=OH MARKETING SERVICES, INC&searchOptionType=LegacySearch&searchOptionSubOption=FiledAndLapsedActualDebtorNameList&searchCategory=Standard",Search1600.csv,Lapsed,08/16/2018,08/16/2023,03/02/2026,201806221975,1,1,,,,,,,,,,,1,OH MARKETING SERVICES INC,"912 AVE L, FORT PIERCE, FL, 34950",UCC1,2,,08/16/2018
Child Prtction Team Palm Bch I,5305 Grenwood Ave Ste 101,West Palm Beach,FL,33407-2448,2448,"CHILD PROTECTION TEAM OF PALM BEACH, INC.",5305 Greenwood Ave Ste 101,West Palm Beach,FL,33407-2448,,Emergency Social Services,Director,Allison Hitchcock,Child Prtction Team Palm Bch I,,Search1600.csv,No close match,,,,,,,,,,,,,,,,,,,,,,,
Ent Consultants Palm Beaches,927 45th St Ste 101,Mangonia Park,FL,33407-2450,2450,ENT CONSULTANTS OF PALM BEACHES,927 45th St Ste 101,Mangonia Park,FL,33407-2450,C020,"Ears, Nose, And Throat Specialist: Physician/Surgeon",President,Mr. Martin J Frisosky,Ent Consultants Palm Beaches,https://floridaucc.com/search?text=ENT CONSULTANTS OF PALM BEACHES&searchOptionType=LegacySearch&searchOptionSubOption=FiledAndLapsedActualDebtorNameList&searchCategory=Standard,Search1600.csv,Lapsed,02/02/2006,02/02/2011,03/02/2026,200601789960,0,1,,,,,,,,,,,1,ENT CONSULTANTS OF THE PALM BEACHES,"927 45TH STREET, WEST PALM BEACH, FL, 33407",UCC1,1,,02/02/2006
Advanced Crdovascular Cons LLC,927 45th St Ste 201,Mangonia Park,FL,33407-2450,2450,ADVANCED CARDIOVASCULAR CONSULTANTS LLC,927 45th St Ste 201,Mangonia Park,FL,33407-2450,C020,Cardiologist And Cardio-Vascular Specialist,Principal,Dr. Jyoti B Mohanty,Advanced Crdovascular Cons LLC,,Search1600.csv,No close match,,,,,,,,,,,,,,,,,,,,,,,
Post,927 45th St Ste 203,Mangonia Park,FL,33407-2450,2450,POST,927 45th St Ste 203,Mangonia Park,FL,33407-2450,,Medical Field-Related Associations,Principal,Ms. Barbara P Abernathy,Post,https://floridaucc.com/search?text=POST&searchOptionType=LegacySearch&searchOptionSubOption=FiledAndLapsedActualDebtorNameList&searchCategory=Standard,Search1600.csv,Lapsed,06/04/2019,06/04/2024,03/02/2026,201908781287,0,1,,,,,,,,,,,2,LOTUS MOON COUNSELING LLC,"1113 S MAGNOLIA DR , TALLAHASSEE , FL, 32301",UCC1,2,,06/04/2019
Leroy & Virelles  MD  PA,927 45th St Ste 301,West Palm Beach,FL,33407-2450,2450,"LEROY & VIRELLES, M.D., P.A.",927 45th St Ste 301,West Palm Beach,FL,33407-2450,,"General And Family Practice, Physician/Surgeon",President,Mr. John Burigo,Leroy & Virelles  MD  PA,"https://floridaucc.com/search?text=LEROY & VIRELLES, M.D., P.A.&searchOptionType=LegacySearch&searchOptionSubOption=FiledAndLapsedActualDebtorNameList&searchCategory=Standard",Search1600.csv,No results,,,,,,,,,,,,,,,,,,,,,,,
Childrens Healthcare Assoc PA,927 45th St Ste 205,West Palm Beach,FL,33407-2450,2450,CHILDRENS HEALTHCARE ASSOC PA,927 45th St Ste 205,West Palm Beach,FL,33407-2450,,Offices And Clinics Of Medical Doctors,President,Ms. Janis Jones,Childrens Healthcare Assoc PA,https://floridaucc.com/search?text=CHILDRENS HEALTHCARE ASSOC PA&searchOptionType=LegacySearch&searchOptionSubOption=FiledAndLapsedActualDebtorNameList&searchCategory=Standard,Search1600.csv,No results,,,,,,,,,,,,,,,,,,,,,,,
National Alnce For The Mntlly,5205 Grenwood Ave Ste 110,West Palm Beach,FL,33407-2453,2453,NATIONAL ALLIANCE FOR THE MENTALLY ILL OF PALM BEACH,5205 Greenwood Ave Ste 110,West Palm Beach,FL,33407-2453,,"Mental Health Clinic, Outpatient",Chief Executive Officer,Ms. Beverly Weil,National Alnce For The Mntlly,,Search1600.csv,No close match,,,,,,,,,,,,,,,,,,,,,,,
Royal Palm Funeral Home,5601 Greenwood Ave,West Palm Beach,FL,33407-2499,2499,ROYAL PALM FUNERAL HOME,5601 Greenwood Ave,West Palm Beach,FL,33407-2499,C020,Funeral Home,Manager,Mr. Sam Austin,Royal Palm Funeral Home,https://floridaucc.com/search?text=ROYAL PALM FUNERAL HOME&searchOptionType=LegacySearch&searchOptionSubOption=FiledAndLapsedActualDebtorNameList&searchCategory=Standard,Search1600.csv,Lapsed,03/28/1994,03/28/1999,03/02/2026,940000061387,0,1,,,,,,,,,,,2,ROYAL PALM FUNERAL HOME,"5601 GREENWOOD AVE, W PALM BCH, FL, 33407",UCC1,1,,03/28/1994
Palm Beach Auto Trading  Inc,5600 N Flagler Dr,West Palm Beach,FL,33407-2648,2648,"PALM BEACH AUTO TRADING, INC.",5600 N Flagler Dr,West Palm Beach,FL,33407-2648,,New And Used Car Dealers,Principal,Mr. Lev Fishman,Palm Beach Auto Trading  Inc,,Search1600.csv,No close match,,,,,,,,,,,,,,,,,,,,,,,
Palm Beach Hse Condo Assn Inc,5600 N Flagler Dr,West Palm Beach,FL,33407-2648,2648,THE PALM BEACH HOUSE CONDOMINIUM ASSOCIATION INC,5600 N Flagler Dr,West Palm Beach,FL,33407-2648,C008,Condominium Association,President,Mr. Robert Bruno,Palm Beach Hse Condo Assn Inc,,Search1600.csv,No close match,,,,,,,,,,,,,,,,,,,,,,,
Thrust Innovations  LLC,5305 Broadway,West Palm Beach,FL,33407-2703,2703,"THRUST INNOVATIONS, LLC.",5305 Broadway,West Palm Beach,FL,33407-2703,C008,Boat Dealers,Principal,Mr. Brian Vergin,Thrust Innovations  LLC,"https://floridaucc.com/search?text=THRUST INNOVATIONS, LLC.&searchOptionType=LegacySearch&searchOptionSubOption=FiledAndLapsedActualDebtorNameList&searchCategory=Standard",Search1600.csv,Lapsed,11/18/2015,11/18/2020,03/02/2026,201505755814,0,1,,,,,,,,,,,1,"THRUST INNOVATIONS, LLC.","7656 BYRON DR STE B9, RIVIERA BEACH, FL, 33404",UCC1,1,,11/18/2015
Palm Beach Wine Merchants Inc,4600 Broadway,West Palm Beach,FL,33407-2902,2902,"PALM BEACH WINE MERCHANTS, INC.",4600 Broadway,West Palm Beach,FL,33407-2902,C025,Wine,President,Ms. Bess Petrou,Palm Beach Wine Merchants Inc,"https://floridaucc.com/search?text=PALM BEACH WINE MERCHANTS, INC.&searchOptionType=LegacySearch&searchOptionSubOption=FiledAndLapsedActualDebtorNameList&searchCategory=Standard",Search1600.csv,Lapsed,07/05/2020,07/05/2025,03/02/2026,202003180360,0,1,,,,,,,,,,,1,PALM BEACH WINE MERCHANTS INC,"4600 BROADWAY, WEST PALM BEACH, FL, 33407",UCC1,1,,07/05/2020
Palm Beach Sailing Club  Inc,4600 N Flagler Dr,West Palm Beach,FL,33407-2948,2948,"PALM BEACH SAILING CLUB, INC.",4600 N Flagler Dr,West Palm Beach,FL,33407-2948,,"Yacht Club, Membership",President,Mr. Matt Woods,Palm Beach Sailing Club  Inc,"https://floridaucc.com/search?text=PALM BEACH SAILING CLUB, INC.&searchOptionType=LegacySearch&searchOptionSubOption=FiledAndLapsedActualDebtorNameList&searchCategory=Standard",Search1600.csv,Lapsed,02/02/2012,02/02/2022,03/02/2026,201206107691,3,1,,,,,,,,,,,1,"PALM BEACH SAILING CLUB, INC.","4600 N. FLAGLER DRIVE, WEST PALM BEACH, FL, 33407",UCC1,1,,02/02/2012
Hw Spring Training Complex LLC,5444 N Haverhill Rd,West Palm Beach,FL,33407-3006,3006,"HW SPRING TRAINING COMPLEX, LLC",5444 N Haverhill Rd,West Palm Beach,FL,33407-3006,C018,"Baseball Club, Professional And Semi-Professional",Manager,Mr. Giles Kibbe,Hw Spring Training Complex LLC,"https://floridaucc.com/search?text=HW SPRING TRAINING COMPLEX, LLC&searchOptionType=LegacySearch&searchOptionSubOption=FiledAndLapsedActualDebtorNameList&searchCategory=Standard",Search1600.csv,Lapsed,06/23/2017,06/23/2022,03/02/2026,201701624573,0,1,,,,,,,,,,,1,"HW SPRING TRAINING COMPLEX, LLC","5444 HAVERHILL ROAD, WEST PALM BEACH, FL, 33407",UCC1,3,,06/23/2017
Jag Health Care Service LLC,5335 N Military Trl,West Palm Beach,FL,33407-3058,3058,JAG HEALTH CARE SERVICE L.L.C.,5335 N Military Trl,West Palm Beach,FL,33407-3058,,Drug Stores,Member,Ganiat Ojeabulu,Jag Health Care Service LLC,,Search1600.csv,No close match,,,,,,,,,,,,,,,,,,,,,,,
Pamatap  Inc,5335 N Military Trl,West Palm Beach,FL,33407-3058,3058,"PAMATAP, INC.",5335 N Military Trl Ste 36,West Palm Beach,FL,33407-3058,C018,Hard Liquor,President,Ms. Patricia Saterinas,Pamatap  Inc,"https://floridaucc.com/search?text=PAMATAP, INC.&searchOptionType=LegacySearch&searchOptionSubOption=FiledAndLapsedActualDebtorNameList&searchCategory=Standard",Search1600.csv,Lapsed,02/10/1988,02/10/1998,03/02/2026,1880021403,3,1,,,,,,,,,,,2,HIGH SPIRITS LIQUORS IV,"5335 N MILITARY, TR36, WESTPALMBCHFL, 33407",UCC1,1,,02/10/1988
National Markets  LLC,5335 N Military Trl,West Palm Beach,FL,33407-3058,3058,"NATIONAL MARKETS, LLC",5335 N Military Trl Ste 60,West Palm Beach,FL,33407-3058,C018,"Supermarkets, Chain",Member,Ms. Seema Dhawan,National Markets  LLC,"https://floridaucc.com/search?text=NATIONAL MARKETS, LLC&searchOptionType=LegacySearch&searchOptionSubOption=FiledAndLapsedActualDebtorNameList&searchCategory=Standard",Search1600.csv,Lapsed,07/03/2006,07/03/2011,03/02/2026,200603072680,0,1,,,,,,,,,,,1,"NATIONAL MARKETS, LLC","5335 MILITARY TRAIL, WEST PALM BEACH, FL, 33417",UCC1,1,,07/03/2006
Monarch Health Services  Inc,2580 Mtrcentre Blvd Ste 1,West Palm Beach,FL,33407-3100,3100,"MONARCH HEALTH SERVICES, INC",2580 Metrocentre Blvd Ste 1,West Palm Beach,FL,33407-3100,,"Health And Allied Services, Nec",Executive Director,Mr. Damion Baker,Monarch Health Services  Inc,"https://floridaucc.com/search?text=MONARCH HEALTH SERVICES, INC&searchOptionType=LegacySearch&searchOptionSubOption=FiledAndLapsedActualDebtorNameList&searchCategory=Standard",Search1600.csv,Filed,01/30/2020,01/30/2030,03/02/2026,202000757411,1,1,,,,,,,,,,,1,"MONARCH HEALTH SERVICES, INC","2580 METROCENTER BLVD, WEST PALM BEACH, FL, 33407",UCC1,1,,01/30/2020
Triple O Medical Services PA,2580 Metrocentre Blvd,West Palm Beach,FL,33407-3100,3100,"TRIPLE O MEDICAL SERVICES, P.A.",2580 Metrocentre Blvd Ste 3,West Palm Beach,FL,33407-3100,C019,"Infectious Disease Specialist, Physician/Surgeon",President,Olayemi Osiyemi,Triple O Medical Services PA,"https://floridaucc.com/search?text=TRIPLE O MEDICAL SERVICES, P.A.&searchOptionType=LegacySearch&searchOptionSubOption=FiledAndLapsedActualDebtorNameList&searchCategory=Standard",Search1600.csv,Lapsed,08/15/2011,08/15/2016,03/02/2026,201105140987,0,1,,,,,,,,,,,1,"TRIPLE O MEDICAL SERVICES, P.A.","1515 NORTH FLAGLER DRIVE, SUITE 200, WEST PALM BEACH, FL, 33401",UCC1,1,,08/15/2011
Gci Consultants Holding Co LLC,2460 Metrocentre Blvd,West Palm Beach,FL,33407-3105,3105,"GCI CONSULTANTS HOLDING COMPANY, LLC",2460 Metrocentre Blvd,West Palm Beach,FL,33407-3105,,"Business Consulting, Nec",Managing Member,Mr. Paul E Beers,Gci Consultants Holding Co LLC,"https://floridaucc.com/search?text=GCI CONSULTANTS HOLDING COMPANY, LLC&searchOptionType=LegacySearch&searchOptionSubOption=FiledAndLapsedActualDebtorNameList&searchCategory=Standard",Search1600.csv,Filed,07/03/2020,07/03/2030,03/02/2026,202003091562,1,1,,,,,,,,,,,1,GCI CONSULTANTS HOLDING CO LLC,"2460 METROCENTRE BLVD, WEST PALM BEACH, FL, 33407",UCC1,1,,07/03/2020
Gci Construction Cons LLC,2460 Metrocentre Blvd,West Palm Beach,FL,33407-3105,3105,"GCI CONSTRUCTION CONSULTANTS, LLC",2460 Metrocentre Blvd,West Palm Beach,FL,33407-3105,C019,Building Construction Consultant,Managing Member,Mr. Paul Beers,Gci Construction Cons LLC,,Search1600.csv,No close match,,,,,,,,,,,,,,,,,,,,,,,
Seacrest Open Mri,2450 Metrocentre Blvd,West Palm Beach,FL,33407-3105,3105,SEACREST OPEN MRI,2450 Metrocentre Blvd,West Palm Beach,FL,33407-3105,C019,Radiologist,Principal,Ms. Kathy Schilling,Seacrest Open Mri,https://floridaucc.com/search?text=SEACREST OPEN MRI&searchOptionType=LegacySearch&searchOptionSubOption=FiledAndLapsedActualDebtorNameList&searchCategory=Standard,Search1600.csv,Lapsed,01/30/2007,01/30/2012,03/02/2026,200704692986,0,1,,,,,,,,,,,1,SEACREST OPEN MRI,"2404B SOUTH SEACREST BLVD, BOYNTON BEACH, FL, 33435",UCC1,1,,01/30/2007
Ibero Property Management,2500 Metrocentre Blvd,West Palm Beach,FL,33407-3107,3107,IBERO PROPERTY MANAGEMENT CORP,2500 Metrocentre Blvd,West Palm Beach,FL,33407-3107,,"Real Estate Agent, Commercial",President,Mr. Dwayne P Barrett,Ibero Property Management,https://floridaucc.com/search?text=IBERO PROPERTY MANAGEMENT CORP&searchOptionType=LegacySearch&searchOptionSubOption=FiledAndLapsedActualDebtorNameList&searchCategory=Standard,Search1600.csv,Lapsed,07/20/2020,07/20/2025,03/02/2026,202003506495,2,1,,,,,,,,,,,2,IBERO PROPERTY MANAGEMENT CORP,"1551 FORUM PLACE, SUITE 300C, WEST PALM BEACH, FL, 33401",UCC1,1,,07/20/2020
World Wide Health Services LLC,2500 Metroctr Blvd Ste 7,West Palm Beach,FL,33407-3107,3107,"WORLD WIDE HEALTH SERVICES, L.L.C.",2500 Metrocentre Blvd Ste 7-8,West Palm Beach,FL,33407-3107,C019,"Personal Service Agents, Brokers, And Bureaus",Managing Member,Ms. Michelle Nicolas,World Wide Health Services LLC,"https://floridaucc.com/search?text=WORLD WIDE HEALTH SERVICES, L.L.C.&searchOptionType=LegacySearch&searchOptionSubOption=FiledAndLapsedActualDebtorNameList&searchCategory=Standard",Search1600.csv,Lapsed,09/14/2017,09/14/2022,03/02/2026,201702590362,0,1,,,,,,,,,,,4,"M NICOLAS ENTERPRISE, L.L.C.","2300 PALM BEACH LAKES BLVD, STE 309, WEST PALM BEACH, FL, 33409",UCC1,2,,09/14/2017
Express Emplyment Prfessionals,2540 Mtrcentre Blvd Ste 3,West Palm Beach,FL,33407-3108,3108,EXPRESS EMPLOYMENT PROFESSIONALS,2540 Metrocentre Blvd Ste 3,West Palm Beach,FL,33407-3108,,Employment Agencies,President,Ms. Barb Fossett,Express Emplyment Prfessionals,https://floridaucc.com/search?text=EXPRESS EMPLOYMENT PROFESSIONALS&searchOptionType=LegacySearch&searchOptionSubOption=FiledAndLapsedActualDebtorNameList&searchCategory=Standard,Search1600.csv,Lapsed,04/23/2018,04/23/2023,03/02/2026,201804945062,1,1,,,,,,,,,,,2,BRADY EMPLOYMENT SERVICES INC,"1640 MARGARETS WALK RD, FLEMING, FL, 32003",UCC1,2,,04/23/2018
Simmons & White Inc,2581 Mtrcentre Blvd Ste 3,West Palm Beach,FL,33407-3127,3127,SIMMONS & WHITE INC,2581 Metrocentre Blvd Ste 3,West Palm Beach,FL,33407-3127,,Civil Engineering,President,Mr. Robert F Rennebaum,Simmons & White Inc,https://floridaucc.com/search?text=SIMMONS & WHITE INC&searchOptionType=LegacySearch&searchOptionSubOption=FiledAndLapsedActualDebtorNameList&searchCategory=Standard,Search1600.csv,Lapsed,11/12/2002,11/12/2007,03/02/2026,200202608539,0,1,,,,,,,,,,,1,SIMMONS & WHITE INC,"5601 CORPORATE WAY, STE 200, WEST PALM BEACH, FL, 33407",UCC1,1,,11/12/2002
Metrolodging LLC,2485 Metrocentre Blvd,West Palm Beach,FL,33407-3151,3151,METROLODGING LLC,2485 Metrocentre Blvd,West Palm Beach,FL,33407-3151,,Hotels And Motels,Member,Sanjay Parag,Metrolodging LLC,https://floridaucc.com/search?text=METROLODGING LLC&searchOptionType=LegacySearch&searchOptionSubOption=FiledAndLapsedActualDebtorNameList&searchCategory=Standard,Search1600.csv,Lapsed,01/20/2004,01/20/2009,03/02/2026,20040595377X,1,1,,,,,,,,,,,1,METROLODGING LLC,"1423 SOUTH HARBOR CITY BOULEVARD, MELBOURNE, FL, 32901",UCC1,4,,01/20/2004
Quantum House  Inc,2455 Metrocentre Blvd,West Palm Beach,FL,33407-3151,3151,"QUANTUM HOUSE, INC.",2455 Metrocentre Blvd,West Palm Beach,FL,33407-3151,,Social Service Center,Director,Ms. Robbie Journey,Quantum House  Inc,"https://floridaucc.com/search?text=QUANTUM HOUSE, INC.&searchOptionType=LegacySearch&searchOptionSubOption=FiledAndLapsedActualDebtorNameList&searchCategory=Standard",Search1600.csv,Lapsed,08/10/2015,08/10/2020,03/02/2026,20150465951X,1,1,,,,,,,,,,,1,"QUANTUM HOUSE, INC.","901 45TH STREET, WEST PALM BEACH, FL, 33407",UCC1,14,,08/10/2015
Strategic Marketing LLC,2541 Metrocentre Blvd,West Palm Beach,FL,33407-3154,3154,STRATEGIC MARKETING LLC,2541 Metrocentre Blvd Ste 3,West Palm Beach,FL,33407-3154,C019,Advertising Consultant,President,Mr. Terence Murphy,Strategic Marketing LLC,,Search1600.csv,No close match,,,,,,,,,,,,,,,,,,,,,,,
Center For Crative Educatn Inc,2400 Metrocentre Blvd,West Palm Beach,FL,33407-3155,3155,"CENTER FOR CREATIVE EDUCATION, INC.",2400 Metrocentre Blvd,West Palm Beach,FL,33407-3155,,Educational Services,Executive Director,Mr. Thomas J Pilecki,Center For Crative Educatn Inc,"https://floridaucc.com/search?text=CENTER FOR CREATIVE EDUCATION, INC.&searchOptionType=LegacySearch&searchOptionSubOption=FiledAndLapsedActualDebtorNameList&searchCategory=Standard",Search1600.csv,Lapsed,10/06/2011,10/06/2016,03/02/2026,20110543963X,0,1,,,,,,,,,,,1,"CENTER FOR CREATIVE EDUCATION, INC.","425 24TH STREET, WEST PALM BEACH, FL, 33407",UCC1,1,,10/06/2011
Northwood Baptist Church,3600 Village Blvd,West Palm Beach,FL,33407-3196,3196,NORTHWOOD BAPTIST CHURCH,3600 Village Blvd,West Palm Beach,FL,33407-3196,,Baptist Church,Pastor,Pathrick Moody,Northwood Baptist Church,https://floridaucc.com/search?text=NORTHWOOD BAPTIST CHURCH&searchOptionType=LegacySearch&searchOptionSubOption=FiledAndLapsedActualDebtorNameList&searchCategory=Standard,Search1600.csv,Lapsed,08/13/1990,08/13/2000,03/02/2026,900000207221,3,1,,,,,,,,,,,1,"THE NORTHWOOD BAPTIST CHURCH OF WEST PALM BEACH, FLORID","3600 VILLAGE BLVD, WEST PALM BEACH, FL, 33407",UCC1,6,,08/13/1990
Florida Goodwill Assn Inc,1715 Tiffany Dr East,West Palm Beach,FL,33407-3224,3224,FLORIDA GOODWILL ASSOCIATION INCORPORATED,1715 E Tiffany Dr,West Palm Beach,FL,33407-3224,,"Recycling, Waste Materials",Principal,Mr. Marvin A Tanck,Florida Goodwill Assn Inc,,Search1600.csv,No close match,,,,,,,,,,,,,,,,,,,,,,,
Coalition For Ind Lving Optons,4400 N Congress Ave,West Palm Beach,FL,33407-3226,3226,"COALITION FOR INDEPENDENT LIVING OPTIONS, INC.",4400 N Congress Ave Ste 203,West Palm Beach,FL,33407-3226,C015,Social Service Center,Chief Executive Officer,Mr. Dan Shorter,Coalition For Ind Lving Optons,,Search1600.csv,No close match,,,,,,,,,,,,,,,,,,,,,,,
Palm Beach Neurology,4631 N Congress Ave,West Palm Beach,FL,33407-3234,3234,PALM BEACH NEUROLOGY,4631 N Congress Ave Ste 200,West Palm Beach,FL,33407-3234,C026,Neurologist,Principal,Mr. Walter Martniz,Palm Beach Neurology,https://floridaucc.com/search?text=PALM BEACH NEUROLOGY&searchOptionType=LegacySearch&searchOptionSubOption=FiledAndLapsedActualDebtorNameList&searchCategory=Standard,Search1600.csv,Lapsed,08/24/1998,08/24/2003,03/02/2026,980000188432,0,1,,,,,,,,,,,1,PALM BEACH NEUROLOGY PA,"5205 GREENWOOD AVENUE SUITE 200, WEST PALM BEACH, FL, 33407",UCC1,2,,08/24/1998
Mark G Agresti MD Inc,2010 Continental Dr,West Palm Beach,FL,33407-3236,3236,MARK G AGRESTI MD INC,2010 Continental Dr,West Palm Beach,FL,33407-3236,,Psychiatrist,Medical Doctor,Mr. Mark G Agresti,Mark G Agresti MD Inc,,Search1600.csv,No close match,,,,,,,,,,,,,,,,,,,,,,,
Wavestore USA LLC,4430 W Tiffany Dr,West Palm Beach,FL,33407-3239,3239,WAVESTORE USA LLC,4430 W Tiffany Dr,West Palm Beach,FL,33407-3239,,"Protective Devices, Security",Member,Mr. Mario Popu,Wavestore USA LLC,,Search1600.csv,No close match,,,,,,,,,,,,,,,,,,,,,,,
Brick Markers USA  Inc,4430 W Tiffany Dr Ste 2,Mangonia Park,FL,33407-3239,3239,"BRICK MARKERS U.S.A., INC.",4430 W Tiffany Dr Ste 2,Mangonia Park,FL,33407-3239,C015,Brick And Structural Clay Tile,President,Ms. Sharon Rieck,Brick Markers USA  Inc,"https://floridaucc.com/search?text=BRICK MARKERS U.S.A., INC.&searchOptionType=LegacySearch&searchOptionSubOption=FiledAndLapsedActualDebtorNameList&searchCategory=Standard",Search1600.csv,Filed,03/18/2019,03/18/2029,03/02/2026,20190803919X,1,1,,,,,,,,,,,1,BRICK MARKERS USA INC,"6985 GARDEN RD, RIVIERA BEACH, FL, 33404",UCC1,2,,03/18/2019
Pbd & P Inc,4475 Med Ctr Way Ste 1,West Palm Beach,FL,33407-3240,3240,PBD & P INC,4475 Medical Center Way Ste 1,West Palm Beach,FL,33407-3240,,Dermatologist,Principal,Leslie Ives,Pbd & P Inc,,Search1600.csv,No close match,,,,,,,,,,,,,,,,,,,,,,,
Green Kirvin & Cohen,4440 Beacon Cir Ste 100,West Palm Beach,FL,33407-3243,3243,"GREEN, KIRVIN & COHEN'S PALM BEACH SPORTS MEDICINE AND ORTHOPEDIC CENTER, INC",4440 Beacon Cir Ste 100,West Palm Beach,FL,33407-3243,C015,Orthopedic Physician,President,Mr. Robert Green,Green Kirvin & Cohen,,Search1600.csv,No close match,,,,,,,,,,,,,,,,,,,,,,,
Royal Sandwich Co Inc,4211 North Shore Dr Ste D,West Palm Beach,FL,33407-3273,3273,ROYAL SANDWICH CO INC,4211 North Shore Dr Ste D,West Palm Beach,FL,33407-3273,C029,Sandwiches,President,Mr. Joseph Bryan,Royal Sandwich Co Inc,,Search1600.csv,No close match,,,,,,,,,,,,,,,,,,,,,,,
Wldi,3071 Continental Dr,West Palm Beach,FL,33407-3274,3274,WLDI,3071 Continental Dr,West Palm Beach,FL,33407-3274,C015,Radio Broadcasting Stations,Manager,Mr. John Hunt,Wldi,,Search1600.csv,No close match,,,,,,,,,,,,,,,,,,,,,,,
Oculoplastic & Orbital Cons PA,4461 Med Ctr Way Ste A,West Palm Beach,FL,33407-3280,3280,"OCULOPLASTIC & ORBITAL CONSULTANTS, P.A.",4461 Medical Center Way Ste A,West Palm Beach,FL,33407-3280,,"Eyes, Ears, Nose, And Throat Specialist: Physician/Surgeon",President,Mr. Michael Patipa,Oculoplastic & Orbital Cons PA,,Search1600.csv,No close match,,,,,,,,,,,,,,,,,,,,,,,
Ward  Damon & Posner  PA,4420 Beacon Cir Ste 100,West Palm Beach,FL,33407-3281,3281,"WARD, DAMON & POSNER, P.A.",4420 Beacon Cir Ste 100,West Palm Beach,FL,33407-3281,C015,General Practice Law Office,Partner,Mr. Philip H Ward,Ward  Damon & Posner  PA,,Search1600.csv,No close match,,,,,,,,,,,,,,,,,,,,,,,
Daniel P Kraft MD PA Inc,4700 N Congress Ave,West Palm Beach,FL,33407-3282,3282,DANIEL P KRAFT MD PA INC,4700 N Congress Ave,West Palm Beach,FL,33407-3282,C026,"Physicians' Office, Including Specialists",Principal,Mr. Daniel P Kraft,Daniel P Kraft MD PA Inc,,Search1600.csv,No close match,,,,,,,,,,,,,,,,,,,,,,,
Plastic Surgery Palm Beach PA,4700 N Congress Ave,West Palm Beach,FL,33407-3284,3284,"PLASTIC SURGERY OF PALM BEACH, P.A.",4700 N Congress Ave,West Palm Beach,FL,33407-3284,C026,Plastic Surgeon,Principal,Mr. Alan B Pillersdorf,Plastic Surgery Palm Beach PA,,Search1600.csv,No close match,,,,,,,,,,,,,,,,,,,,,,,
Atlantic Kidney Centers LLC,4700 N Cngress Ave Ste 10,West Palm Beach,FL,33407-3284,3284,ATLANTIC KIDNEY CENTERS LLC,4700 N Congress Ave Ste 106,West Palm Beach,FL,33407-3284,,Kidney Dialysis Centers,President,Mr. Kenneth Rappaport,Atlantic Kidney Centers LLC,https://floridaucc.com/search?text=ATLANTIC KIDNEY CENTERS LLC&searchOptionType=LegacySearch&searchOptionSubOption=FiledAndLapsedActualDebtorNameList&searchCategory=Standard,Search1600.csv,Lapsed,10/07/1996,10/07/2006,03/02/2026,960000210590,2,1,,,,,,,,,,,1,ATLANTIC KIDNEY CENTERS INC,"4700 N CONGRESS AVE, WEST PALM BEACH, FL, 33407",UCC1,1,,10/07/1996
Cardiology Consultants,4700 N Cngress Ave Ste 20,West Palm Beach,FL,33407-3291,3291,CARDIOLOGY CONSULTANTS,4700 N Congress Ave Ste 202,West Palm Beach,FL,33407-3291,,Cardiologist And Cardio-Vascular Specialist,Partner,Mr. Michael A Ravitsky,Cardiology Consultants,https://floridaucc.com/search?text=CARDIOLOGY CONSULTANTS&searchOptionType=LegacySearch&searchOptionSubOption=FiledAndLapsedActualDebtorNameList&searchCategory=Standard,Search1600.csv,Lapsed,01/10/1991,01/10/2001,03/02/2026,910000007871,3,1,,,,,,,,,,,1,RAVITSKY AND HANNEY D O P A,"2051 45TH STREET, SUITE #109, WEST PALM BEACH, FL, 33407",UCC1,1,,01/10/1991
Harm Reduction Center  LLC,4700 N Congress Ave,West Palm Beach,FL,33407-3291,3291,"HARM REDUCTION CENTER, LLC",4700 N Congress Ave Ste 201,West Palm Beach,FL,33407-3291,C026,Substance Abuse Clinics (outpatient),Chief Executive Officer,Mr. Kevin Choi,Harm Reduction Center  LLC,,Search1600.csv,No close match,,,,,,,,,,,,,,,,,,,,,,,
Tepper Lwrnce A Schltz Allen F,4700 N Cngress Ave Ste 30,West Palm Beach,FL,33407-3292,3292,"TEPPER, LAWRENCE A & SCHULTZ, ALLEN F, D.O., P.A.",4700 N Congress Ave Ste 304b,West Palm Beach,FL,33407-3292,,"General And Family Practice, Physician/Surgeon",President,Mr. Lawrence A Tepper,Tepper Lwrnce A Schltz Allen F,,Search1600.csv,No close match,,,,,,,,,,,,,,,,,,,,,,,
Florida Ctr For Csmtc Rcnstrct,4512 N Flagler Dr Ste 301,West Palm Beach,FL,33407-3897,3897,FLORIDA CENTER FOR COSMETIC & RECONSTRUCTIVE DENTISTRY,4512 N Flagler Dr Ste 301,West Palm Beach,FL,33407-3897,,Dentists' Office,Owner,Mr. John Ledakis,Florida Ctr For Csmtc Rcnstrct,,Search1600.csv,No close match,,,,,,,,,,,,,,,,,,,,,,,
Genaros Corporation II,1000 36th St,West Palm Beach,FL,33407-3953,3953,GENARO'S CORPORATION II,1000 36th St,West Palm Beach,FL,33407-3953,,"Grocery Stores, Independent",President,Genaro Espinal,Genaros Corporation II,https://floridaucc.com/search?text=GENARO'S CORPORATION II&searchOptionType=LegacySearch&searchOptionSubOption=FiledAndLapsedActualDebtorNameList&searchCategory=Standard,Search1600.csv,Lapsed,08/26/1999,08/26/2004,03/02/2026,990000195799,0,1,,,,,,,,,,,4,GENAROS CORPORATION,"11 NE 3RD ST, POMPANO BEACH, FL, 33060",UCC1,2,,08/26/1999
Sunset Place Apartments LLC,1001 36th St,West Palm Beach,FL,33407-3997,3997,SUNSET PLACE APARTMENTS LLC,1001 36th St,West Palm Beach,FL,33407-3997,C012,Apartment Building Operators,Manager,Ms. Evelyn Gonzales,Sunset Place Apartments LLC,,Search1600.csv,No close match,,,,,,,,,,,,,,,,,,,,,,,
Reclay Stewardedge Inc,520 39th St,West Palm Beach,FL,33407-4108,4108,RECLAY STEWARDEDGE INC.,520 39th St,West Palm Beach,FL,33407-4108,,"Business Consulting, Nec",President,Mr. Ken Friesen,Reclay Stewardedge Inc,,Search1600.csv,No close match,,,,,,,,,,,,,,,,,,,,,,,
Union Missionary Baptst Ch Inc,3900 Broadway,West Palm Beach,FL,33407-4196,4196,THE UNION MISSIONARY BAPTIST CHURCH INC,3900 Broadway,West Palm Beach,FL,33407-4196,,Baptist Church,President,Mr. Isaiah S Clark,Union Missionary Baptst Ch Inc,,Search1600.csv,No close match,,,,,,,,,,,,,,,,,,,,,,,
Fiza Investments  Inc,3700 N Flagler Dr,West Palm Beach,FL,33407-4422,4422,"FIZA INVESTMENTS, INC.",3700 N Flagler Dr,West Palm Beach,FL,33407-4422,C010,Retirement Hotel Operation,Owner,Mr. Sam Rengasawmy,Fiza Investments  Inc,"https://floridaucc.com/search?text=FIZA INVESTMENTS, INC.&searchOptionType=LegacySearch&searchOptionSubOption=FiledAndLapsedActualDebtorNameList&searchCategory=Standard",Search1600.csv,Lapsed,01/15/2002,01/15/2022,03/02/2026,200200109802,5,1,,,,,,,,,,,1,FIZA INVESTMENTS INC.,"3700 NORTH FLAGLER DRIVE, WEST PALM BEACH, FL, 33407",UCC1,1,,01/15/2002
Vita Nova  Inc,2724 N Australian Ave,West Palm Beach,FL,33407-4501,4501,"VITA NOVA, INC.",2724 N Australian Ave Bldg 2,West Palm Beach,FL,33407-4501,,Individual And Family Services,Chief Executive Officer,Mr. Irvine Nugent,Vita Nova  Inc,"https://floridaucc.com/search?text=VITA NOVA, INC.&searchOptionType=LegacySearch&searchOptionSubOption=FiledAndLapsedActualDebtorNameList&searchCategory=Standard",Search1600.csv,Filed,03/31/2025,03/31/2030,03/02/2026,202500795177,0,1,,,,,,,,,,,1,"VITA NOVA, INC.","2724 N. AUSTRALIAN AVE., WEST PALM BEACH, FL, 33407",UCC1,1,,03/31/2025
Clear Lake Animal Hospital,2725 N Australian Avenue,West Palm Beach,FL,33407-4526,4526,LAKE CLEAR ANIMAL HOSPITAL,2725 N Australian Ave,West Palm Beach,FL,33407-4526,,"Veterinarian, Animal Specialties",Owner,Steffani Morris,Clear Lake Animal Hospital,https://floridaucc.com/search?text=LAKE CLEAR ANIMAL HOSPITAL&searchOptionType=LegacySearch&searchOptionSubOption=FiledAndLapsedActualDebtorNameList&searchCategory=Standard,Search1600.csv,Filed,06/28/2011,06/28/2026,03/02/2026,201104858965,4,1,,,,,,,,,,,3,MOE BRADLEY STUART,"2725 N. AUSTRALIAN AVENUE, WEST PALM BEACH, FL, 33407",UCC1,7,,06/28/2011
Mb Brown Construction Co Inc,2708 N Australian Ave,West Palm Beach,FL,33407-4529,4529,"M.B. BROWN CONSTRUCTION COMPANY, INC.",2708 N Australian Ave Ste 7,West Palm Beach,FL,33407-4529,C012,Single-Family Housing Construction,President,Mr. Mason B Brown,Mb Brown Construction Co Inc,,Search1600.csv,No close match,,,,,,,,,,,,,,,,,,,,,,,
Daniello Construction Inc,2708 N Astrlian Ave Ste 9,West Palm Beach,FL,33407-4529,4529,DANIELLO CONSTRUCTION INC,2708 N Australian Ave Ste 9,West Palm Beach,FL,33407-4529,,Concrete Repair,President,Mr. Louis J Daniello,Daniello Construction Inc,https://floridaucc.com/search?text=DANIELLO CONSTRUCTION INC&searchOptionType=LegacySearch&searchOptionSubOption=FiledAndLapsedActualDebtorNameList&searchCategory=Standard,Search1600.csv,Lapsed,05/19/2006,05/19/2016,03/02/2026,200602689501,3,1,,,,,,,,,,,1,DANIELLO CONSTRUCTION INC,"2708 N AUSTRALIAN AVENUE, SUITE 9, WEST PALM BEACH, FL, 33407",UCC1,1,,05/19/2006
R & B Properties Inc,1102 35th St,West Palm Beach,FL,33407-4605,4605,R & B PROPERTIES INC,1102 35th St,West Palm Beach,FL,33407-4605,,Operative Builders,President,Mr. Richard Baxt,R & B Properties Inc,https://floridaucc.com/search?text=R & B PROPERTIES INC&searchOptionType=LegacySearch&searchOptionSubOption=FiledAndLapsedActualDebtorNameList&searchCategory=Standard,Search1600.csv,Lapsed,02/28/1994,02/28/1999,03/02/2026,940000041621,0,1,,,,,,,,,,,1,R & B PROPERTIES OF JACKSONVILLE INC,"PO BOX 6369, JACKSONVILLE, FL, 322366369",UCC1,2,,02/28/1994
B & E Sheet Metal  Inc,3410 Electronics Way,West Palm Beach,FL,33407-4623,4623,"B & E SHEET METAL, INC.",3410 Electronics Way,West Palm Beach,FL,33407-4623,,Lettering And Sign Painting Services,President,Bobby Lint,B & E Sheet Metal  Inc,"https://floridaucc.com/search?text=B & E SHEET METAL, INC.&searchOptionType=LegacySearch&searchOptionSubOption=FiledAndLapsedActualDebtorNameList&searchCategory=Standard",Search1600.csv,Lapsed,04/03/1995,04/03/2000,03/02/2026,950000065833,1,1,,,,,,,,,,,1,B & E SHEET METAL INC,"412 S EAST COAST ST, LAKE WORTH, FL, 33460",UCC1,1,,04/03/1995
Wafer World Inc,1100 Tech Pl Ste 104,West Palm Beach,FL,33407-4634,4634,WAFER WORLD INC.,1100 Technology Pl Ste 104,West Palm Beach,FL,33407-4634,,"Integrated Circuits, Semiconductor Networks, Etc.",President,Mr. Sean Quinn,Wafer World Inc,https://floridaucc.com/search?text=WAFER WORLD INC.&searchOptionType=LegacySearch&searchOptionSubOption=FiledAndLapsedActualDebtorNameList&searchCategory=Standard,Search1600.csv,Lapsed,01/30/1997,01/30/2002,03/02/2026,970000021198,1,1,,,,,,,,,,,1,WAFER WORLD INC,"1100 TECHNOLOGY PLACE #104, WEST PALM BEACH, FL, 33407",UCC1,2,,01/30/1997
East Coast Undgrd & Cnstr Corp,1100 Tech Pl Ste 122,West Palm Beach,FL,33407-4634,4634,EAST COAST UNDERGROUND AND CONSTRUCTION CORP.,1100 Technology Pl Ste 122,West Palm Beach,FL,33407-4634,,Single-Family Housing Construction,President,Ara Garibian,East Coast Undgrd & Cnstr Corp,,Search1600.csv,No close match,,,,,,,,,,,,,,,,,,,,,,,
U & ME Transfer Inc,3300 Electronics Way,West Palm Beach,FL,33407-4699,4699,U & ME TRANSFER INC,3300 Electronics Way,West Palm Beach,FL,33407-4699,C012,Moving Services,Chairman,Lee K Spencer,U & ME Transfer Inc,https://floridaucc.com/search?text=U & ME TRANSFER INC&searchOptionType=LegacySearch&searchOptionSubOption=FiledAndLapsedActualDebtorNameList&searchCategory=Standard,Search1600.csv,Lapsed,11/18/1996,11/18/2001,03/02/2026,960000243090,0,1,,,,,,,,,,,3,U & ME TRANSFER INC,"2626 ELECTRONICS WAY, WEST PALM BEACH, FL, 33407",UCC1,5,,11/18/1996
Glenn-Miller Construction Inc,3601 Poinsettia Ave,West Palm Beach,FL,33407-4807,4807,"GLENN-MILLER CONSTRUCTION, INC.",3601 Poinsettia Ave,West Palm Beach,FL,33407-4807,C010,Single-Family Housing Construction,President,Mr. Keith Miller,Glenn-Miller Construction Inc,"https://floridaucc.com/search?text=GLENN-MILLER CONSTRUCTION, INC.&searchOptionType=LegacySearch&searchOptionSubOption=FiledAndLapsedActualDebtorNameList&searchCategory=Standard",Search1600.csv,Filed,05/30/2023,05/30/2028,03/02/2026,202301481059,0,1,,,,,,,,,,,1,"GLENN-MILLER CONSTRUCTION, INC.","3601 POINSETTIA AVE, WEST PALM BEACH, FL, 33407",UCC1,1,,05/30/2023
La Fontana Aprtmnts Palm Bch I,2800 N Flagler Dr,West Palm Beach,FL,33407-5228,5228,"LA FONTANA APARTMENTS OF PALM BEACH, INC.",2800 N Flagler Dr,West Palm Beach,FL,33407-5228,C021,Apartment Building Operators,Principal,Mr. Mark Knaub,La Fontana Aprtmnts Palm Bch I,,Search1600.csv,No close match,,,,,,,,,,,,,,,,,,,,,,,
Palm Beach Counter Tops Corp,935 25th St,West Palm Beach,FL,33407-5307,5307,PALM BEACH COUNTER TOPS CORP,935 25th St,West Palm Beach,FL,33407-5307,C017,Counter Top Installation,President,Mr. Carlos Barrios,Palm Beach Counter Tops Corp,https://floridaucc.com/search?text=PALM BEACH COUNTER TOPS CORP&searchOptionType=LegacySearch&searchOptionSubOption=FiledAndLapsedActualDebtorNameList&searchCategory=Standard,Search1600.csv,Lapsed,05/17/2016,05/17/2021,03/02/2026,20160762087X,0,1,,,,,,,,,,,1,PALM BEACH COUNTER TOPS CORP,"1432 SKEES RD STE A, WEST PALM BEACH, FL, 33411",UCC1,1,,05/17/2016
Ferrin Signs  Inc,945 26th St,West Palm Beach,FL,33407-5314,5314,"FERRIN SIGNS, INC.",945 26th St,West Palm Beach,FL,33407-5314,C017,Electric Signs,President,Mr. Ralph Lashells,Ferrin Signs  Inc,"https://floridaucc.com/search?text=FERRIN SIGNS, INC.&searchOptionType=LegacySearch&searchOptionSubOption=FiledAndLapsedActualDebtorNameList&searchCategory=Standard",Search1600.csv,Lapsed,10/14/1996,10/14/2001,03/02/2026,960000216760,0,1,,,,,,,,,,,1,FERRIN SIGNS INC,"4385 WESTROADS DR, WEST PALM BEACH, FL, 33407",UCC1,1,,10/14/1996
Island Cnstr & Design Co,901 28th St,West Palm Beach,FL,33407-5322,5322,ISLAND CONSTRUCTION & DESIGN CO.,901 28th St,West Palm Beach,FL,33407-5322,C017,"General Remodeling, Single-Family Houses",President,Mr. Richard L Valle,Island Cnstr & Design Co,,Search1600.csv,No close match,,,,,,,,,,,,,,,,,,,,,,,
Lido Holdings Inc,917 28th St,West Palm Beach,FL,33407-5322,5322,LIDO HOLDINGS INC,917 28th St,West Palm Beach,FL,33407-5322,C017,Roofing Contractor,President,Mr. Jim Newwl,Lido Holdings Inc,https://floridaucc.com/search?text=LIDO HOLDINGS INC&searchOptionType=LegacySearch&searchOptionSubOption=FiledAndLapsedActualDebtorNameList&searchCategory=Standard,Search1600.csv,Lapsed,08/02/2006,08/02/2016,03/02/2026,200603317128,3,1,,,,,,,,,,,1,LIDO HOLDINGS INC,"136 N.E. 4TH AVENUE, DEERFIELD BEACH, FL, 33441",UCC1,2,,08/02/2006
Berkun-Air  Inc,2800 E Tamarind Ave Apt C,West Palm Beach,FL,33407-5326,5326,"BERKUN-AIR, INC.",2800 E Tamarind Ave Apt C,West Palm Beach,FL,33407-5326,,Warm Air Heating And Air Conditioning Contractor,President,Mr. Jeffrey Berkun,Berkun-Air  Inc,"https://floridaucc.com/search?text=BERKUN-AIR, INC.&searchOptionType=LegacySearch&searchOptionSubOption=FiledAndLapsedActualDebtorNameList&searchCategory=Standard",Search1600.csv,Lapsed,07/27/2005,07/27/2010,03/02/2026,200500278065,0,1,,,,,,,,,,,1,"BERKUN-AIR, INC.","2800 EAST TAMARIND AVENUE, WEST PALM BEACH, FL, 33407",UCC1,1,,07/27/2005
Alex Prol,2800 E Tamarind Ave Apt A,West Palm Beach,FL,33407-5326,5326,ALEX PROL,2800 E Tamarind Ave Apt A,West Palm Beach,FL,33407-5326,,"Cabinets, Kitchen",Owner,Mr. Alex Prol,Alex Prol,,Search1600.csv,No close match,,,,,,,,,,,,,,,,,,,,,,,
Bob Kline Quality Metals  Inc,2511 Division Ave,West Palm Beach,FL,33407-5345,5345,"BOB KLINE QUALITY METALS, INC.",2511 Division Ave,West Palm Beach,FL,33407-5345,C017,"Sheet Metal Specialties, Not Stamped",President,Mr. Robert M Kline,Bob Kline Quality Metals  Inc,"https://floridaucc.com/search?text=BOB KLINE QUALITY METALS, INC.&searchOptionType=LegacySearch&searchOptionSubOption=FiledAndLapsedActualDebtorNameList&searchCategory=Standard",Search1600.csv,Filed,10/24/2024,10/24/2029,03/02/2026,202402809327,0,1,,,,,,,,,,,1,"BOB KLINE QUALITY METALS, INC.","2511 DIVISION AVE, WEST PALM BEACH, FL, 33407",UCC1,1,,10/24/2024
European Ornaments,2616 E Tamarind Ave,West Palm Beach,FL,33407-5347,5347,EUROPEAN ORNAMENTS,2616 E Tamarind Ave,West Palm Beach,FL,33407-5347,C017,"Cast Stone, Concrete",Owner,Manuchar Kharchilava,European Ornaments,https://floridaucc.com/search?text=EUROPEAN ORNAMENTS&searchOptionType=LegacySearch&searchOptionSubOption=FiledAndLapsedActualDebtorNameList&searchCategory=Standard,Search1600.csv,Filed,06/09/2020,06/09/2030,03/02/2026,202002137232,1,1,,,,,,,,,,,1,"EUROPEAN ORNAMENTS, INC","821 27TH STREET, WEST PALM BEACH, FL, 33407",UCC1,1,,06/09/2020
All-Site Construction  Inc,2915 E Tamarind Ave,West Palm Beach,FL,33407-5363,5363,"ALL-SITE CONSTRUCTION, INC",2915 E Tamarind Ave Ste 1,West Palm Beach,FL,33407-5363,C017,Highway And Street Paving Contractor,President,Mr. Ezra Saffold,All-Site Construction  Inc,"https://floridaucc.com/search?text=ALL-SITE CONSTRUCTION, INC&searchOptionType=LegacySearch&searchOptionSubOption=FiledAndLapsedActualDebtorNameList&searchCategory=Standard",Search1600.csv,Lapsed,09/04/2019,09/04/2024,03/02/2026,201909573467,1,1,,,,,,,,,,,1,ALL-SITE CONSTRUCTION INC.,"2915 E. TAMARIND AVE, WEST PALM BEACH, FL, 33407",UCC1,1,,09/04/2019
Racing Engines Valves  Inc,2610 Windsor Ave Ste A,West Palm Beach,FL,33407-5368,5368,"RACING ENGINES VALVES, INC.",2610 Windsor Ave Ste A,West Palm Beach,FL,33407-5368,,Automotive Supplies And Parts,President,Mr. Alfredo Lovera,Racing Engines Valves  Inc,"https://floridaucc.com/search?text=RACING ENGINES VALVES, INC.&searchOptionType=LegacySearch&searchOptionSubOption=FiledAndLapsedActualDebtorNameList&searchCategory=Standard",Search1600.csv,Lapsed,06/19/2000,06/19/2010,03/02/2026,200000140523,2,1,,,,,,,,,,,1,RACING ENGINES VALVES INC,"4704 N E 11TH AVE, FT LAUDERDALE, FL, 33334",UCC1,1,,06/19/2000
Alonso & Associates Inc,421 24th St,West Palm Beach,FL,33407-5401,5401,ALONSO & ASSOCIATES INC.,421 24th St,West Palm Beach,FL,33407-5401,,"Residential Construction, Nec",President,Rene Alonso,Alonso & Associates Inc,https://floridaucc.com/search?text=ALONSO & ASSOCIATES INC.&searchOptionType=LegacySearch&searchOptionSubOption=FiledAndLapsedActualDebtorNameList&searchCategory=Standard,Search1600.csv,Filed,04/25/2019,04/25/2029,03/02/2026,201908476417,1,1,,,,,,,,,,,2,"ALONSO & ASSOCIATES, INC.","421 24 STREET, WEST PALM BEACH, FL, 33407",UCC1,2,,04/25/2019
Robinson Fabrics  Inc,535 24th St,West Palm Beach,FL,33407-5403,5403,"ROBINSON FABRICS, INC",535 24th St,West Palm Beach,FL,33407-5403,C002,Draperies,President,Ms. Melanie Barnum,Robinson Fabrics  Inc,,Search1600.csv,No close match,,,,,,,,,,,,,,,,,,,,,,,
Colome & Associates  Inc,530 24th St,West Palm Beach,FL,33407-5404,5404,"COLOME & ASSOCIATES, INC.",530 24th St,West Palm Beach,FL,33407-5404,C002,Architectural Engineering,President,Ms. Elizabeth Colome,Colome & Associates  Inc,"https://floridaucc.com/search?text=COLOME & ASSOCIATES, INC.&searchOptionType=LegacySearch&searchOptionSubOption=FiledAndLapsedActualDebtorNameList&searchCategory=Standard",Search1600.csv,Filed,05/19/2020,05/19/2030,03/02/2026,202001661140,1,1,,,,,,,,,,,1,"COLOME & ASSOCIATES, INC.","530 24TH STREET, WEST PALM BEACH, FL, 33407",UCC1,1,,05/19/2020
Sunshine Ltd Tape & Label Spc,516 24th St,West Palm Beach,FL,33407-5404,5404,SUNSHINE LTD TAPE AND LABEL SPECIALTIES INC,516 24th St,West Palm Beach,FL,33407-5404,,"Tape, Pressure Sensitive: Made From Purchased Materials",President,Mr. Larry Susauter,Sunshine Ltd Tape & Label Spc,,Search1600.csv,No close match,,,,,,,,,,,,,,,,,,,,,,,
Mark Plating Co,441 25th St,West Palm Beach,FL,33407-5407,5407,MARK PLATING CO.,441 25th St,West Palm Beach,FL,33407-5407,C002,Plating Of Metals Or Formed Products,President,Mr. Kevin Hendrickson,Mark Plating Co,,Search1600.csv,No close match,,,,,,,,,,,,,,,,,,,,,,,
Branch Construction  Inc,417 25th St,West Palm Beach,FL,33407-5407,5407,"BRANCH CONSTRUCTION, INC.",417 25th St,West Palm Beach,FL,33407-5407,,"General Remodeling, Single-Family Houses",President,Mr. Jack Bylsma,Branch Construction  Inc,,Search1600.csv,No close match,,,,,,,,,,,,,,,,,,,,,,,
Wildes Builders  LLC,440 25th St,West Palm Beach,FL,33407-5408,5408,"WILDES BUILDERS, LLC",440 25th St,West Palm Beach,FL,33407-5408,C002,"New Construction, Single-Family Houses",Member,Mr. Jeff Wildes,Wildes Builders  LLC,"https://floridaucc.com/search?text=WILDES BUILDERS, LLC&searchOptionType=LegacySearch&searchOptionSubOption=FiledAndLapsedActualDebtorNameList&searchCategory=Standard",Search1600.csv,Lapsed,06/29/2020,06/29/2025,03/02/2026,202002731932,1,1,,,,,,,,,,,1,WILDES BUILDERS LLC,"440 25TH ST, WEST PALM BEACH, FL, 33407",UCC1,1,,06/29/2020
Abdullah Partners  Inc,509 25th St,West Palm Beach,FL,33407-5409,5409,"ABDULLAH PARTNERS, INC.",509 25th St,West Palm Beach,FL,33407-5409,C002,Beverage Stores,President,Mr. Mohammed K Khan,Abdullah Partners  Inc,"https://floridaucc.com/search?text=ABDULLAH PARTNERS, INC.&searchOptionType=LegacySearch&searchOptionSubOption=FiledAndLapsedActualDebtorNameList&searchCategory=Standard",Search1600.csv,Lapsed,01/14/2000,01/14/2005,03/02/2026,200000014439,2,1,,,,,,,,,,,5,KHAN & KHAN INVESTMENTS INC,"505 25TH ST, WEST PALM BEACH, FL, 33407",UCC1,3,,01/14/2000
Architctural Details Wdwkg Inc,2617 Pinewood Ave,West Palm Beach,FL,33407-5436,5436,"ARCHITECTURAL DETAILS AND WOODWORKING, INC.",2617 Pinewood Ave,West Palm Beach,FL,33407-5436,,Millwork,President,Mr. Christian Hentschl,Architctural Details Wdwkg Inc,,Search1600.csv,No close match,,,,,,,,,,,,,,,,,,,,,,,
Neighborhood Renaissance  Inc,510 24th St Ste A,West Palm Beach,FL,33407-5462,5462,"NEIGHBORHOOD RENAISSANCE, INC.",510 24th St Ste A,West Palm Beach,FL,33407-5462,,Condominium Developers,Executive Director,Ms. Terri Murray,Neighborhood Renaissance  Inc,"https://floridaucc.com/search?text=NEIGHBORHOOD RENAISSANCE, INC.&searchOptionType=LegacySearch&searchOptionSubOption=FiledAndLapsedActualDebtorNameList&searchCategory=Standard",Search1600.csv,Lapsed,09/19/2007,09/19/2012,03/02/2026,200706564969,1,1,,,,,,,,,,,1,"NEIGHBORHOOD RENAISSANCE, INC.","510 24TH ST, STE A, WEST PALM BEACH, FL, 33407",UCC1,1,,09/19/2007
Flagler Inst For Rhblttion Inc,311 Golf Rd Ste 1000,West Palm Beach,FL,33407-5501,5501,"FLAGLER INSTITUTE FOR REHABILITATION, INC.",311 Golf Rd Ste 1000,West Palm Beach,FL,33407-5501,,Physical Therapist,President,Mr. Kevin Kunkel,Flagler Inst For Rhblttion Inc,,Search1600.csv,No close match,,,,,,,,,,,,,,,,,,,,,,,
Air-Ref Co  Inc,2703 Poinsettia Ave,West Palm Beach,FL,33407-5503,5503,"AIR-REF CO., INC.",2703 Poinsettia Ave,West Palm Beach,FL,33407-5503,C002,"Electric Household Appliances, Major",Principal,Mr. Christopher Ryan,Air-Ref Co  Inc,"https://floridaucc.com/search?text=AIR-REF CO., INC.&searchOptionType=LegacySearch&searchOptionSubOption=FiledAndLapsedActualDebtorNameList&searchCategory=Standard",Search1600.csv,Lapsed,01/18/1994,01/18/2004,03/02/2026,940000012294,3,1,,,,,,,,,,,1,AIR-REF CO INC,"1399 SW 30TH AVE, BOYNTON BEACH, FL, 33426",UCC1,2,,01/18/1994
Portofino Cndo Apts Palm Bch I,2600 N Flagler Dr Ofc,West Palm Beach,FL,33407-5515,5515,"PORTOFINO CONDOMINIUM APTS. OF PALM BEACH, INC.",2600 N Flagler Dr Ofc,West Palm Beach,FL,33407-5515,C003,Apartment Building Operators,Manager,Mr. Frank English,Portofino Cndo Apts Palm Bch I,,Search1600.csv,No close match,,,,,,,,,,,,,,,,,,,,,,,
Jackson Aircraft Weighing Svc,2600 N Australian Ave,West Palm Beach,FL,33407-5606,5606,JACKSON AIRCRAFT WEIGHING SERVICE,2600 N Australian Ave Ste B,West Palm Beach,FL,33407-5606,C012,"Airports, Flying Fields, And Services",Owner,Ms. Mary Jackson,Jackson Aircraft Weighing Svc,,Search1600.csv,No close match,,,,,,,,,,,,,,,,,,,,,,,
Interntnal Prtction Invstgtion,2620 N Astrlian Ave Ste 1,West Palm Beach,FL,33407-5624,5624,INTERNATIONAL PROTECTION & INVESTIGATION,2620 N Australian Ave Ste 100d,West Palm Beach,FL,33407-5624,,Security Guard Service,Owner,Mr. Fred Humberstone,Interntnal Prtction Invstgtion,,Search1600.csv,No close match,,,,,,,,,,,,,,,,,,,,,,,
Assocted Gen Cntrs Amer Fla E,2617 N Australian Ave,West Palm Beach,FL,33407-5628,5628,ASSOCIATED GENERAL CONTRACTORS OF AMERICA FLORIDA EAST COAST CHAPTER,2617 N Australian Ave Ste B,West Palm Beach,FL,33407-5628,C012,Professional Organizations,Director,Ms. Michelle Depotter,Assocted Gen Cntrs Amer Fla E,,Search1600.csv,No close match,,,,,,,,,,,,,,,,,,,,,,,
Florida Car Center LLC,1118 25th St Unit 10,West Palm Beach,FL,33407-5629,5629,FLORIDA CAR CENTER LLC,1118 25th St Unit 10,West Palm Beach,FL,33407-5629,,"Automobiles, Used Cars Only",Principal,Mr. Patrick U Andersson,Florida Car Center LLC,https://floridaucc.com/search?text=FLORIDA CAR CENTER LLC&searchOptionType=LegacySearch&searchOptionSubOption=FiledAndLapsedActualDebtorNameList&searchCategory=Standard,Search1600.csv,Lapsed,12/04/2009,12/04/2014,03/02/2026,200901622727,0,1,,,,,,,,,,,1,FLORIDA CAR CENTER LLC,"1118 25TH ST BAYS #10, WEST PALM BEACH, FL, 33407",UCC1,1,,12/04/2009
University Prprtory Acdmy-Palm,2101 N Australian Ave,West Palm Beach,FL,33407-5630,5630,"UNIVERSITY PREPARATORY ACADEMY-PALM BEACH, INC.",2101 N Australian Ave,West Palm Beach,FL,33407-5630,,Preparatory School,Board Of Directors,Mr. Anthony Polazzi,University Prprtory Acdmy-Palm,,Search1600.csv,No close match,,,,,,,,,,,,,,,,,,,,,,,
Sp Azalea Place LP,2100 N Australian Ave,West Palm Beach,FL,33407-5695,5695,AZALEA SP PLACE LP,2100 N Australian Ave,West Palm Beach,FL,33407-5695,,Apartment Building Operators,Partner,J D Page,Sp Azalea Place LP,https://floridaucc.com/search?text=AZALEA SP PLACE LP&searchOptionType=LegacySearch&searchOptionSubOption=FiledAndLapsedActualDebtorNameList&searchCategory=Standard,Search1600.csv,Lapsed,12/27/2007,12/27/2012,03/02/2026,200707322039,0,1,,,,,,,,,,,1,SP AZALEA PLACE LP,"C/O SOUTHPORT FINANCIAL SERVICES INC, 2430 ESTANCIA BLVD STE 101, CLEARWATER, FL, 33761",UCC1,6,,12/27/2007
Palm Beach Tours and Trnsp,800 23rd St,West Palm Beach,FL,33407-5742,5742,PALM BEACH TOURS AND TRANSPORTATION,800 23rd St,West Palm Beach,FL,33407-5742,C017,"Limousine Rental, With Driver",President,Mr. John Critchett,Palm Beach Tours and Trnsp,,Search1600.csv,No close match,,,,,,,,,,,,,,,,,,,,,,,
Mollys Trolleys Inc,800 23rd St,West Palm Beach,FL,33407-5742,5742,MOLLY'S TROLLEY'S INC,800 23rd St,West Palm Beach,FL,33407-5742,,Local Bus Charter Service,Chief Executive Officer,Ms. Molly Stahlman,Mollys Trolleys Inc,,Search1600.csv,No close match,,,,,,,,,,,,,,,,,,,,,,,
Relish,401 Northwood Rd,West Palm Beach,FL,33407-5815,5815,RELISH,401 Northwood Rd,West Palm Beach,FL,33407-5815,,Hamburger Stand,Owner,Ms. Desiree Tobin,Relish,https://floridaucc.com/search?text=RELISH&searchOptionType=LegacySearch&searchOptionSubOption=FiledAndLapsedActualDebtorNameList&searchCategory=Standard,Search1600.csv,Lapsed,08/01/2011,08/01/2016,03/02/2026,201105064245,1,1,,,,,,,,,,,2,"RELISH, INC.","401 NORTHWOOD ROAD, WEST PALM BEACH, FL, 33407",UCC1,3,,08/01/2011
Wanderer Bracelets LLC,415 Northwood Rd,West Palm Beach,FL,33407-5815,5815,WANDERER BRACELETS LLC,415 Northwood Rd,West Palm Beach,FL,33407-5815,,Costume Jewelry,Member,Mr. Benjamin W Katzaman,Wanderer Bracelets LLC,https://floridaucc.com/search?text=WANDERER BRACELETS LLC&searchOptionType=LegacySearch&searchOptionSubOption=FiledAndLapsedActualDebtorNameList&searchCategory=Standard,Search1600.csv,Lapsed,09/22/2016,09/22/2021,03/02/2026,201608936374,0,1,,,,,,,,,,,2,WANDERER BRACELETS LLC,"511 NORTHWOOD RD, WEST PALM BEACH, FL, 33407",UCC1,1,,09/22/2016
All About Details,512 Northwood Rd,West Palm Beach,FL,33407-5818,5818,ALL ABOUT DETAILS,512 Northwood Rd,West Palm Beach,FL,33407-5818,C002,Hotels And Motels,Principal,Ms. Muriel Valette-Rogir,All About Details,,Search1600.csv,No close match,,,,,,,,,,,,,,,,,,,,,,,
Dialysis Assoc Of The Palm Bch,2611 Poinsettia Ave,West Palm Beach,FL,33407-5919,5919,DIALYSIS ASSOCIATES OF THE PALM BEACHES INC,2611 Poinsettia Ave,West Palm Beach,FL,33407-5919,,Kidney Dialysis Centers,President,Mr. Kent Berry,Dialysis Assoc Of The Palm Bch,,Search1600.csv,No close match,,,,,,,,,,,,,,,,,,,,,,,
Holyfield & Thomas  LLC,125 Butler St,West Palm Beach,FL,33407-6105,6105,"HOLYFIELD & THOMAS, LLC",125 Butler St,West Palm Beach,FL,33407-6105,C003,Certified Public Accountant,Managing Member,Mr. David J Thomas,Holyfield & Thomas  LLC,"https://floridaucc.com/search?text=HOLYFIELD & THOMAS, LLC&searchOptionType=LegacySearch&searchOptionSubOption=FiledAndLapsedActualDebtorNameList&searchCategory=Standard",Search1600.csv,Lapsed,03/15/2001,03/15/2006,03/02/2026,200100057443,0,1,,,,,,,,,,,1,HOLYFIELD & THOMAS LLC,"1601 FORUM PLACE, SUITE 801, WEST PALM BEACH, FL, 33401",UCC1,12,,03/15/2001
Interctive Stllite Ntworks Inc,1011 Adams St,West Palm Beach,FL,33407-6206,6206,"INTERACTIVE SATELLITE NETWORKS, INC.",1011 Adams St,West Palm Beach,FL,33407-6206,,"Satellites, Communications",President,Mr. John H Page,Interctive Stllite Ntworks Inc,,Search1600.csv,No close match,,,,,,,,,,,,,,,,,,,,,,,
Rba Property Holdings  LLC,1023 State St,West Palm Beach,FL,33407-6227,6227,"RBA PROPERTY HOLDINGS, LLC",1023 State St,West Palm Beach,FL,33407-6227,C017,"Holding Companies, Nec",Principal,Gal Z Schwartz,Rba Property Holdings  LLC,,Search1600.csv,No close match,,,,,,,,,,,,,,,,,,,,,,,
Gold Coast Linen Services  LLC,1811 N Dixie Hwy,West Palm Beach,FL,33407-6505,6505,"GOLD COAST LINEN SERVICES, LLC",1811 N Dixie Hwy,West Palm Beach,FL,33407-6505,,Linen Supply,Member,Ms. Karen Luneburg,Gold Coast Linen Services  LLC,,Search1600.csv,No close match,,,,,,,,,,,,,,,,,,,,,,,
Pamela H Murdock  Inc,1617 North Flagler Dr,West Palm Beach,FL,33407-6537,6537,"PAMELA H. MURDOCK, INC.",1617 N Flagler Dr,West Palm Beach,FL,33407-6537,,Vacation Lodges,Chief Executive Officer,Ms. Pamela H Murdock,Pamela H Murdock  Inc,,Search1600.csv,No close match,,,,,,,,,,,,,,,,,,,,,,,
Flagler Pointe,1801 N Flagler Dr Apt 537,West Palm Beach,FL,33407-6566,6566,FLAGLER POINTE,1801 N Flagler Dr Apt 537,West Palm Beach,FL,33407-6566,,Real Estate Agents And Managers,President,Thodore Sofia,Flagler Pointe,https://floridaucc.com/search?text=FLAGLER POINTE&searchOptionType=LegacySearch&searchOptionSubOption=FiledAndLapsedActualDebtorNameList&searchCategory=Standard,Search1600.csv,Lapsed,11/12/2015,11/12/2020,03/02/2026,201505697520,1,1,,,,,,,,,,,1,"FLAGLER POINTE CONDOMINIUM ASSOCIATION OF WPB, INC.","1801 NORTH FLAGLER DRIVE, WEST PALM BEACH, FL, 33407",UCC1,3,,11/12/2015
Cfb Consulting Services LLC,1804 N Dixie Hwy Ste A,West Palm Beach,FL,33407-6570,6570,CFB CONSULTING SERVICES LLC,1804 N Dixie Hwy Ste A,West Palm Beach,FL,33407-6570,C002,"Business Consulting, Nec",Chief Executive Officer,Chantelle B Davis,Cfb Consulting Services LLC,,Search1600.csv,No close match,,,,,,,,,,,,,,,,,,,,,,,
Ad Therapy Inc,1804 N Dixie Hwy Ste B,West Palm Beach,FL,33407-6570,6570,AD THERAPY INC,1804 N Dixie Hwy Ste B,West Palm Beach,FL,33407-6570,C002,Advertising Consultant,President,Ms. Valerie N Staggs,Ad Therapy Inc,https://floridaucc.com/search?text=AD THERAPY INC&searchOptionType=LegacySearch&searchOptionSubOption=FiledAndLapsedActualDebtorNameList&searchCategory=Standard,Search1600.csv,Filed,04/13/2024,04/13/2029,03/02/2026,202400989077,0,1,,,,,,,,,,,1,"AD THERAPY, INC.","1804 N DIXIE HWY STE B, WEST PALM BEACH, FL, 33407",UCC1,2,,04/13/2024
Tisma Trucking Company LLC,4001 40th Way,West Palm Beach,FL,33407-6813,6813,TISMA TRUCKING COMPANY LLC,4001 40th Way,West Palm Beach,FL,33407-6813,,"Local Trucking, Without Storage",Manager,Guerchony S Tisma,Tisma Trucking Company LLC,https://floridaucc.com/search?text=TISMA TRUCKING COMPANY LLC&searchOptionType=LegacySearch&searchOptionSubOption=FiledAndLapsedActualDebtorNameList&searchCategory=Standard,Search1600.csv,Lapsed,05/08/2013,05/08/2018,03/02/2026,201308983504,1,1,,,,,,,,,,,1,TISMA TRUCKING COMPANY LLC,"1028 A GREEN PINE BLVD, WEST PALM BEACH, FL, 33409-7033",UCC1,1,,05/08/2013
B E Pressure Supply Inc,5483 Leaper Dr,West Palm Beach,FL,33407-7000,7000,B E PRESSURE SUPPLY INC,5483 Leaper Dr,West Palm Beach,FL,33407-7000,,"Blast Cleaning Equipment, Dustless",Member,Mr. John Pankow,B E Pressure Supply Inc,,Search1600.csv,No close match,,,,,,,,,,,,,,,,,,,,,,,
Be Power Equipment USA  Inc,5483 Leeper Dr,West Palm Beach,FL,33407-7000,7000,"BE POWER EQUIPMENT USA, INC.",5483 Leaper Dr,West Palm Beach,FL,33407-7000,,"Cleaning Equipment, High Pressure, Sand Or Steam",President,Mr. Curtis Braber,Be Power Equipment USA  Inc,,Search1600.csv,No close match,,,,,,,,,,,,,,,,,,,,,,,
Brians Carpet & Coml Flrg Inc,5401 N Haverhill Rd,West Palm Beach,FL,33407-7005,7005,"BRIAN'S CARPET & COMMERCIAL FLOORING, INC.",5401 N Haverhill Rd,West Palm Beach,FL,33407-7005,H001,Carpets,President,Ms. Patricia Blash,Brians Carpet & Coml Flrg Inc,,Search1600.csv,No close match,,,,,,,,,,,,,,,,,,,,,,,
I-Pop  Inc,5401 N Haverhill Rd,West Palm Beach,FL,33407-7005,7005,"I-POP, INC.",5401 N Haverhill Rd,West Palm Beach,FL,33407-7005,H001,Assembly Hall Furniture,Chief Executive Officer,Ms. Devorah Leo,I-Pop  Inc,,Search1600.csv,No close match,,,,,,,,,,,,,,,,,,,,,,,
Retail Solution Center  Inc,5401 N Hvrhill Rd Unit 10,West Palm Beach,FL,33407-7005,7005,"RETAIL SOLUTION CENTER, INC.",5401 N Haverhill Rd Unit 106,West Palm Beach,FL,33407-7005,,Display Advertising Service,Chairman Of The Board,Ms. Deborah Leo,Retail Solution Center  Inc,"https://floridaucc.com/search?text=RETAIL SOLUTION CENTER, INC.&searchOptionType=LegacySearch&searchOptionSubOption=FiledAndLapsedActualDebtorNameList&searchCategory=Standard",Search1600.csv,Lapsed,08/11/2020,08/11/2025,03/02/2026,202004031717,0,1,,,,,,,,,,,1,"RETAIL SOLUTION CENTER, INC.","475 N CLEARY ROAD, UNIT 4, WEST PALM BEACH, FL, 33413",UCC1,1,,08/11/2020
Zumo Imports LLC,5401 N Hvrhill Rd Unit 10,West Palm Beach,FL,33407-7005,7005,ZUMO IMPORTS LLC,5401 N Haverhill Rd Unit 108,West Palm Beach,FL,33407-7005,,Dried Or Canned Foods,Member,Mr. Bryon Parker,Zumo Imports LLC,,Search1600.csv,No close match,,,,,,,,,,,,,,,,,,,,,,,
Hyatt AC & Rfrgn Inc,5401 N Haverhill Rd,West Palm Beach,FL,33407-7005,7005,"HYATT AIR CONDITIONING AND REFRIGERATION, INC.",5401 N Haverhill Rd Unit 115,West Palm Beach,FL,33407-7005,H001,Warm Air Heating And Air Conditioning Contractor,President,Ms. Lisa Hyatt,Hyatt AC & Rfrgn Inc,,Search1600.csv,No close match,,,,,,,,,,,,,,,,,,,,,,,
Florida Coastal Windows LLC,5401 N Haverhill Rd,West Palm Beach,FL,33407-7005,7005,FLORIDA COASTAL WINDOWS LLC,5401 N Haverhill Rd,West Palm Beach,FL,33407-7005,H001,Windows,Principal,Mr. Henry O Cepeda,Florida Coastal Windows LLC,https://floridaucc.com/search?text=FLORIDA COASTAL WINDOWS LLC&searchOptionType=LegacySearch&searchOptionSubOption=FiledAndLapsedActualDebtorNameList&searchCategory=Standard,Search1600.csv,Lapsed,12/14/2020,12/14/2025,03/02/2026,202005605008,0,1,,,,,,,,,,,2,"BELLA SUIZA, LLC","83 GENEVA DRIVE, #622423, OVIEDO, FL, 32765",UCC1,1,,12/14/2020
Professional Pool & Patio,5401 N Hvrhill Rd Unit 10,West Palm Beach,FL,33407-7005,7005,"PROFESSIONAL POOL & PATIO, INC",5401 N Haverhill Rd Unit 104,West Palm Beach,FL,33407-7005,,"Swimming Pools, Hot Tubs, And Sauna Equipment And Supplies",Owner,Ms. Claudia Macdonald,Professional Pool & Patio,"https://floridaucc.com/search?text=PROFESSIONAL POOL & PATIO, INC&searchOptionType=LegacySearch&searchOptionSubOption=FiledAndLapsedActualDebtorNameList&searchCategory=Standard",Search1600.csv,Lapsed,10/15/2019,10/15/2024,03/02/2026,201909908000,0,1,,,,,,,,,,,1,"PROFESSIONAL POOL & PATIO, INC","5401B HAVERHILL RD #104, WEST PALM BEACH, FL, 33407",UCC1,1,,10/15/2019
Millennium Vending,5401 N Hvrhill Rd Unit 12,West Palm Beach,FL,33407-7006,7006,MILLENNIUM VENDING,5401 N Haverhill Rd Unit 120,West Palm Beach,FL,33407-7006,,Fresh Fruits And Vegetables,Owner,Demartino Carl,Millennium Vending,https://floridaucc.com/search?text=MILLENNIUM VENDING&searchOptionType=LegacySearch&searchOptionSubOption=FiledAndLapsedActualDebtorNameList&searchCategory=Standard,Search1600.csv,Lapsed,01/30/2002,01/30/2007,03/02/2026,200200235050,1,1,,,,,,,,,,,1,MILLENNIUM VENDING CORPORATION,"3953 VERSAILLES DR., TAMPA, FL, 33634",UCC1,2,,01/30/2002
Classic Window & Glass Inc,5403 N Haverhill Rd,West Palm Beach,FL,33407-7007,7007,CLASSIC WINDOW & GLASS INC.,5403 N Haverhill Rd Unit 227,West Palm Beach,FL,33407-7007,H001,Mirrors,President,Mr. Michael E Grogan,Classic Window & Glass Inc,https://floridaucc.com/search?text=CLASSIC WINDOW & GLASS INC.&searchOptionType=LegacySearch&searchOptionSubOption=FiledAndLapsedActualDebtorNameList&searchCategory=Standard,Search1600.csv,Filed,09/30/2021,09/30/2026,03/02/2026,202108632125,0,1,,,,,,,,,,,1,CLASSIC WINDOW & GLASS INC.,"5403 N HAVERHILL RD. #227, WEST PALM BEACH, FL, 33407",UCC1,1,,09/30/2021
Classical Insights LLC,5407 N Hvrhill Rd Unit 33,West Palm Beach,FL,33407-7008,7008,CLASSICAL INSIGHTS LLC,5407 N Haverhill Rd Unit 336,West Palm Beach,FL,33407-7008,,Health Foods,Member,Mr. Bryon Parker,Classical Insights LLC,https://floridaucc.com/search?text=CLASSICAL INSIGHTS LLC&searchOptionType=LegacySearch&searchOptionSubOption=FiledAndLapsedActualDebtorNameList&searchCategory=Standard,Search1600.csv,Filed,03/11/2014,03/11/2029,03/02/2026,20140090576X,2,1,,,,,,,,,,,1,CLASSICAL INSIGHTS LLC,"5407 N. HAVERHILL ROAD, SUITE 336, WEST PALM BEACH, FL, 33407",UCC1,1,,03/11/2014
Southampton Restoration  Inc,5555 Village Blvd,West Palm Beach,FL,33407-7910,7910,"SOUTHAMPTON RESTORATION, INC.",5555 Village Blvd,West Palm Beach,FL,33407-7910,C019,"General Remodeling, Single-Family Houses",President,Mr. Larry Palumbo,Southampton Restoration  Inc,,Search1600.csv,No close match,,,,,,,,,,,,,,,,,,,,,,,
Wallace Surveying Corporation,5553 Village Blvd,West Palm Beach,FL,33407-7910,7910,WALLACE SURVEYING CORPORATION,5553 Village Blvd,West Palm Beach,FL,33407-7910,,Surveying Services,President,Mr. Craig Wallace,Wallace Surveying Corporation,https://floridaucc.com/search?text=WALLACE SURVEYING CORPORATION&searchOptionType=LegacySearch&searchOptionSubOption=FiledAndLapsedActualDebtorNameList&searchCategory=Standard,Search1600.csv,Lapsed,04/13/1998,04/13/2003,03/02/2026,980000079458,1,1,,,,,,,,,,,1,WALLACE SURVEYING CORPORATION,"901 NORTHPOINTE PARKWAY STE 117, WEST PALM BEACH, FL, 33407",UCC1,1,,04/13/1998
Shield Exterminating  Inc,P O Box 14164,North Palm Beach,FL,33408,,"SHIELD EXTERMINATING, INC.",320 W 10th St,Riviera Beach,FL,33404-7514,,Pest Control In Structures,President,Mr. James R Hassell,Shield Exterminating  Inc,,Search1600.csv,No close match,,,,,,,,,,,,,,,,,,,,,,,
National Alnce For Eting Dsrde,P O Box 13155,North Palm Beach,FL,33408,,"NATIONAL ALLIANCE FOR EATING DISORDERS, INC.",4400 N Congress Ave Ste 100,West Palm Beach,FL,33407-3221,,Advocacy Group,Chief Executive Officer,Ms. Johanna Kandel,National Alnce For Eting Dsrde,,Search1600.csv,No close match,,,,,,,,,,,,,,,,,,,,,,,
Roofman  Inc,P O Box 13148,North Palm Beach,FL,33408-7148,7148,"ROOFMAN, INC.",911 W 15th St,Riviera Beach,FL,33404-6719,,Roofing Contractor,President,Mr. Peter Dzenutis,Roofman  Inc,"https://floridaucc.com/search?text=ROOFMAN, INC.&searchOptionType=LegacySearch&searchOptionSubOption=FiledAndLapsedActualDebtorNameList&searchCategory=Standard",Search1600.csv,Lapsed,11/09/1998,11/09/2003,03/02/2026,980000250474,0,1,,,,,,,,,,,3,ROOFMAN INC,"911 W 15TH STREET, RIVIERA BEACH, FL, 33404",UCC1,2,,11/09/1998
National Cnstr Clrs Group LLC,931 Vllage Blvd Ste 905-5,West Palm Beach,FL,33409-1803,1803,NATIONAL CONSTRUCTION CLEANERS GROUP LLC,931 Village Blvd Ste 905-528,West Palm Beach,FL,33409-1803,,Cleaning New Buildings After Construction,,Mr. John Radford,National Cnstr Clrs Group LLC,,Search1600.csv,No close match,,,,,,,,,,,,,,,,,,,,,,,
C2c Intrnational Solutions LLC,931 Vllage Blvd Ste 905-5,West Palm Beach,FL,33409-1803,1803,C2C INTERNATIONAL SOLUTIONS LLC,931 Village Blvd Ste 905-509,West Palm Beach,FL,33409-1803,,Management Consulting Services,Managing Member,Mr. David Barbera,C2c Intrnational Solutions LLC,,Search1600.csv,No close match,,,,,,,,,,,,,,,,,,,,,,,
Mayi Construction Inc,931 Vllage Blvd Ste 905-4,West Palm Beach,FL,33409-1803,1803,MAYI CONSTRUCTION INC.,931 Village Blvd Ste 905-440,West Palm Beach,FL,33409-1803,,"Industrial Buildings, New Construction, Nec",President,Yamara Urbina,Mayi Construction Inc,,Search1600.csv,No close match,,,,,,,,,,,,,,,,,,,,,,,
Wetter Enterprises  Inc,931 Village Blvd Ste #905,West Palm Beach,FL,33409-1804,1804,"WETTER ENTERPRISES, INC.",931 Village Blvd Ste 905,West Palm Beach,FL,33409-1804,,Flooring Contractor,President,Mr. Richard Wetter,Wetter Enterprises  Inc,,Search1600.csv,No close match,,,,,,,,,,,,,,,,,,,,,,,
Twin Communications  LLC,931 Villiage Blvd Ste 905,West Palm Beach,FL,33409-1804,1804,"TWIN COMMUNICATIONS, LLC",931 Village Blvd Ste 905,West Palm Beach,FL,33409-1804,,Telephone And Communication Line Construction,Member,Mr. Don C Morris,Twin Communications  LLC,"https://floridaucc.com/search?text=TWIN COMMUNICATIONS, LLC&searchOptionType=LegacySearch&searchOptionSubOption=FiledAndLapsedActualDebtorNameList&searchCategory=Standard",Search1600.csv,Lapsed,08/18/2014,08/18/2019,03/02/2026,201402035215,0,1,,,,,,,,,,,5,"TWIN COMMUNICATIONS, LLC","931 VILLAGE BOULEVARD STE 905-208, WEST PALM BEACH, FL, 33409",UCC1,4,,08/18/2014
Go Solar Power LLC,580 Village Blvd,West Palm Beach,FL,33409-1904,1904,GO SOLAR POWER LLC,580 Village Blvd,West Palm Beach,FL,33409-1904,,Solar Energy Contractor,President,Mr. Thomas Montoya,Go Solar Power LLC,https://floridaucc.com/search?text=GO SOLAR POWER LLC&searchOptionType=LegacySearch&searchOptionSubOption=FiledAndLapsedActualDebtorNameList&searchCategory=Standard,Search1600.csv,Filed,04/29/2021,04/29/2026,03/02/2026,202106930303,1,1,,,,,,,,,,,1,GO SOLAR POWER LLC,"933 CLINT MOORE ROAD, BOCA RATON, FL, 33487",UCC1,1,,04/29/2021
Broward Palm Bches St Lcie Rlt,1 Harvard Cir Ste 102,West Palm Beach,FL,33409-1905,1905,"BROWARD, PALM BEACHES AND ST. LUCIE REALTORS, INC.",1 Harvard Cir Ste 102,West Palm Beach,FL,33409-1905,,Trade Associations,Chief Executive Officer,Dionna Hall,Broward Palm Bches St Lcie Rlt,,Search1600.csv,No close match,,,,,,,,,,,,,,,,,,,,,,,
Herizon  Inc,1 Harvard Cir,West Palm Beach,FL,33409-1905,1905,"HERIZON, INC.",1 Harvard Cir Ste 100,West Palm Beach,FL,33409-1905,,Civic And Social Associations,Principal,Silverman Hope,Herizon  Inc,,Search1600.csv,No close match,,,,,,,,,,,,,,,,,,,,,,,
Pizzazz Hair Design,771 Village Blvd Ste 208,West Palm Beach,FL,33409-1934,1934,PIZZAZZ HAIR DESIGN,771 Village Blvd Ste 208,West Palm Beach,FL,33409-1934,,Hairdressers,President,Mr. Dennis Marquez,Pizzazz Hair Design,https://floridaucc.com/search?text=PIZZAZZ HAIR DESIGN&searchOptionType=LegacySearch&searchOptionSubOption=FiledAndLapsedActualDebtorNameList&searchCategory=Standard,Search1600.csv,Lapsed,08/11/2005,08/11/2020,03/02/2026,200500416417,3,1,,,,,,,,,,,1,PIZZAZZ HAIR DESIGN,"771 VILLAGE BOULEVARD, SUITE 208, WEST PALM BEACH, FL, 33409",UCC1,1,,08/11/2005
Village Vapor Company,931 Village Blvd Ste 908,West Palm Beach,FL,33409-1939,1939,THE VILLAGE VAPOR COMPANY,931 Village Blvd Ste 908,West Palm Beach,FL,33409-1939,C074,Vapor Smoking Devices,Principal,Mr. Alan Litroff,Village Vapor Company,,Search1600.csv,No close match,,,,,,,,,,,,,,,,,,,,,,,
Brandy Marinas  Inc,560 Village Blvd,West Palm Beach,FL,33409-1945,1945,"BRANDY MARINAS, INC.",560 Village Blvd,West Palm Beach,FL,33409-1945,,Marinas,President,Mr. Dan Eaffaldano,Brandy Marinas  Inc,,Search1600.csv,No close match,,,,,,,,,,,,,,,,,,,,,,,
Tenet Physicians Services,901 Village Blvd Ste 702,West Palm Beach,FL,33409-1947,1947,TENET PHYSICIANS SERVICES,901 Village Blvd Ste 702,West Palm Beach,FL,33409-1947,,Neurologist,Administrator,Ms. Joyce Lucas,Tenet Physicians Services,https://floridaucc.com/search?text=TENET PHYSICIANS SERVICES&searchOptionType=LegacySearch&searchOptionSubOption=FiledAndLapsedActualDebtorNameList&searchCategory=Standard,Search1600.csv,Lapsed,08/06/1999,08/06/2004,03/02/2026,990000179405,0,1,,,,,,,,,,,1,TENET PHYSICIAN SERVICES,"1555 EAST OAKLAND PARK BLVD., FT. LAUDERDALE, FL, 33334",UCC1,1,,08/06/1999
Dfl Palm Beach  Inc,400 Columbia Dr Ste 110,West Palm Beach,FL,33409-1948,1948,"DFL PALM BEACH, INC.",400 Columbia Dr Ste 110,West Palm Beach,FL,33409-1948,,Landscape Architects,President,Ms. Karen F Bentz,Dfl Palm Beach  Inc,,Search1600.csv,No close match,,,,,,,,,,,,,,,,,,,,,,,
Divine Bllock Mrtin Sllari Pro,580 Village Blvd Ste 110,West Palm Beach,FL,33409-1951,1951,"DIVINE, BLALOCK, MARTIN & SELLARI, PROFESSIONAL ASSOCIATION",580 Village Blvd Ste 110,West Palm Beach,FL,33409-1951,C071,Certified Public Accountant,Director,Mr. Michael G Martin,Divine Bllock Mrtin Sllari Pro,,Search1600.csv,No close match,,,,,,,,,,,,,,,,,,,,,,,
David L Liporace Do,580 Village Blvd Ste 210,West Palm Beach,FL,33409-1952,1952,DAVID L LIPORACE DO,580 Village Blvd Ste 210,West Palm Beach,FL,33409-1952,C071,Internal Medicine Practitioners,Owner,Mr. David L Liporace,David L Liporace Do,https://floridaucc.com/search?text=DAVID L LIPORACE DO&searchOptionType=LegacySearch&searchOptionSubOption=FiledAndLapsedActualDebtorNameList&searchCategory=Standard,Search1600.csv,Lapsed,12/31/1997,12/31/2002,03/02/2026,970000291781,1,1,,,,,,,,,,,1,DAVID L LIPORACE DO PA,"580 VILLAGE BLVD #210, WEST PALM BEACH, FL, 33409",UCC1,2,,12/31/1997
Smith Vanture and Bogani LLP,580 Village Blvd Ste 200,West Palm Beach,FL,33409-1952,1952,SMITH VANTURE AND BOGANI LLP,580 Village Blvd Ste 200,West Palm Beach,FL,33409-1952,C071,"General Practice Attorney, Lawyer",Partner,Mr. Brian W Smith,Smith Vanture and Bogani LLP,,Search1600.csv,No close match,,,,,,,,,,,,,,,,,,,,,,,
MD Home Health  LLC,580 Village Blvd Ste 315,West Palm Beach,FL,33409-1953,1953,"M.D. HOME HEALTH, LLC",580 Village Blvd Ste 315,West Palm Beach,FL,33409-1953,,Home Health Care Services,Managing Member,Mr. Mario D Dickerson,MD Home Health  LLC,,Search1600.csv,No close match,,,,,,,,,,,,,,,,,,,,,,,
Rhino Research Industries  LLC,580 Vlg Blvd Ste 330,West Palm Beach,FL,33409-1953,1953,"RHINO RESEARCH INDUSTRIES, LLC",580 Village Blvd Ste 330,West Palm Beach,FL,33409-1953,,"Pallets, Plastics",Member,Mr. Judd Ettinger,Rhino Research Industries  LLC,,Search1600.csv,No close match,,,,,,,,,,,,,,,,,,,,,,,
Duffys Of Villages  Inc,721 Village Blvd Ste 107,West Palm Beach,FL,33409-1955,1955,"DUFFY'S OF THE VILLAGES, INC.",721 Village Blvd Ste 107,West Palm Beach,FL,33409-1955,,Grills (eating Places),President,Mr. Paul Emmett,Duffys Of Villages  Inc,,Search1600.csv,No close match,,,,,,,,,,,,,,,,,,,,,,,
Trident Title  LLC,580 Village Blvd #225,West Palm Beach,FL,33409-1957,1957,"TRIDENT TITLE, LLC",580 Village Blvd Ste 225,West Palm Beach,FL,33409-1957,,Title And Trust Companies,Managing Member,Mr. Paul A Krasker,Trident Title  LLC,"https://floridaucc.com/search?text=TRIDENT TITLE, LLC&searchOptionType=LegacySearch&searchOptionSubOption=FiledAndLapsedActualDebtorNameList&searchCategory=Standard",Search1600.csv,Lapsed,03/18/2015,03/18/2020,03/02/2026,201503292558,0,1,,,,,,,,,,,1,"TRIDENT TITLE, LLC","7975 NW 154TH ST STE 220, HIALEAH, FL, 33016-5849",UCC1,1,,03/18/2015
Magic Jack Vocaltec LLC,560 Village Blvd Ste 120,West Palm Beach,FL,33409-1963,1963,MAGIC JACK VOCALTEC LLC,560 Village Blvd Ste 120,West Palm Beach,FL,33409-1963,,Internet Connectivity Services,Chief Financial Officer,Mr. Jose Gordo,Magic Jack Vocaltec LLC,,Search1600.csv,No close match,,,,,,,,,,,,,,,,,,,,,,,
Institute For Wns Hlth & Bdy,560 Village Blvd Ste 315,West Palm Beach,FL,33409-1967,1967,"INSTITUTE FOR WOMENS HEALTH & BODY, INC",560 Village Blvd Ste 315,West Palm Beach,FL,33409-1967,C071,Gynecologist,President,Mr. Seth J Herbst,Institute For Wns Hlth & Bdy,,Search1600.csv,No close match,,,,,,,,,,,,,,,,,,,,,,,
Advanced Womens Health Care,603 Village Blvd Ste 201,West Palm Beach,FL,33409-1972,1972,ADVANCED WOMEN'S HEALTH CARE,603 Village Blvd Ste 201,West Palm Beach,FL,33409-1972,,Gynecologist,President,Mr. Ronald T Ackerman,Advanced Womens Health Care,https://floridaucc.com/search?text=ADVANCED WOMEN'S HEALTH CARE&searchOptionType=LegacySearch&searchOptionSubOption=FiledAndLapsedActualDebtorNameList&searchCategory=Standard,Search1600.csv,Lapsed,08/27/2001,08/27/2006,03/02/2026,200100185669,1,1,,,,,,,,,,,2,ACKERMAN & PLISKON M D PA,"603 VILLAGE BLVD STE 201, WEST PALM BEACH, FL, 33409",UCC1,1,,08/27/2001
Tittle  Kairalla & Logan  Pl,360 Columbia Dr Ste 100,West Palm Beach,FL,33409-1976,1976,"TITTLE, KAIRALLA & LOGAN, P.L.",360 Columbia Dr Ste 100,West Palm Beach,FL,33409-1976,C074,"General Practice Attorney, Lawyer",Principal,Jd Tittle,Tittle  Kairalla & Logan  Pl,,Search1600.csv,No close match,,,,,,,,,,,,,,,,,,,,,,,
Sommers Everhart & Kohler PA,380 Columbia Dr Ste 111,West Palm Beach,FL,33409-1977,1977,"SOMMERS, EVERHART & KOHLER, P.A.",380 Columbia Dr Ste 111,West Palm Beach,FL,33409-1977,C074,Certified Public Accountant,President,Mr. James Everhart,Sommers Everhart & Kohler PA,,Search1600.csv,No close match,,,,,,,,,,,,,,,,,,,,,,,
Jack Fhillips Design Inc,4 Harvard Cir Ste 200,West Palm Beach,FL,33409-1978,1978,JACK FHILLIPS DESIGN INC.,4 Harvard Cir Ste 200,West Palm Beach,FL,33409-1978,C074,Interior Designer,President,Mr. Jack Fhillips,Jack Fhillips Design Inc,https://floridaucc.com/search?text=JACK FHILLIPS DESIGN INC.&searchOptionType=LegacySearch&searchOptionSubOption=FiledAndLapsedActualDebtorNameList&searchCategory=Standard,Search1600.csv,Lapsed,10/15/1998,10/15/2008,03/02/2026,980000230797,2,1,,,,,,,,,,,2,JACK FHILLIPS DESIGN INC,"4501 GEORGIA AVE, WEST PALM BEACH, FL, 33405",UCC1,1,,10/15/1998
Digital Vibez  Inc,5 Harvard Cir,West Palm Beach,FL,33409-1979,1979,"DIGITAL VIBEZ, INC.",5 Harvard Cir,West Palm Beach,FL,33409-1979,,Charitable Organization,Executive Director,Mr. Wilford Romelus,Digital Vibez  Inc,"https://floridaucc.com/search?text=DIGITAL VIBEZ, INC.&searchOptionType=LegacySearch&searchOptionSubOption=FiledAndLapsedActualDebtorNameList&searchCategory=Standard",Search1600.csv,Filed,06/27/2020,06/27/2030,03/02/2026,202002540819,1,1,,,,,,,,,,,1,"DIGITAL VIBEZ, INC","2635 OLD OKEECHOBEE ROAD, WEST PALM BEACH, FL, 33409",UCC1,1,,06/27/2020
In Horizon Title Services,5 Harvard Cir Ste 100,West Palm Beach,FL,33409-1979,1979,IN HORIZON TITLE SERVICES,5 Harvard Cir Ste 100,West Palm Beach,FL,33409-1979,C074,Title And Trust Companies,Principal,Mr. Chuck Bolz,In Horizon Title Services,,Search1600.csv,No close match,,,,,,,,,,,,,,,,,,,,,,,
Kenair  Inc,2 Harvard Circle Ste 400,West Palm Beach,FL,33409-1980,1980,"KENAIR, INC.",2 Harvard Cir Ste 400,West Palm Beach,FL,33409-1980,,Air Taxis,President,Mr. Robert Kenna,Kenair  Inc,"https://floridaucc.com/search?text=KENAIR, INC.&searchOptionType=LegacySearch&searchOptionSubOption=FiledAndLapsedActualDebtorNameList&searchCategory=Standard",Search1600.csv,Lapsed,04/10/2008,04/10/2013,03/02/2026,200808059716,0,1,,,,,,,,,,,1,KENAIR INC,"2335 LORENA LANE, CLEARWATER, FL, 33765",UCC1,1,,04/10/2008
Wittmann Building Corporation,2 Harvard Cir Ste 300,West Palm Beach,FL,33409-1980,1980,WITTMANN BUILDING CORPORATION,2 Harvard Cir Ste 300,West Palm Beach,FL,33409-1980,C074,"New Construction, Single-Family Houses",President,Mr. Paul Wittmann,Wittmann Building Corporation,https://floridaucc.com/search?text=WITTMANN BUILDING CORPORATION&searchOptionType=LegacySearch&searchOptionSubOption=FiledAndLapsedActualDebtorNameList&searchCategory=Standard,Search1600.csv,Lapsed,11/15/1999,11/15/2004,03/02/2026,990000258656,0,1,,,,,,,,,,,2,GW PARTNERSHIP,"4262 NORTHLAKE BLVD, STE 109, PALM BEACH GARDENS, FL, 33410",UCC1,3,,11/15/1999
Roberts Reynolds & Bedard P A,470 Columbia Dr Ste C101,West Palm Beach,FL,33409-1983,1983,ROBERTS REYNOLDS & BEDARD P A,470 Columbia Dr Ste C101,West Palm Beach,FL,33409-1983,C074,"General Practice Attorney, Lawyer",Partner,Mr. George Roberts,Roberts Reynolds & Bedard P A,https://floridaucc.com/search?text=ROBERTS REYNOLDS & BEDARD P A&searchOptionType=LegacySearch&searchOptionSubOption=FiledAndLapsedActualDebtorNameList&searchCategory=Standard,Search1600.csv,Lapsed,12/04/2003,12/04/2008,03/02/2026,200305600972,0,1,,,,,,,,,,,1,ROBERTS REYNOLDS & BEDARD PA,"470 COLUMBIA DR, STE 101C, WEST PALM BEACH, FL, 33409",UCC1,1,,12/04/2003
Palm Beach Dermatology Inc,470 Columbia Dr Ste 102a,West Palm Beach,FL,33409-1983,1983,PALM BEACH DERMATOLOGY INC,470 Columbia Dr Ste A102,West Palm Beach,FL,33409-1983,,Dermatologist,President,Mr. Steven Rosenberg,Palm Beach Dermatology Inc,,Search1600.csv,No close match,,,,,,,,,,,,,,,,,,,,,,,
Law Office Scott Glassman PA,420 Columbia Dr Ste 110,West Palm Beach,FL,33409-1986,1986,"LAW OFFICE OF SCOTT GLASSMAN, P.A.",420 Columbia Dr,West Palm Beach,FL,33409-1986,C074,"General Practice Attorney, Lawyer",President,Mr. Scott D Glassman,Law Office Scott Glassman PA,,Search1600.csv,No close match,,,,,,,,,,,,,,,,,,,,,,,
Freeman Injury Law,4 Harvard Cir Ste 600,West Palm Beach,FL,33409-1989,1989,FREEMAN INJURY LAW,4 Harvard Cir Ste 600,West Palm Beach,FL,33409-1989,C074,General Practice Law Office,Manager,Mr. Dean Freeman,Freeman Injury Law,,Search1600.csv,No close match,,,,,,,,,,,,,,,,,,,,,,,
Marshall R Jones Inc,470 Columbia Dr Ste E100,West Palm Beach,FL,33409-1996,1996,MARSHALL R JONES INC,470 Columbia Dr Ste E100,West Palm Beach,FL,33409-1996,,"Insurance Agents, Nec",President,R M Jones,Marshall R Jones Inc,,Search1600.csv,No close match,,,,,,,,,,,,,,,,,,,,,,,
Florida Cnfrnce Of Untd Mthdst,900 Brandywine Rd,West Palm Beach,FL,33409-2003,2003,FLORIDA CONFERENCE OF UNITED METHODIST INC,900 Brandywine Rd,West Palm Beach,FL,33409-2003,C074,Methodist Church,Pastor,Mr. Kent Crow,Florida Cnfrnce Of Untd Mthdst,,Search1600.csv,No close match,,,,,,,,,,,,,,,,,,,,,,,
Lawrence Group Architects Inc,950 Bear Island Cir,West Palm Beach,FL,33409-2060,2060,THE LAWRENCE GROUP ARCHITECTS INC,950 Bear Island Cir,West Palm Beach,FL,33409-2060,,Architectural Engineering,President,Mr. Eugene Lawrence,Lawrence Group Architects Inc,,Search1600.csv,No close match,,,,,,,,,,,,,,,,,,,,,,,
Dynamic Painting  Inc,1743 Village Blvd Apt 204,West Palm Beach,FL,33409-2069,2069,"DYNAMIC PAINTING, INC.",1743 Village Blvd Apt 204,West Palm Beach,FL,33409-2069,,Residential Painting,President,Jupiter Nascimento,Dynamic Painting  Inc,,Search1600.csv,No close match,,,,,,,,,,,,,,,,,,,,,,,
Na Colon  Inc,1749 Village Blvd Apt 205,West Palm Beach,FL,33409-2070,2070,COLON NA INC,1749 Village Blvd Apt 205,West Palm Beach,FL,33409-2070,,National Commercial Banks,Principal,Ms. Nancy M Colon,Na Colon  Inc,,Search1600.csv,No close match,,,,,,,,,,,,,,,,,,,,,,,
Total Building Needs  Inc,1202 Avondale Ln,West Palm Beach,FL,33409-2075,2075,"TOTAL BUILDING NEEDS, INC.",1202 Avondale Ln,West Palm Beach,FL,33409-2075,C074,"Brokers, Business: Buying And Selling Business Enterprises",President,Mr. Roy Dan,Total Building Needs  Inc,"https://floridaucc.com/search?text=TOTAL BUILDING NEEDS, INC.&searchOptionType=LegacySearch&searchOptionSubOption=FiledAndLapsedActualDebtorNameList&searchCategory=Standard",Search1600.csv,Filed,07/24/2020,07/24/2030,03/02/2026,202003624870,1,1,,,,,,,,,,,1,"TOTAL BUILDING NEEDS, INC","801 NORTHPOINT PARKWAY SUITE 33, WEST PALM BEACH, FL, 33407",UCC1,1,,07/24/2020
Oxtails Corp,2835 N Military Trl Ste A,West Palm Beach,FL,33409-2625,2625,OXTAILS CORP.,2835 N Military Trl Ste A,West Palm Beach,FL,33409-2625,C019,"Meat Markets, Including Freezer Provisioners",President,Mr. Jerold Kritchman,Oxtails Corp,https://floridaucc.com/search?text=OXTAILS CORP.&searchOptionType=LegacySearch&searchOptionSubOption=FiledAndLapsedActualDebtorNameList&searchCategory=Standard,Search1600.csv,Lapsed,08/23/1999,08/23/2004,03/02/2026,990000192603,0,2,,,,,,,,,,,1,OXTAILS CORP,"18164 LAUREL LEAF LANE, TEQUESTA, FL, 33469",UCC1,4,,08/23/1999
Sterling Vllges Of Palm Bch Lk,1100 Village Blvd,West Palm Beach,FL,33409-2713,2713,THE STERLING VILLAGES OF PALM BEACH LAKES CONDOMINIUM ASSOCIATION INC,1100 Village Blvd,West Palm Beach,FL,33409-2713,,Condominium Association,President,Mr. Charles M Andrews,Sterling Vllges Of Palm Bch Lk,,Search1600.csv,No close match,,,,,,,,,,,,,,,,,,,,,,,
Azalea Village  LLC,4200 Community Dr,West Palm Beach,FL,33409-2742,2742,"AZALEA VILLAGE, LLC",4200 Community Dr,West Palm Beach,FL,33409-2742,C019,Apartment Building Operators,Managing Member,Ms. Dawn Watson,Azalea Village  LLC,"https://floridaucc.com/search?text=AZALEA VILLAGE, LLC&searchOptionType=LegacySearch&searchOptionSubOption=FiledAndLapsedActualDebtorNameList&searchCategory=Standard",Search1600.csv,Lapsed,09/01/2009,09/01/2024,03/02/2026,200901131200,4,1,,,,,,,,,,,1,"AZALEA VILLAGE, LLC","C/O AZALEA VILLAGE MANAGERS, INC., 2200 E. 4TH AVENUE, HIALEAH, FL, 33010",UCC1,8,,09/01/2009
Business Rsdntial Cmpt Systems,2215 N Mlitary Trl Ste B1,West Palm Beach,FL,33409-2901,2901,"BUSINESS AND RESIDENTIAL COMPUTER SYSTEMS, INC.",2215 N Military Trl Ste B1,West Palm Beach,FL,33409-2901,,Computer Peripheral Equipment,President,Mr. Russ Devoe,Business Rsdntial Cmpt Systems,,Search1600.csv,No close match,,,,,,,,,,,,,,,,,,,,,,,
Graphics Designer  Inc,2353 N Military Trl C,West Palm Beach,FL,33409-2904,2904,"GRAPHICS DESIGNER, INC.",2353 N Military Trl # C,West Palm Beach,FL,33409-2904,C019,Signs And Advertising Specialties,President,Mr. Lino Defeo,Graphics Designer  Inc,"https://floridaucc.com/search?text=GRAPHICS DESIGNER, INC.&searchOptionType=LegacySearch&searchOptionSubOption=FiledAndLapsedActualDebtorNameList&searchCategory=Standard",Search1600.csv,Lapsed,10/25/1995,10/25/2005,03/02/2026,950000214585,1,1,,,,,,,,,,,2,GRAPHICS DESIGNER INC,"1369 N MILITARY TRL, WEST PALM BEACH, FL, 33409",UCC1,2,,10/25/1995
Reifco  Inc,2465 N Military Trl,West Palm Beach,FL,33409-2906,2906,"REIFCO, INC.",2465 N Military Trl,West Palm Beach,FL,33409-2906,C019,General Automotive Repair Shops,President,Mr. Edward Jenkins,Reifco  Inc,"https://floridaucc.com/search?text=REIFCO, INC.&searchOptionType=LegacySearch&searchOptionSubOption=FiledAndLapsedActualDebtorNameList&searchCategory=Standard",Search1600.csv,Lapsed,02/27/1992,02/27/1997,03/02/2026,920000039440,0,1,,,,,,,,,,,2,TRIAL TIRE CO,"2465 N MILITARY TRL, WEST PALM BEACH, FL",UCC1,1,,02/27/1992
A-1 Wheel & Tire LLC,2525 N Military Trl,West Palm Beach,FL,33409-2908,2908,A-1 WHEEL & TIRE LLC,2525 N Military Trl,West Palm Beach,FL,33409-2908,C019,Automotive Tires,President,Mr. Richard Brown,A-1 Wheel & Tire LLC,,Search1600.csv,No close match,,,,,,,,,,,,,,,,,,,,,,,
Health Management Ventures Inc,2215 N Military Trl Ste O,West Palm Beach,FL,33409-2909,2909,"HEALTH MANAGEMENT VENTURES, INC.",2215 N Military Trl Ste O,West Palm Beach,FL,33409-2909,,Business Management,Principal,Ms. Jennifer Townsend,Health Management Ventures Inc,,Search1600.csv,No close match,,,,,,,,,,,,,,,,,,,,,,,
Sa1 Marketing Firm LLC,2695 N Mltary Trl Ste 22,West Palm Beach,FL,33409-2946,2946,SA1 MARKETING FIRM LLC,2695 N Military Trl Ste 22 Pmb 1029,West Palm Beach,FL,33409-2946,,Marketing Consulting Services,Managing Member,Mr. Sam F Auguste,Sa1 Marketing Firm LLC,,Search1600.csv,No close match,,,,,,,,,,,,,,,,,,,,,,,
Hope Health & Wellness  Inc,2845 N Military Trl,West Palm Beach,FL,33409-2954,2954,"HOPE HEALTH & WELLNESS, INC.",2845 N Military Trl Ste C31,West Palm Beach,FL,33409-2954,,Offices And Clinics Of Chiropractors,President,Mr. Andrew P Hope,Hope Health & Wellness  Inc,"https://floridaucc.com/search?text=HOPE HEALTH & WELLNESS, INC.&searchOptionType=LegacySearch&searchOptionSubOption=FiledAndLapsedActualDebtorNameList&searchCategory=Standard",Search1600.csv,Filed,06/24/2021,06/24/2031,03/02/2026,202107518774,1,1,,,,,,,,,,,1,"HOPE HEALTH & WELLNESS, INC","655 N MILITARY TRL, WEST PALM BCH, FL, 33415",UCC1,1,,06/24/2021
October Corporation,2845 N Military Trl,West Palm Beach,FL,33409-2955,2955,OCTOBER CORPORATION,2845 N Military Trl Ste A11,West Palm Beach,FL,33409-2955,C019,Chinese Restaurant,President,Mr. Dominic Wong,October Corporation,https://floridaucc.com/search?text=OCTOBER CORPORATION&searchOptionType=LegacySearch&searchOptionSubOption=FiledAndLapsedActualDebtorNameList&searchCategory=Standard,Search1600.csv,Lapsed,10/02/1998,10/02/2003,03/02/2026,980000220696,1,1,,,,,,,,,,,2,OCTOBER CORPORATION,"2845 N MILITARY TR, WEST PALM BEACH, FL, 33408",UCC1,3,,10/02/1998
East Coast Tire Biz  Inc,2360 N Mlitary Rd Ste 101,West Palm Beach,FL,33409-2956,2956,"EAST COAST TIRE BIZ, INC.",2360 N Military Trl Ste 101,West Palm Beach,FL,33409-2956,,Automotive Tires,President,Mr. Douglas E Walters,East Coast Tire Biz  Inc,,Search1600.csv,No close match,,,,,,,,,,,,,,,,,,,,,,,
Eddingers Pest Control  Inc,2215 N Military Trl,West Palm Beach,FL,33409-2972,2972,"EDDINGER'S PEST CONTROL, INC.",2215 N Military Trl,West Palm Beach,FL,33409-2972,,Pest Control In Structures,President,Mr. William F Eddinger,Eddingers Pest Control  Inc,,Search1600.csv,No close match,,,,,,,,,,,,,,,,,,,,,,,
Americas Choice Florida  Inc,2215 N Military Trl,West Palm Beach,FL,33409-2972,2972,"AMERICA'S CHOICE OF FLORIDA, INC.",2215 N Military Trl Ste 100,West Palm Beach,FL,33409-2972,C019,"Real Estate Agent, Residential",President,Mr. Douglas Rill,Americas Choice Florida  Inc,"https://floridaucc.com/search?text=AMERICA'S CHOICE OF FLORIDA, INC.&searchOptionType=LegacySearch&searchOptionSubOption=FiledAndLapsedActualDebtorNameList&searchCategory=Standard",Search1600.csv,Filed,07/10/2019,07/10/2029,03/02/2026,201909096871,1,1,,,,,,,,,,,1,AMERICAS CHOICE OF FLORIDA INC,"2215 NORTH MILITARY TRAIL #100, WEST PALM BEACH, FL, 33409",UCC1,1,,07/10/2019
Ahepa 18  Inc,4370 Community Dr,West Palm Beach,FL,33409-2975,2975,"AHEPA 18, INC.",4370 Community Dr,West Palm Beach,FL,33409-2975,,Retirement Hotel Operation,President,Mr. Stephen Pavlakos,Ahepa 18  Inc,"https://floridaucc.com/search?text=AHEPA 18, INC.&searchOptionType=LegacySearch&searchOptionSubOption=FiledAndLapsedActualDebtorNameList&searchCategory=Standard",Search1600.csv,Lapsed,06/30/1997,06/30/2002,03/02/2026,970000142679,0,1,,,,,,,,,,,1,AHEPA 18 INC,"301 CLEMATIS ST STE 200, WEST PALM BEACH, FL, 33401",UCC1,8,,06/30/1997
Okeechobee Donuts  Inc,4440 Okeechobee Blvd,West Palm Beach,FL,33409-3108,3108,"OKEECHOBEE DONUTS, INC.",4440 Okeechobee Blvd,West Palm Beach,FL,33409-3108,C052,Doughnuts,President,Mr. Manuel Andrade,Okeechobee Donuts  Inc,"https://floridaucc.com/search?text=OKEECHOBEE DONUTS, INC.&searchOptionType=LegacySearch&searchOptionSubOption=FiledAndLapsedActualDebtorNameList&searchCategory=Standard",Search1600.csv,Lapsed,06/06/1996,06/06/2001,03/02/2026,960000116071,0,1,,,,,,,,,,,1,OKEECHOBEE DONUTS INC,"4440 OKEECHOBEE BLVD, WEST PALM BCH, FL",UCC1,2,,06/06/1996
W P B Hospitality  LLC,2154 Zip Code Pl,West Palm Beach,FL,33409-3126,3126,"W P B HOSPITALITY, LLC",2154 Zip Code Pl,West Palm Beach,FL,33409-3126,,Cabaret,Managing Member,Mr. Bradford Keiller,W P B Hospitality  LLC,,Search1600.csv,No close match,,,,,,,,,,,,,,,,,,,,,,,
Gator Guns & Archery Ctr Inc,2154 Zip Code Pl Ste 7,West Palm Beach,FL,33409-3126,3126,"GATOR GUNS & ARCHERY CENTER, INC.",2154 Zip Code Pl Ste 7,West Palm Beach,FL,33409-3126,C052,Firearms,Director,Mr. Joseph B Stephens,Gator Guns & Archery Ctr Inc,"https://floridaucc.com/search?text=GATOR GUNS & ARCHERY CENTER, INC.&searchOptionType=LegacySearch&searchOptionSubOption=FiledAndLapsedActualDebtorNameList&searchCategory=Standard",Search1600.csv,Lapsed,09/08/2010,09/08/2015,03/02/2026,201003169617,0,1,,,,,,,,,,,1,"GATOR GUNS & ARCHERY CENTER, INC.","2154 ZIP CODE PLACE #7, WEST PALM BEACH, FL, 33409",UCC1,1,,09/08/2010
Tint Matrix Inc,2088 N Military Trl Ste C,West Palm Beach,FL,33409-3127,3127,TINT MATRIX INC.,2088 N Military Trl Ste C,West Palm Beach,FL,33409-3127,,"Glass Tinting, Architectural Or Automotive",President,Mr. Stephen D Smith,Tint Matrix Inc,https://floridaucc.com/search?text=TINT MATRIX INC.&searchOptionType=LegacySearch&searchOptionSubOption=FiledAndLapsedActualDebtorNameList&searchCategory=Standard,Search1600.csv,Lapsed,07/20/2011,07/20/2016,03/02/2026,201104986297,0,1,,,,,,,,,,,2,TINT MATRIX INC.,"2088 NORTH MILITARY TRAIL, WEST PALM BEACH, FL, 33409",UCC1,1,,07/20/2011
Strictly Doors  Inc,4365 Okeechobee Blvd,West Palm Beach,FL,33409-3129,3129,"STRICTLY DOORS, INC.",4365 Okeechobee Blvd Ste B4,West Palm Beach,FL,33409-3129,C052,"Garage Door, Installation Or Erection",President,Mr. Anthony Graziano,Strictly Doors  Inc,"https://floridaucc.com/search?text=STRICTLY DOORS, INC.&searchOptionType=LegacySearch&searchOptionSubOption=FiledAndLapsedActualDebtorNameList&searchCategory=Standard",Search1600.csv,Lapsed,12/18/1995,12/18/2000,03/02/2026,950000252281,0,1,,,,,,,,,,,1,STRICTLY DOORS INC,"4361 OKEECHOBEE BLVD, W PALM BEACH, FL, 33409",UCC1,1,,12/18/1995
Cat5 Technologies  Inc,4353 Okchobee Blvd Ste D1,West Palm Beach,FL,33409-3142,3142,"CAT5 TECHNOLOGIES, INC.",4353 Okeechobee Blvd Ste D1,West Palm Beach,FL,33409-3142,,Alarm And Safety Equipment Stores,Chief Executive Officer,Varel Dixon,Cat5 Technologies  Inc,"https://floridaucc.com/search?text=CAT5 TECHNOLOGIES, INC.&searchOptionType=LegacySearch&searchOptionSubOption=FiledAndLapsedActualDebtorNameList&searchCategory=Standard",Search1600.csv,Filed,06/14/2020,06/14/2030,03/02/2026,20200227549X,1,1,,,,,,,,,,,1,CAT5 TECHNOLOGIES INC,"4353 OKEECHOBEE BLVD STE D1, WEST PALM BEACH, FL, 33409",UCC1,1,,06/14/2020
Marino Performance  Inc,4190 Okeechobee Blvd,West Palm Beach,FL,33409-3204,3204,"MARINO PERFORMANCE, INC.",4190 Okeechobee Blvd,West Palm Beach,FL,33409-3204,C052,"Automobiles, New And Used",Principal,Mr. Gregory W Marino,Marino Performance  Inc,"https://floridaucc.com/search?text=MARINO PERFORMANCE, INC.&searchOptionType=LegacySearch&searchOptionSubOption=FiledAndLapsedActualDebtorNameList&searchCategory=Standard",Search1600.csv,Filed,08/31/2011,08/31/2026,03/02/2026,201105233063,4,1,,,,,,,,,,,1,"MARINO PERFORMANCE, INC.","5403 N. HAVERHILL RD. #231-232, WEST PALM BEACH, FL, 33407",UCC1,1,,08/31/2011
Friends Of Fster Chldren Palm,4100 Okeechobee Blvd,West Palm Beach,FL,33409-3204,3204,"FRIENDS OF FOSTER CHILDREN OF PALM BEACH COUNTY, INC.",4100 Okeechobee Blvd,West Palm Beach,FL,33409-3204,C052,Charitable Organization,Principal,Ms. Amy Newbold,Friends Of Fster Chldren Palm,,Search1600.csv,No close match,,,,,,,,,,,,,,,,,,,,,,,
Foster Adptive Prent Assn Palm,4100 Okeechobee Blvd,West Palm Beach,FL,33409-3204,3204,FOSTER & ADOPTIVE PARENT ASSN OF PALM BEACH COUNTY,4100 Okeechobee Blvd,West Palm Beach,FL,33409-3204,,"Membership Organizations, Nec",Principal,Ms. Beverly Marinaro,Foster Adptive Prent Assn Palm,,Search1600.csv,No close match,,,,,,,,,,,,,,,,,,,,,,,
Marks Gas Systems and Repair,2101 Scott Ave # B,West Palm Beach,FL,33409-3209,3209,MARK'S GAS SYSTEMS AND REPAIR INC,2101 Scott Ave # B,West Palm Beach,FL,33409-3209,,Propane Conversion Equipment,President,Mr. Mark Thompson,Marks Gas Systems and Repair,,Search1600.csv,No close match,,,,,,,,,,,,,,,,,,,,,,,
Direct Fresh Marketing  Inc,2045 Spafford Ave,West Palm Beach,FL,33409-3213,3213,"DIRECT FRESH MARKETING, INC.",2045 Spafford Ave,West Palm Beach,FL,33409-3213,C052,Fruit And Vegetable Markets,President,Mr. Sean P Ruddy,Direct Fresh Marketing  Inc,"https://floridaucc.com/search?text=DIRECT FRESH MARKETING, INC.&searchOptionType=LegacySearch&searchOptionSubOption=FiledAndLapsedActualDebtorNameList&searchCategory=Standard",Search1600.csv,Lapsed,06/05/2020,06/05/2025,03/02/2026,202002049511,0,1,,,,,,,,,,,1,DIRECT FRESH MARKETING INC,"2045 SPAFFORD AVE, WEST PALM BCH, FL, 33409",UCC1,1,,06/05/2020
Direct Fresh Whl & Export Inc,2045 Spafford Ave,West Palm Beach,FL,33409-3213,3213,"DIRECT FRESH WHOLESALE & EXPORT, INC.",2045 Spafford Ave,West Palm Beach,FL,33409-3213,,"Dairy Products, Except Dried Or Canned",President,Royman Domingo-Garcia,Direct Fresh Whl & Export Inc,"https://floridaucc.com/search?text=DIRECT FRESH WHOLESALE & EXPORT, INC.&searchOptionType=LegacySearch&searchOptionSubOption=FiledAndLapsedActualDebtorNameList&searchCategory=Standard",Search1600.csv,Filed,08/22/2023,08/22/2028,03/02/2026,202302303740,1,1,,,,,,,,,,,1,DIRECT FRESH WHOLESALE & EXPORT INC,"2045 SPAFFORD AVE, WEST PALM BEACH, FL, 33409",UCC1,2,,08/22/2023
Xpert Elevator Services  Inc,2113 Spafford Ave,West Palm Beach,FL,33409-3215,3215,"XPERT ELEVATOR SERVICES, INC.",2113 Spafford Ave,West Palm Beach,FL,33409-3215,C052,"Elevators: Inspection, Service, And Repair",Chief Executive Officer,Mr. Dean A Beckemeyer,Xpert Elevator Services  Inc,"https://floridaucc.com/search?text=XPERT ELEVATOR SERVICES, INC.&searchOptionType=LegacySearch&searchOptionSubOption=FiledAndLapsedActualDebtorNameList&searchCategory=Standard",Search1600.csv,Filed,10/01/2012,10/01/2027,03/02/2026,201207617464,2,1,,,,,,,,,,,1,"XPERT ELEVATOR SERVICES, INC.","550 BUSINESS PARK WAY STE 8, ROYAL PALM BEACH, FL, 33411",UCC1,1,,10/01/2012
Speedy Rooter,2196 Spafford Ave,West Palm Beach,FL,33409-3216,3216,SPEEDY ROOTER,2196 Spafford Ave,West Palm Beach,FL,33409-3216,C052,Tool Repair Services,Owner,Mr. Juan Lopez,Speedy Rooter,https://floridaucc.com/search?text=SPEEDY ROOTER&searchOptionType=LegacySearch&searchOptionSubOption=FiledAndLapsedActualDebtorNameList&searchCategory=Standard,Search1600.csv,Lapsed,01/07/2000,01/07/2005,03/02/2026,200000005693,1,1,,,,,,,,,,,2,SPEEDY ROOTER INC,"239 TALL PINES RD, WEST PALM BEACH, FL, 33406",UCC1,1,,01/07/2000
Dyess Interiors Inc,2061 Indian Rd,West Palm Beach,FL,33409-3219,3219,DYESS INTERIORS INC,2061 Indian Rd,West Palm Beach,FL,33409-3219,,Interior Designer,President,Mr. Gerald F Dyess,Dyess Interiors Inc,https://floridaucc.com/search?text=DYESS INTERIORS INC&searchOptionType=LegacySearch&searchOptionSubOption=FiledAndLapsedActualDebtorNameList&searchCategory=Standard,Search1600.csv,Lapsed,03/10/2006,03/10/2011,03/02/2026,200602083298,0,1,,,,,,,,,,,1,DYESS INTERIORS INC,"2061 INDIAN ROAD, WEST PALM BEACH, FL, 33409",UCC1,1,,03/10/2006
Cothern Marketing  Inc,4275 Okeechobee Blvd,West Palm Beach,FL,33409-3232,3232,"COTHERN MARKETING, INC.",4275 Okeechobee Blvd Ste H,West Palm Beach,FL,33409-3232,C052,Marketing Consulting Services,President,Mr. Alvin Cothern,Cothern Marketing  Inc,"https://floridaucc.com/search?text=COTHERN MARKETING, INC.&searchOptionType=LegacySearch&searchOptionSubOption=FiledAndLapsedActualDebtorNameList&searchCategory=Standard",Search1600.csv,Filed,05/30/2025,05/30/2030,03/02/2026,202501625593,0,1,,,,,,,,,,,2,COTHERN MARKETING INC,"4275 OKEECHOBEE BLVD, SUITE H, WEST PALM BEACH, FL, 33409",UCC1,2,,05/30/2025
60 Mintes Photo Dvlping Ctr In,4275 Okeechobee Blvd,West Palm Beach,FL,33409-3232,3232,"60 MINUTES PHOTO DEVELOPING CENTER, INC.",4275 Okeechobee Blvd,West Palm Beach,FL,33409-3232,C052,Photofinishing Laboratory,President,Mr. James R Hutchings,60 Mintes Photo Dvlping Ctr In,,Search1600.csv,No close match,,,,,,,,,,,,,,,,,,,,,,,
All-Most Family  Inc,4047 Okeechobee Blvd,West Palm Beach,FL,33409-3236,3236,"ALL-MOST FAMILY, INC",4047 Okeechobee Blvd Ste 124,West Palm Beach,FL,33409-3236,C071,Home Health Care Services,President,Carmen Johnson,All-Most Family  Inc,,Search1600.csv,No close match,,,,,,,,,,,,,,,,,,,,,,,
European Cabinets & Design LLC,4047 Okchbee Blvd Ste 109,West Palm Beach,FL,33409-3236,3236,EUROPEAN CABINETS & DESIGN LLC,4047 Okeechobee Blvd Ste 109,West Palm Beach,FL,33409-3236,,Design Services,Managing Member,Mr. Steven Cropper,European Cabinets & Design LLC,https://floridaucc.com/search?text=EUROPEAN CABINETS & DESIGN LLC&searchOptionType=LegacySearch&searchOptionSubOption=FiledAndLapsedActualDebtorNameList&searchCategory=Standard,Search1600.csv,Lapsed,04/04/2008,04/04/2018,03/02/2026,200808019811,2,1,,,,,,,,,,,1,"EUROPEAN CABINETS & DESIGN, LLC","4047 OKEECHOBEE BLVD, WEST PALM BEACH, FL, 33409",UCC1,1,,04/04/2008
Tree Of Life Center,4047 Okeechobee Blvd,West Palm Beach,FL,33409-3237,3237,THE TREE OF LIFE CENTER,4047 Okeechobee Blvd Ste 223,West Palm Beach,FL,33409-3237,,"Rehabilitation Center, Outpatient Treatment",Principal,Mr. Gerald Smith,Tree Of Life Center,https://floridaucc.com/search?text=THE TREE OF LIFE CENTER&searchOptionType=LegacySearch&searchOptionSubOption=FiledAndLapsedActualDebtorNameList&searchCategory=Standard,Search1600.csv,Filed,07/12/2020,07/12/2030,03/02/2026,202003356906,1,1,,,,,,,,,,,1,TREE OF LIFE CHRISTIAN CENTER INC,"56TH COMMERCE PARK BLVD    STE 5618, TAMPA, FL, 33610",UCC1,1,,07/12/2020
Striker Soccer Supply  Inc,4047 Okeechobee Blvd,West Palm Beach,FL,33409-3238,3238,"STRIKER SOCCER SUPPLY, INC.",4047 Okeechobee Blvd Ste 302,West Palm Beach,FL,33409-3238,C071,Soccer Supplies,President,Mr. Anthony Destefano,Striker Soccer Supply  Inc,"https://floridaucc.com/search?text=STRIKER SOCCER SUPPLY, INC.&searchOptionType=LegacySearch&searchOptionSubOption=FiledAndLapsedActualDebtorNameList&searchCategory=Standard",Search1600.csv,Filed,05/02/2016,05/02/2026,03/02/2026,201607482868,2,1,,,,,,,,,,,1,STRIKER SOCCER SUPPLY INC,"1949 N. MILITARY TRAIL, WEST PALM BEACH, FL, 33409",UCC1,1,,05/02/2016
B & P Supply Inc,2059 Scott Ave,West Palm Beach,FL,33409-3280,3280,B & P SUPPLY INC,2059 Scott Ave,West Palm Beach,FL,33409-3280,,"Body Repair Or Paint Shop Supplies, Automotive",President,Mr. Willard J Vander Werf,B & P Supply Inc,https://floridaucc.com/search?text=B & P SUPPLY INC&searchOptionType=LegacySearch&searchOptionSubOption=FiledAndLapsedActualDebtorNameList&searchCategory=Standard,Search1600.csv,Lapsed,04/07/1992,04/07/1997,03/02/2026,920000069539,0,1,,,,,,,,,,,1,B & P SUPPLY INC,"2059 SCOTT AVE, WEST PALM BEACH, FL, 33409",UCC1,2,,04/07/1992
World Fndtion Mlti Cltral Trni,2300 Palm Bch Lkes Blvd S,West Palm Beach,FL,33409-3303,3303,"WORLD FOUNDATION MULTI CULTURAL TRAINING CENTER, INC.",2300 Palm Beach Lakes Blvd Ste 2002c,West Palm Beach,FL,33409-3303,,Community Center,President,Jean Francois,World Fndtion Mlti Cltral Trni,,Search1600.csv,No close match,,,,,,,,,,,,,,,,,,,,,,,
Executive Cntre Palm Bches LLC,2300 Palm Bch Lakes Blvd,West Palm Beach,FL,33409-3303,3303,EXECUTIVE CENTRE OF PALM BEACHES LLC,2300 Palm Beach Lakes Blvd,West Palm Beach,FL,33409-3303,,Commercial And Industrial Building Operation,Member,Mr. Richard Allgayer,Executive Cntre Palm Bches LLC,,Search1600.csv,No close match,,,,,,,,,,,,,,,,,,,,,,,
Primetime Global Logistics Inc,2300 Palm Bch Lakes Blvd,West Palm Beach,FL,33409-3303,3303,"PRIMETIME GLOBAL LOGISTICS, INC.",2300 Palm Beach Lakes Blvd,West Palm Beach,FL,33409-3303,,Freight Transportation Arrangement,Chief Executive Officer,Mr. Robert Williams,Primetime Global Logistics Inc,"https://floridaucc.com/search?text=PRIMETIME GLOBAL LOGISTICS, INC.&searchOptionType=LegacySearch&searchOptionSubOption=FiledAndLapsedActualDebtorNameList&searchCategory=Standard",Search1600.csv,Filed,08/11/2020,08/11/2030,03/02/2026,20200403242X,1,1,,,,,,,,,,,1,PRIMETIME GLOBAL LOGISTICS INC,"1405 BRIAR OAK DR, ROYAL PALM BEACH, FL, 33411",UCC1,1,,08/11/2020
B & B Medical  Inc,2277 Palm Bch Lakes Blvd,West Palm Beach,FL,33409-3401,3401,"B & B MEDICAL, INC.",2277 Palm Beach Lakes Blvd,West Palm Beach,FL,33409-3401,C053,Market Analysis Or Research,President,Mr. David Scott,B & B Medical  Inc,"https://floridaucc.com/search?text=B & B MEDICAL, INC.&searchOptionType=LegacySearch&searchOptionSubOption=FiledAndLapsedActualDebtorNameList&searchCategory=Standard",Search1600.csv,Lapsed,04/23/1998,04/23/2003,03/02/2026,980000088475,1,1,,,,,,,,,,,2,B & B MEDICAL INC,"1897 PALM BEACH LAKES BLVD STE 120, WEST PALM BCH, FL, 33409",UCC1,2,,04/23/1998
Wholesale Furn Direct Of S Fla,2223 Palm Bch Lakes Blvd,West Palm Beach,FL,33409-3401,3401,"WHOLESALE FURNITURE DIRECT OF SOUTH FLORIDA, INC",2223 Palm Beach Lakes Blvd,West Palm Beach,FL,33409-3401,,Living Room Furniture: Upholstered On Wood Frames,President,Mr. Michael Marcellino,Wholesale Furn Direct Of S Fla,,Search1600.csv,No close match,,,,,,,,,,,,,,,,,,,,,,,
Park Ave Brbcue Grill W Palm B,2215 Palm Bch Lakes Blvd,West Palm Beach,FL,33409-3401,3401,PARK AVENUE BARBECUE & GRILL OF WEST PALM BEACH LLC,2215 Palm Beach Lakes Blvd,West Palm Beach,FL,33409-3401,,Barbecue Restaurant,President,Mr. Jerome Veerapen,Park Ave Brbcue Grill W Palm B,,Search1600.csv,No close match,,,,,,,,,,,,,,,,,,,,,,,
S and G Associates,2216 Palm Bch Lakes Blvd,West Palm Beach,FL,33409-3402,3402,S AND G ASSOCIATES,2216 Palm Beach Lakes Blvd,West Palm Beach,FL,33409-3402,,"Animal Hospital Services, Pets And Other Animal Specialties",President,Mr. Bill Sharpe,S and G Associates,,Search1600.csv,No close match,,,,,,,,,,,,,,,,,,,,,,,
Jose G Rodriguez  PA,2240 Palm Bch Lkes Blvd S,West Palm Beach,FL,33409-3404,3404,"JOSE G. RODRIGUEZ, P.A.",2240 Palm Beach Lakes Blvd Ste 200,West Palm Beach,FL,33409-3404,,General Practice Law Office,President,Mr. Jose G Rodriguez,Jose G Rodriguez  PA,"https://floridaucc.com/search?text=JOSE G. RODRIGUEZ, P.A.&searchOptionType=LegacySearch&searchOptionSubOption=FiledAndLapsedActualDebtorNameList&searchCategory=Standard",Search1600.csv,Lapsed,06/15/1995,06/15/2000,03/02/2026,950000120139,0,1,,,,,,,,,,,1,JOSE G RODRIGUEZ PA,"2240 PALM BEACH LAKES #200, WEST PALM BCH, FL, 33409",UCC1,1,,06/15/1995
Shapiro Family Dentistry  PA,2247 Palm Bch Lkes Blvd S,West Palm Beach,FL,33409-3408,3408,"SHAPIRO FAMILY DENTISTRY, P.A.",2247 Palm Beach Lakes Blvd Ste 104,West Palm Beach,FL,33409-3408,,Dentists' Office,President,Dari Shapiro,Shapiro Family Dentistry  PA,"https://floridaucc.com/search?text=SHAPIRO FAMILY DENTISTRY, P.A.&searchOptionType=LegacySearch&searchOptionSubOption=FiledAndLapsedActualDebtorNameList&searchCategory=Standard",Search1600.csv,Lapsed,06/14/2007,06/14/2017,03/02/2026,200705793131,1,1,,,,,,,,,,,1,"SHAPIRO FAMILY DENTISTRY, P.A.","1920 PALM BEACH BLVD, WEST PALM BEACH, FL, 33409",UCC1,1,,06/14/2007
Village Sandalwood Lak,2240 Palm Beach Lakes Blv,West Palm Beach,FL,33409-3410,3410,VILLAGE SANDALWOOD LAK,2240 Palm Beach Lakes Blvd Ste 302,West Palm Beach,FL,33409-3410,C053,Trade Associations,Principal,Mr. William Eddinger,Village Sandalwood Lak,,Search1600.csv,No close match,,,,,,,,,,,,,,,,,,,,,,,
Keenability  Inc,2260 Palm Bch Lakes Blvd,West Palm Beach,FL,33409-3411,3411,"KEENABILITY, INC.",2260 Palm Beach Lakes Blvd Ste 201,West Palm Beach,FL,33409-3411,,Marketing Consulting Services,Chief Financial Officer,Soler Amanda,Keenability  Inc,"https://floridaucc.com/search?text=KEENABILITY, INC.&searchOptionType=LegacySearch&searchOptionSubOption=FiledAndLapsedActualDebtorNameList&searchCategory=Standard",Search1600.csv,Filed,05/16/2016,05/16/2026,03/02/2026,201607615493,2,1,,,,,,,,,,,1,"KEENABILITY, INC.","370 CAMINO GARDENS BLVD 208, BOCA RATON, FL, 33432",UCC1,2,,05/16/2016
Flagler Title Company,1897 Palm Bch Lkes Blvd S,West Palm Beach,FL,33409-3500,3500,FLAGLER TITLE COMPANY,1897 Palm Beach Lakes Blvd Ste 125,West Palm Beach,FL,33409-3500,,Title Insurance,President,Mr. Roger Gamblin,Flagler Title Company,https://floridaucc.com/search?text=FLAGLER TITLE COMPANY&searchOptionType=LegacySearch&searchOptionSubOption=FiledAndLapsedActualDebtorNameList&searchCategory=Standard,Search1600.csv,Lapsed,02/15/1995,02/15/2000,03/02/2026,950000031601,0,1,,,,,,,,,,,6,FLAGLER TITLE COMPANY,"1897 PALM BEACH LAKES BLVD, STE 125, WEST PALM BEACH, FL, 33409",UCC1,5,,02/15/1995
Ramada,1901 Palm Bch Lakes Blvd,West Palm Beach,FL,33409-3503,3503,RAMADA,1901 Palm Beach Lakes Blvd,West Palm Beach,FL,33409-3503,,Hotels And Motels,Principal,Ratta Jo,Ramada,https://floridaucc.com/search?text=RAMADA&searchOptionType=LegacySearch&searchOptionSubOption=FiledAndLapsedActualDebtorNameList&searchCategory=Standard,Search1600.csv,Lapsed,04/10/1998,04/10/2003,03/02/2026,980000078022,1,1,,,,,,,,,,,2,RAMADA,"1250 W HILLSBORO BLVD, DEERFIELD BEACH, FL, 33442",UCC1,1,,04/10/1998
Ann Irvine,1920 Palm Bch Lkes Blvd S,West Palm Beach,FL,33409-3505,3505,ANN IRVINE,1920 Palm Beach Lakes Blvd Ste 101,West Palm Beach,FL,33409-3505,,"Insurance Agents, Nec",Owner,Ms. Ann L Irvine,Ann Irvine,,Search1600.csv,No close match,,,,,,,,,,,,,,,,,,,,,,,
Kaminester Management Group,1920 Palm Bch Lkes Blvd S,West Palm Beach,FL,33409-3506,3506,KAMINESTER MANAGEMENT GROUP,1920 Palm Beach Lakes Blvd Ste 203,West Palm Beach,FL,33409-3506,,Management Services,Member,Mr. Joe Kaminester,Kaminester Management Group,,Search1600.csv,No close match,,,,,,,,,,,,,,,,,,,,,,,
Warner & Associates Cpa,1897 Palm Beach Lakes Blv,West Palm Beach,FL,33409-3507,3507,WARNER & ASSOCIATES CPA,1897 Palm Beach Lakes Blvd Ste 226,West Palm Beach,FL,33409-3507,C053,Certified Public Accountant,President,Mr. Ronald D Warner,Warner & Associates Cpa,https://floridaucc.com/search?text=WARNER & ASSOCIATES CPA&searchOptionType=LegacySearch&searchOptionSubOption=FiledAndLapsedActualDebtorNameList&searchCategory=Standard,Search1600.csv,Lapsed,01/17/1997,01/17/2007,03/02/2026,970000012557,2,1,,,,,,,,,,,1,WARNER & ASSOCIATES CPA PA,"1897 PALM BEACH LAKES BLVD #226, WEST PALM BEACH, FL, 33409",UCC1,1,,01/17/1997
Periodontics Pam Beaches PA,1897 Palm Bch Lakes Blvd,West Palm Beach,FL,33409-3507,3507,PERIODONTICS OF PAM BEACHES PA,1897 Palm Beach Lakes Blvd,West Palm Beach,FL,33409-3507,C053,Periodontist,Principal,Mr. Stuart A Feldman,Periodontics Pam Beaches PA,,Search1600.csv,No close match,,,,,,,,,,,,,,,,,,,,,,,
United Nursing Services  Inc,1897 Palm Bch Lkes Blvd S,West Palm Beach,FL,33409-3508,3508,"UNITED NURSING SERVICES, INC.",1897 Palm Beach Lakes Blvd Ste 213,West Palm Beach,FL,33409-3508,,Nurses' Registry,President,Mr. Victor F Pecaro,United Nursing Services  Inc,"https://floridaucc.com/search?text=UNITED NURSING SERVICES, INC.&searchOptionType=LegacySearch&searchOptionSubOption=FiledAndLapsedActualDebtorNameList&searchCategory=Standard",Search1600.csv,Lapsed,02/05/2007,02/05/2012,03/02/2026,200704739931,0,1,,,,,,,,,,,1,UNITED NURSING SERVICES INC,"1897 PALM BEACH LAKES BLVD, WEST PALM BEACH, FL, 33409",UCC1,1,,02/05/2007
Recovery Home Care Inc,1897 Palm Bch Lkes Blvd S,West Palm Beach,FL,33409-3508,3508,RECOVERY HOME CARE INC,1897 Palm Beach Lakes Blvd Ste 208,West Palm Beach,FL,33409-3508,,Visiting Nurse Service,President,Mr. Mark T Conklin,Recovery Home Care Inc,https://floridaucc.com/search?text=RECOVERY HOME CARE INC&searchOptionType=LegacySearch&searchOptionSubOption=FiledAndLapsedActualDebtorNameList&searchCategory=Standard,Search1600.csv,Lapsed,12/09/2004,12/09/2014,03/02/2026,200408486072,2,1,,,,,,,,,,,1,RECOVERY HOME CARE INC.,"1897 PALM BEACH LAKES BOULEVARD SUITE #208, WESTP PALM BEACH, FL, 33409",UCC1,1,,12/09/2004
College For Kids Inc,1896 Palm Bch Lkes Blvd S,West Palm Beach,FL,33409-3510,3510,COLLEGE FOR KIDS INC.,1896 Palm Beach Lakes Blvd Ste 103,West Palm Beach,FL,33409-3510,,Noncommercial Social Research Organization,Executive Director,Ms. Nancy R Stellway,College For Kids Inc,,Search1600.csv,No close match,,,,,,,,,,,,,,,,,,,,,,,
Christal Food III  Inc,1920 Palm Bch Lakes Blvd,West Palm Beach,FL,33409-3512,3512,"CHRISTAL FOOD III, INC.",1920 Palm Beach Lakes Blvd,West Palm Beach,FL,33409-3512,,Grocery Stores,Vice-President,Mr. Elias Ghawali,Christal Food III  Inc,,Search1600.csv,No close match,,,,,,,,,,,,,,,,,,,,,,,
Broward Motorsports  Inc,2300 Okeechobee Blvd,West Palm Beach,FL,33409-4002,4002,"BROWARD MOTORSPORTS, INC",2300 Okeechobee Blvd,West Palm Beach,FL,33409-4002,C051,Motorcycles,President,Mr. Sam Nehme,Broward Motorsports  Inc,,Search1600.csv,No close match,,,,,,,,,,,,,,,,,,,,,,,
Bay Bays Chicken and Waffles,2400 Okeechobee Blvd,West Palm Beach,FL,33409-4004,4004,BAY BAY'S CHICKEN AND WAFFLES,2400 Okeechobee Blvd,West Palm Beach,FL,33409-4004,,American Restaurant,President,Mr. Israel G Johnson,Bay Bays Chicken and Waffles,https://floridaucc.com/search?text=BAY BAY'S CHICKEN AND WAFFLES&searchOptionType=LegacySearch&searchOptionSubOption=FiledAndLapsedActualDebtorNameList&searchCategory=Standard,Search1600.csv,Lapsed,07/27/2016,07/27/2021,03/02/2026,201608298122,3,1,,,,,,,,,,,2,BAY BAYS CHICKEN & WAFFLES LLC,"2400 OKEECHOBEE BOULEVARD, WEST PALM BEACH, FL, 33409",UCC1,1,,07/27/2016
Ruby Rinker,2448 Okeechobee Blvd,West Palm Beach,FL,33409-4004,4004,RUBY RINKER,2448 Okeechobee Blvd,West Palm Beach,FL,33409-4004,,Real Estate Brokers And Agents,President,Mr. Jesse Sund,Ruby Rinker,,Search1600.csv,No close match,,,,,,,,,,,,,,,,,,,,,,,
Sound America  Inc,2716 Okeechobee Blvd,West Palm Beach,FL,33409-4010,4010,"SOUND AMERICA, INC.",2716 Okeechobee Blvd,West Palm Beach,FL,33409-4010,C071,Video And Audio Equipment,President,Ziyad K Qader,Sound America  Inc,"https://floridaucc.com/search?text=SOUND AMERICA, INC.&searchOptionType=LegacySearch&searchOptionSubOption=FiledAndLapsedActualDebtorNameList&searchCategory=Standard",Search1600.csv,Filed,06/09/2020,06/09/2030,03/02/2026,202002140411,1,1,,,,,,,,,,,1,SOUND AMERICA INC.,"2716 OKEECHOBEE BLVD, WEST PALM BEACH, FL, 33409",UCC1,1,,06/09/2020
South East Spas  Inc,2838 Okeechobee Blvd,West Palm Beach,FL,33409-4012,4012,"SOUTH EAST SPAS, INC",2838 Okeechobee Blvd,West Palm Beach,FL,33409-4012,C071,Swimming Pool Construction,President,Mr. Phillip Giles,South East Spas  Inc,"https://floridaucc.com/search?text=SOUTH EAST SPAS, INC&searchOptionType=LegacySearch&searchOptionSubOption=FiledAndLapsedActualDebtorNameList&searchCategory=Standard",Search1600.csv,Filed,07/29/2023,07/29/2028,03/02/2026,202302074291,0,1,,,,,,,,,,,1,"SOUTH EAST SPAS, INC","2838 OKEECHOBEE BLVD, WEST PALM BEACH, FL, 33409",UCC1,1,,07/29/2023
Lewis Industries  Inc,2854 Okeechobee Blvd,West Palm Beach,FL,33409-4012,4012,"LEWIS INDUSTRIES, INC.",2854 Okeechobee Blvd,West Palm Beach,FL,33409-4012,C071,Steak Restaurant,President,Mr. Curtis Lewis,Lewis Industries  Inc,"https://floridaucc.com/search?text=LEWIS INDUSTRIES, INC.&searchOptionType=LegacySearch&searchOptionSubOption=FiledAndLapsedActualDebtorNameList&searchCategory=Standard",Search1600.csv,Lapsed,05/30/1991,05/30/1996,03/02/2026,910000118326,0,1,,,,,,,,,,,4,JAEGER FUNERAL SUPPLY,"1177 CLARE AVE, WEST PALM BEACH, FL, 33401",UCC1,3,,05/30/1991
Porsche West Palm Beach,2901 Okeechobee Blvd,West Palm Beach,FL,33409-4013,4013,PORSCHE WEST PALM BEACH,2901 Okeechobee Blvd,West Palm Beach,FL,33409-4013,,"Automobiles, New And Used",Principal,Mr. Richard Hellawell,Porsche West Palm Beach,,Search1600.csv,No close match,,,,,,,,,,,,,,,,,,,,,,,
Palm Bch Automotive Sales,2910 Okeechobee Blvd,West Palm Beach,FL,33409-4014,4014,PALM BCH AUTOMOTIVE SALES,2910 Okeechobee Blvd,West Palm Beach,FL,33409-4014,C071,"Automobiles, Used Cars Only",Owner,Mr. Leonid Gerstein,Palm Bch Automotive Sales,,Search1600.csv,No close match,,,,,,,,,,,,,,,,,,,,,,,
Mitsubishi Schumacher,3027 Okeechobee Blvd,West Palm Beach,FL,33409-4015,4015,MITSUBISHI SCHUMACHER,3027 Okeechobee Blvd,West Palm Beach,FL,33409-4015,C071,"Automobiles, New And Used",Principal,Mr. Frank Murano,Mitsubishi Schumacher,,Search1600.csv,No close match,,,,,,,,,,,,,,,,,,,,,,,
4047 Properties  LLC,3031 Okeechobee Boulevard,West Palm Beach,FL,33409-4015,4015,"4047 PROPERTIES, LLC",3031 Okeechobee Blvd,West Palm Beach,FL,33409-4015,,Nonresidential Building Operators,Principal,Mr. Charles A Schumacher,4047 Properties  LLC,"https://floridaucc.com/search?text=4047 PROPERTIES, LLC&searchOptionType=LegacySearch&searchOptionSubOption=FiledAndLapsedActualDebtorNameList&searchCategory=Standard",Search1600.csv,Lapsed,06/03/2013,06/03/2023,03/02/2026,201309157160,4,1,,,,,,,,,,,1,"4047 PROPERTIES, LLC","3031 OKEECHOBEE BLVD, WEST PALM BEACH, FL, 33409",UCC1,4,,06/03/2013
Raynic 1 Inc,3009 Exchange Ct,West Palm Beach,FL,33409-4023,4023,RAYNIC 1 INC.,3009 Exchange Ct,West Palm Beach,FL,33409-4023,C053,Employment Agencies,President,Ms. Joanne Robinson,Raynic 1 Inc,,Search1600.csv,No close match,,,,,,,,,,,,,,,,,,,,,,,
Infiniti Of Palm Beaches  Inc,3101 Okeechobee Blvd,West Palm Beach,FL,33409-4034,4034,"INFINITI OF THE PALM BEACHES, INC.",3101 Okeechobee Blvd,West Palm Beach,FL,33409-4034,C071,"Automobiles, New And Used",President,Mr. Charles A Schumacher,Infiniti Of Palm Beaches  Inc,"https://floridaucc.com/search?text=INFINITI OF THE PALM BEACHES, INC.&searchOptionType=LegacySearch&searchOptionSubOption=FiledAndLapsedActualDebtorNameList&searchCategory=Standard",Search1600.csv,Lapsed,04/15/2005,04/15/2010,03/02/2026,200509442747,0,1,,,,,,,,,,,1,"INFINITI OF PALM BEACHES, INC.","3101 OKEECHOBEE BLVD., WEST PALM BEACH, FL, 33409",UCC1,1,,04/15/2005
Botkin Parssi & Associates Inc,2749 Exchange Ct Fl 1,West Palm Beach,FL,33409-4038,4038,"BOTKIN PARSSI & ASSOCIATES, INC.",2749 Exchange Ct Fl 1,West Palm Beach,FL,33409-4038,C053,Consulting Engineer,President,Bijan Parssi,Botkin Parssi & Associates Inc,,Search1600.csv,No close match,,,,,,,,,,,,,,,,,,,,,,,
One Life USA  Inc,2749 Exchange Ct Ste B,West Palm Beach,FL,33409-4038,4038,"ONE LIFE USA, INC.",2749 Exchange Ct Ste B,West Palm Beach,FL,33409-4038,,Vitamins And Minerals,President,Ms. Kimberly Puffenbarger,One Life USA  Inc,,Search1600.csv,No close match,,,,,,,,,,,,,,,,,,,,,,,
Dondi West Palm Beach  Inc,2550 Okechobee Blvd Ste B,West Palm Beach,FL,33409-4040,4040,"DONDI OF WEST PALM BEACH, INC.",2550 Okeechobee Blvd Ste B,West Palm Beach,FL,33409-4040,,Automotive Accessories,President,Mr. Jeff Berish,Dondi West Palm Beach  Inc,,Search1600.csv,No close match,,,,,,,,,,,,,,,,,,,,,,,
State Transport Auto Brks Inc,2833 Exchange Ct Ste A,West Palm Beach,FL,33409-4047,4047,"STATE TRANSPORT AUTO BROKERS, INC.",2833 Exchange Ct Ste A,West Palm Beach,FL,33409-4047,C053,"Automobiles, Transport And Delivery",Chief Executive Officer,Yariv Steven,State Transport Auto Brks Inc,"https://floridaucc.com/search?text=STATE TRANSPORT AUTO BROKERS, INC.&searchOptionType=LegacySearch&searchOptionSubOption=FiledAndLapsedActualDebtorNameList&searchCategory=Standard",Search1600.csv,Lapsed,12/30/2014,12/30/2024,03/02/2026,201402831224,2,1,,,,,,,,,,,1,STATE TRANSPORT AUTO BROKERS INC,"2833 EXCHANGE CT STE A, WEST PALM BEACH, FL, 33409-4047",UCC1,1,,12/30/2014
Sxy Management Corp,2833 Exchange Ct Ste D,West Palm Beach,FL,33409-4047,4047,SXY MANAGEMENT CORP.,2833 Exchange Ct Ste D,West Palm Beach,FL,33409-4047,,"Automobiles, Transport And Delivery",President,Mr. Steven Yariv,Sxy Management Corp,https://floridaucc.com/search?text=SXY MANAGEMENT CORP.&searchOptionType=LegacySearch&searchOptionSubOption=FiledAndLapsedActualDebtorNameList&searchCategory=Standard,Search1600.csv,Lapsed,09/19/2005,09/19/2010,03/02/2026,200500719150,0,1,,,,,,,,,,,1,SXY MANAGEMENT CORP,"2833 EXCHANGE COURT, SUITE D, WEST PALM BEACH, FL, 33409",UCC1,1,,09/19/2005
Save On Transport Inc,2833 Exchange Ct Ste A,West Palm Beach,FL,33409-4047,4047,SAVE ON TRANSPORT INC.,2833 Exchange Ct Ste A,West Palm Beach,FL,33409-4047,C053,Freight Transportation Arrangement,President,Mr. Steven Yariv,Save On Transport Inc,https://floridaucc.com/search?text=SAVE ON TRANSPORT INC.&searchOptionType=LegacySearch&searchOptionSubOption=FiledAndLapsedActualDebtorNameList&searchCategory=Standard,Search1600.csv,Lapsed,07/09/2018,07/09/2023,03/02/2026,201805797644,0,1,,,,,,,,,,,1,SAVE ON TRANSPORT INC,"2833 EXCHANGE COURT SUITE A, WEST PALM BEACH, FL, 33409",UCC1,4,,07/09/2018
Awesome Motive Inc,2701 Okeechobee Blvd,West Palm Beach,FL,33409-4053,4053,AWESOME MOTIVE INC,2701 Okeechobee Blvd Ste 400,West Palm Beach,FL,33409-4053,C071,Marketing Consulting Services,Chief Executive Officer,Syed Balkhi,Awesome Motive Inc,,Search1600.csv,No close match,,,,,,,,,,,,,,,,,,,,,,,
Schumacher Volkswagen  Inc,3031 Okeechobee Blvd,West Palm Beach,FL,33409-4066,4066,"SCHUMACHER VOLKSWAGEN, INC.",3031 Okeechobee Blvd,West Palm Beach,FL,33409-4066,,"Automobiles, New And Used",President,Mr. Charles Schumacher,Schumacher Volkswagen  Inc,"https://floridaucc.com/search?text=SCHUMACHER VOLKSWAGEN, INC.&searchOptionType=LegacySearch&searchOptionSubOption=FiledAndLapsedActualDebtorNameList&searchCategory=Standard",Search1600.csv,Lapsed,04/24/2000,04/24/2005,03/02/2026,200000095818,1,1,,,,,,,,,,,1,SCHUMACHER VOLKSWAGEN INC,"3031 OKEECHOBEE BLVD, WEST PALM BEACH, FL, 33409",UCC1,1,,04/24/2000
Palm Beach Supplements  Inc,2617 Okechobee Blvd Ste D,West Palm Beach,FL,33409-4072,4072,"PALM BEACH SUPPLEMENTS, INC.",2617 Okeechobee Blvd Ste D,West Palm Beach,FL,33409-4072,,Vitamin Food Stores,President,Mr. James E Hansler,Palm Beach Supplements  Inc,"https://floridaucc.com/search?text=PALM BEACH SUPPLEMENTS, INC.&searchOptionType=LegacySearch&searchOptionSubOption=FiledAndLapsedActualDebtorNameList&searchCategory=Standard",Search1600.csv,Lapsed,09/24/2018,09/24/2023,03/02/2026,201806616309,0,1,,,,,,,,,,,2,V.C.A. UNITED LLC,"3658 TURTLE ISLAND CT, WEST PALM BEACH, FL, 33411",UCC1,1,,09/24/2018
Southern Vacuum Sales Corp,1861 Church St,West Palm Beach,FL,33409-4101,4101,SOUTHERN VACUUM SALES CORP,1861 Church St,West Palm Beach,FL,33409-4101,C051,"Tops (canvas Or Plastic), Installation Or Repair: Automotive",President,Mr. Richard Schneider,Southern Vacuum Sales Corp,https://floridaucc.com/search?text=SOUTHERN VACUUM SALES CORP&searchOptionType=LegacySearch&searchOptionSubOption=FiledAndLapsedActualDebtorNameList&searchCategory=Standard,Search1600.csv,Lapsed,01/13/1992,01/13/1997,03/02/2026,920000007985,0,1,,,,,,,,,,,2,CENTRAL AUTO TRIM,"1861 CHURCH ST, WEST PALM BEACH, FL, 33409",UCC1,2,,01/13/1992
Eric Peterson Motor Cars  Inc,1844 Church St,West Palm Beach,FL,33409-4102,4102,"ERIC PETERSON MOTOR CARS, INC.",1844 Church St,West Palm Beach,FL,33409-4102,,"Automobiles, Used Cars Only",President,Mr. Eric Peterson,Eric Peterson Motor Cars  Inc,"https://floridaucc.com/search?text=ERIC PETERSON MOTOR CARS, INC.&searchOptionType=LegacySearch&searchOptionSubOption=FiledAndLapsedActualDebtorNameList&searchCategory=Standard",Search1600.csv,Lapsed,04/30/2001,04/30/2006,03/02/2026,200100093694,1,1,,,,,,,,,,,1,ERIC PETERSON MOTOR CARS INC,"1300 N FLORIDA MANGO #6, W PALM BCH, FL, 33409",UCC1,2,,04/30/2001
Fern House  Inc,1958 Church St,West Palm Beach,FL,33409-4103,4103,"FERN HOUSE, INC.",1958 Church St,West Palm Beach,FL,33409-4103,,"Alcoholism Counseling, Nontreatment",Director,Pat Mcgrovy,Fern House  Inc,"https://floridaucc.com/search?text=FERN HOUSE, INC.&searchOptionType=LegacySearch&searchOptionSubOption=FiledAndLapsedActualDebtorNameList&searchCategory=Standard",Search1600.csv,Lapsed,04/30/2012,04/30/2022,03/02/2026,201206639235,2,1,,,,,,,,,,,1,"FERN HOUSE, INC.","1958 CHURCH STREET, WEST PALM BEACH, FL, 33409",UCC1,4,,04/30/2012
Camelot Investment Intl,1934 Church St,West Palm Beach,FL,33409-4104,4104,CAMELOT INVESTMENT INTERNATIONAL INC,1934 Church St,West Palm Beach,FL,33409-4104,,"Paint Shop, Automotive",President,Mr. Gregg Salazar,Camelot Investment Intl,https://floridaucc.com/search?text=CAMELOT INVESTMENT INTERNATIONAL INC&searchOptionType=LegacySearch&searchOptionSubOption=FiledAndLapsedActualDebtorNameList&searchCategory=Standard,Search1600.csv,Lapsed,02/01/1995,02/01/2000,03/02/2026,950000021763,1,1,,,,,,,,,,,1,CAMELOT INVESTMENTS INC,"328 W BEARSS AVE, TAMPA, FL, 33612",UCC1,5,,02/01/1995
Stimi Inc,2029 Okchbee Blvd Ste 1-1,West Palm Beach,FL,33409-4105,4105,STIMI INC.,2029 Okeechobee Blvd Ste 1-1047,West Palm Beach,FL,33409-4105,,"Software, Business And Non-Game",President,Ms. Kristina Melnichuk,Stimi Inc,,Search1600.csv,No close match,,,,,,,,,,,,,,,,,,,,,,,
Palm Beach Pdq Holdings LLC,2015 Okeechobee Blvd,West Palm Beach,FL,33409-4105,4105,PALM BEACH PDQ HOLDINGS LLC,2015 Okeechobee Blvd,West Palm Beach,FL,33409-4105,C051,"Holding Companies, Nec",Principal,Mr. Roy Martin,Palm Beach Pdq Holdings LLC,,Search1600.csv,No close match,,,,,,,,,,,,,,,,,,,,,,,
All Approved Autoworks LLC,2008 Okeechobee Blvd,West Palm Beach,FL,33409-4113,4113,ALL APPROVED AUTOWORKS LLC,2008 Okeechobee Blvd,West Palm Beach,FL,33409-4113,,General Automotive Repair Shops,Principal,Mr. Joseph W Mckinley,All Approved Autoworks LLC,https://floridaucc.com/search?text=ALL APPROVED AUTOWORKS LLC&searchOptionType=LegacySearch&searchOptionSubOption=FiledAndLapsedActualDebtorNameList&searchCategory=Standard,Search1600.csv,Filed,01/17/2017,01/17/2027,03/02/2026,201700004687,2,1,,,,,,,,,,,1,ALL APPROVED AUTOWORKS LLC,"1502 N DIXIE HWY, LAKE WORTH, FL, 33460",UCC1,1,,01/17/2017
Gocravy  Inc,1027 N Fla Mango Dr Ste 3,West Palm Beach,FL,33409-4121,4121,"GOCRAVY, INC",1027 N Florida Mango Rd Ste 3,West Palm Beach,FL,33409-4121,,"Package Delivery, Vehicular",Chief Executive Officer,Mr. Manuel Bornia,Gocravy  Inc,"https://floridaucc.com/search?text=GOCRAVY, INC&searchOptionType=LegacySearch&searchOptionSubOption=FiledAndLapsedActualDebtorNameList&searchCategory=Standard",Search1600.csv,Lapsed,06/29/2020,06/29/2025,03/02/2026,202002742845,0,1,,,,,,,,,,,1,GOCRAVY INC,"560 VILLAGE BLVD #240, WEST PALM BEACH, FL, 33409",UCC1,1,,06/29/2020
C R Wilson Construction Co,2532 Old Okchbee Rd Ste 1,West Palm Beach,FL,33409-4143,4143,C R WILSON CONSTRUCTION COMPANY,2532 Old Okeechobee Rd Ste 14,West Palm Beach,FL,33409-4143,,"New Construction, Single-Family Houses",President,Mr. James Peeples,C R Wilson Construction Co,,Search1600.csv,No close match,,,,,,,,,,,,,,,,,,,,,,,
Dammel Cleaning Enterprise Inc,1029 N Fl Mango Rd Ste 7,West Palm Beach,FL,33409-4164,4164,"DAMMEL CLEANING ENTERPRISE, INC.",1029 N Florida Mango Rd Ste 7,West Palm Beach,FL,33409-4164,C069,"Janitorial Service, Contract Basis",President,Mr. David Melendez,Dammel Cleaning Enterprise Inc,"https://floridaucc.com/search?text=DAMMEL CLEANING ENTERPRISE, INC.&searchOptionType=LegacySearch&searchOptionSubOption=FiledAndLapsedActualDebtorNameList&searchCategory=Standard",Search1600.csv,Filed,03/01/2013,03/01/2028,03/02/2026,201308527088,2,1,,,,,,,,,,,1,"DAMMEL CLEANING ENTERPRISE, INC.","1025 N. FLORIDA MANAGO ROAD, SUITE 7, WEST PALM BEACH, FL, 33409",UCC1,1,,03/01/2013
Schaefer Windows & Doors  Inc,1029 N Fla Mango Rd Ste 7,West Palm Beach,FL,33409-4164,4164,"SCHAEFER WINDOWS & DOORS, INC.",1029 N Florida Mango Rd Ste 7,West Palm Beach,FL,33409-4164,,Window And Door (prefabricated) Installation,President,Mr. Scott J Schaefer,Schaefer Windows & Doors  Inc,"https://floridaucc.com/search?text=SCHAEFER WINDOWS & DOORS, INC.&searchOptionType=LegacySearch&searchOptionSubOption=FiledAndLapsedActualDebtorNameList&searchCategory=Standard",Search1600.csv,Lapsed,01/03/2020,01/03/2025,03/02/2026,202000547212,1,1,,,,,,,,,,,4,"SCHAEFER WINDOWS & DOORS, INC.","1029 NORTH FLORIDA MANGO ROAD #7, WEST PALM BEACH, FL, 33409",UCC1,3,,01/03/2020
Equipment Rental Service  Inc,1858 Okeechobee Blvd,West Palm Beach,FL,33409-4187,4187,"EQUIPMENT RENTAL SERVICE, INC.",1858 Okeechobee Blvd,West Palm Beach,FL,33409-4187,C051,"Equipment Rental And Leasing, Nec",President,Jean C Merchant,Equipment Rental Service  Inc,"https://floridaucc.com/search?text=EQUIPMENT RENTAL SERVICE, INC.&searchOptionType=LegacySearch&searchOptionSubOption=FiledAndLapsedActualDebtorNameList&searchCategory=Standard",Search1600.csv,Lapsed,07/01/1991,07/01/1996,03/02/2026,910000143924,0,1,,,,,,,,,,,1,EQUIPMENT RENTAL SERVICE INC,"1858 OKEECHOBEE BLVD, WEST PALM BEACH, FL, 33409",UCC1,1,,07/01/1991
Affordable Tire & Auto Svc Inc,2730 Westgate Ave,West Palm Beach,FL,33409-4401,4401,"AFFORDABLE TIRE AND AUTO SERVICE, INC.",2730 Westgate Ave,West Palm Beach,FL,33409-4401,C066,Automotive Tires,Principal,Ms. Lynne M Aristy,Affordable Tire & Auto Svc Inc,,Search1600.csv,No close match,,,,,,,,,,,,,,,,,,,,,,,
Carey Law Group  PA,1801 Indian Rd Ste 103,West Palm Beach,FL,33409-4604,4604,"CAREY LAW GROUP, P.A.",1801 Indian Rd Ste 103,West Palm Beach,FL,33409-4604,,General Practice Law Office,President,Mr. Richard B Carey,Carey Law Group  PA,"https://floridaucc.com/search?text=CAREY LAW GROUP, P.A.&searchOptionType=LegacySearch&searchOptionSubOption=FiledAndLapsedActualDebtorNameList&searchCategory=Standard",Search1600.csv,Lapsed,04/19/2013,04/19/2018,03/02/2026,201308870769,0,1,,,,,,,,,,,1,"CAREY LAW GROUP, P.A.","1401 FORUM WAY, WEST PALM BEACH, FL, 33401",UCC1,1,,04/19/2013
Thompson & Thomas  PA,1801 Indian Rd Ste 100,West Palm Beach,FL,33409-4604,4604,"THOMPSON & THOMAS, P.A.",1801 Indian Rd Ste 100,West Palm Beach,FL,33409-4604,C052,"General Practice Attorney, Lawyer",Vice-President,Mr. Charles Thomas,Thompson & Thomas  PA,"https://floridaucc.com/search?text=THOMPSON & THOMAS, P.A.&searchOptionType=LegacySearch&searchOptionSubOption=FiledAndLapsedActualDebtorNameList&searchCategory=Standard",Search1600.csv,Filed,10/03/2006,10/03/2026,03/02/2026,200603797030,3,1,,,,,,,,,,,1,THOMPSON & THOMAS PA,"500 S AUSTRALIAN AVE, SUITE 633, WEST PALM BEACH, FL, 33401",UCC1,3,,10/03/2006
Bobbs Piano Sales & Service,1583 N Military Trl A,West Palm Beach,FL,33409-4709,4709,BOBB'S PIANO SALES & SERVICE INC,1583 N Military Trl # A,West Palm Beach,FL,33409-4709,C066,Pianos,Chairman Of The Board,Ms. Peggy Messingschlager,Bobbs Piano Sales & Service,,Search1600.csv,No close match,,,,,,,,,,,,,,,,,,,,,,,
Opportunity Inc Palm Bch Cnty,4171 Westgate Ave,West Palm Beach,FL,33409-4725,4725,OPPORTUNITY INC OF PALM BEACH COUNTY,4171 Westgate Ave,West Palm Beach,FL,33409-4725,,Group Day Care Center,Executive Director,Ms. Alice M Eger,Opportunity Inc Palm Bch Cnty,,Search1600.csv,No close match,,,,,,,,,,,,,,,,,,,,,,,
Keystone Crtcal Systems Advsor,4050 Westgate Ave Ste 105,West Palm Beach,FL,33409-4732,4732,"KEYSTONE CRITICAL SYSTEMS & ADVISORS, LLC",4050 Westgate Ave Ste 105,West Palm Beach,FL,33409-4732,C066,Computer Power Conditioning,Managing Member,Mr. Donald Cleaver,Keystone Crtcal Systems Advsor,,Search1600.csv,No close match,,,,,,,,,,,,,,,,,,,,,,,
Foreign Affairs Auto Inc,1681 N Military Trl,West Palm Beach,FL,33409-4734,4734,FOREIGN AFFAIRS AUTO INC.,1681 N Military Trl,West Palm Beach,FL,33409-4734,C066,General Automotive Repair Shops,President,Mr. Frank Ortiz,Foreign Affairs Auto Inc,https://floridaucc.com/search?text=FOREIGN AFFAIRS AUTO INC.&searchOptionType=LegacySearch&searchOptionSubOption=FiledAndLapsedActualDebtorNameList&searchCategory=Standard,Search1600.csv,Lapsed,11/15/1995,11/15/2000,03/02/2026,950000229782,1,1,,,,,,,,,,,1,FOREIGN AFFAIRS AUTO INC,"1701 N MILITARY TRAIL, WEST PALM BEACH, FL, 33409",UCC1,1,,11/15/1995
Farmer Greens Market Wpb  LLC,1937 N Military Trl,West Palm Beach,FL,33409-4762,4762,"FARMER GREEN'S MARKET WPB, LLC",1937 N Military Trl,West Palm Beach,FL,33409-4762,,"Groceries, General Line",Principal,Mr. Maurice Campioni,Farmer Greens Market Wpb  LLC,"https://floridaucc.com/search?text=FARMER GREEN'S MARKET WPB, LLC&searchOptionType=LegacySearch&searchOptionSubOption=FiledAndLapsedActualDebtorNameList&searchCategory=Standard",Search1600.csv,Lapsed,05/29/2015,05/29/2020,03/02/2026,201503874360,0,1,,,,,,,,,,,1,"FARMER GREEN'S MARKET WPB, LLC","1937 N MILITARY TRAIL, WEST PALM BEACH, FL, 33409",UCC1,2,,05/29/2015
Kcl Holdings  Inc,2800 Westgate Ave Ste D,West Palm Beach,FL,33409-4809,4809,"KCL HOLDINGS, INC.",2800 Westgate Ave Ste D,West Palm Beach,FL,33409-4809,C066,"Investment Holding Companies, Except Banks",Principal,Mr. Kevin C Lesiak,Kcl Holdings  Inc,"https://floridaucc.com/search?text=KCL HOLDINGS, INC.&searchOptionType=LegacySearch&searchOptionSubOption=FiledAndLapsedActualDebtorNameList&searchCategory=Standard",Search1600.csv,Lapsed,05/02/2012,05/02/2017,03/02/2026,201206659597,0,1,,,,,,,,,,,1,"KCL HOLDINGS, INC.","2890 SHAWNEE ROAD, WEST PALM BEACH, FL, 33406",UCC1,1,,05/02/2012
Peacocks Hardwood Flooring,3890 Shawnee Ave,West Palm Beach,FL,33409-4836,4836,PEACOCK'S HARDWOOD FLOORING INC,3890 Shawnee Ave,West Palm Beach,FL,33409-4836,C052,Wood Floor Installation And Refinishing,President,Mr. Joseph Peacock,Peacocks Hardwood Flooring,,Search1600.csv,No close match,,,,,,,,,,,,,,,,,,,,,,,
Lite USA Holdings Inc,1832 Wabasso Dr Ste 3,West Palm Beach,FL,33409-4892,4892,LITE USA HOLDINGS INC.,1832 Wabasso Dr Ste 3,West Palm Beach,FL,33409-4892,C052,Lighting Fittings And Accessories,President,Nirvan Mahabir,Lite USA Holdings Inc,https://floridaucc.com/search?text=LITE USA HOLDINGS INC.&searchOptionType=LegacySearch&searchOptionSubOption=FiledAndLapsedActualDebtorNameList&searchCategory=Standard,Search1600.csv,Filed,07/03/2020,07/03/2030,03/02/2026,202003100081,1,1,,,,,,,,,,,1,LITE USA HOLDINGS INC,"1832 WABASSO DR STE N, WEST PALM BCH, FL, 33409",UCC1,1,,07/03/2020
Catayu West  Inc,3819 Westgate Ave Ste 8,West Palm Beach,FL,33409-4894,4894,"CATAYU WEST, INC",3819 Westgate Ave Ste 8,West Palm Beach,FL,33409-4894,C066,Supermarkets,Principal,Siham Abdel,Catayu West  Inc,"https://floridaucc.com/search?text=CATAYU WEST, INC&searchOptionType=LegacySearch&searchOptionSubOption=FiledAndLapsedActualDebtorNameList&searchCategory=Standard",Search1600.csv,Lapsed,08/20/2014,08/20/2024,03/02/2026,201402049763,2,1,,,,,,,,,,,1,CATAYU WEST INC,"3819 WESTGATE AVE SUITE #8, WEST PALM BEACH, FL, 33415",UCC1,5,,08/20/2014
Tender Love Care Child Dev Ctr,1859 Seminole Blvd,West Palm Beach,FL,33409-4948,4948,"TENDER LOVE & CARE CHILD DEVELOPMENT CENTER, INC",1859 Seminole Blvd,West Palm Beach,FL,33409-4948,C018,Group Day Care Center,President,Mirian E Walker,Tender Love Care Child Dev Ctr,,Search1600.csv,No close match,,,,,,,,,,,,,,,,,,,,,,,
South Florida Choppers  Inc,2628 Westgate Ave,West Palm Beach,FL,33409-4956,4956,"SOUTH FLORIDA CHOPPERS, INC.",2628 Westgate Ave,West Palm Beach,FL,33409-4956,,Motorcycles,Principal,Mr. Jonathan D Lmhc,South Florida Choppers  Inc,,Search1600.csv,No close match,,,,,,,,,,,,,,,,,,,,,,,
Dos Hermanos  Inc,2715 Westgate Ave,West Palm Beach,FL,33409-4957,4957,"DOS HERMANOS, INC.",2715 Westgate Ave,West Palm Beach,FL,33409-4957,,Supermarkets,President,Norberto B Calderon,Dos Hermanos  Inc,"https://floridaucc.com/search?text=DOS HERMANOS, INC.&searchOptionType=LegacySearch&searchOptionSubOption=FiledAndLapsedActualDebtorNameList&searchCategory=Standard",Search1600.csv,Lapsed,07/22/2010,07/22/2015,03/02/2026,201002907169,0,1,,,,,,,,,,,1,DOS HERMANOS GROCERY INC,"2715 WESTGATE AVE, WEST PALM BEACH, FL, 33409",UCC1,1,,07/22/2010
Clinics Can Help Foundation,2560 Westgate Ave,West Palm Beach,FL,33409-5078,5078,THE CLINICS CAN HELP FOUNDATION,2560 Westgate Ave,West Palm Beach,FL,33409-5078,,Civic Associations,Director,Mr. Owen O Neill,Clinics Can Help Foundation,,Search1600.csv,No close match,,,,,,,,,,,,,,,,,,,,,,,
Quantum Medical Transport Inc,1750 Osceola Blvd,West Palm Beach,FL,33409-5091,5091,"QUANTUM MEDICAL TRANSPORT, INC.",1750 Osceola Dr,West Palm Beach,FL,33409-5091,,Cleaning Services,Principal,Mr. Robert S Goldman,Quantum Medical Transport Inc,,Search1600.csv,No close match,,,,,,,,,,,,,,,,,,,,,,,
Haidt Ltd Partnership,3060 Westgate Ave Ste A,West Palm Beach,FL,33409-5094,5094,HAIDT LTD PARTNERSHIP,1770 Westgate Ave,West Palm Beach,FL,33409-5094,,Apartment Building Operators,Manager,Ms. Julie Van Horn,Haidt Ltd Partnership,,Search1600.csv,No close match,,,,,,,,,,,,,,,,,,,,,,,
Auto Service Mechanic Corp,1761 Latham Rd Ste 1,West Palm Beach,FL,33409-5117,5117,AUTO SERVICE MECHANIC CORP,1761 Latham Rd Ste 1,West Palm Beach,FL,33409-5117,,General Automotive Repair Shops,President,Ms. Carla Pichardo,Auto Service Mechanic Corp,https://floridaucc.com/search?text=AUTO SERVICE MECHANIC CORP&searchOptionType=LegacySearch&searchOptionSubOption=FiledAndLapsedActualDebtorNameList&searchCategory=Standard,Search1600.csv,Lapsed,10/20/2014,10/20/2019,03/02/2026,201402414208,0,1,,,,,,,,,,,2,AUTO SERVICE MECHANIC CORP,"1771 LATHAM ROAD, WEST PALM BEACH, FL, 33409",UCC1,1,,10/20/2014
P & J Automotive Inc,1781 Latham Rd,West Palm Beach,FL,33409-5117,5117,P & J AUTOMOTIVE INC,1781 Latham Rd,West Palm Beach,FL,33409-5117,C051,General Automotive Repair Shops,President,Mr. Patrick Weber,P & J Automotive Inc,,Search1600.csv,No close match,,,,,,,,,,,,,,,,,,,,,,,
Star Electrical Contrs Inc,1614 Latham Rd,West Palm Beach,FL,33409-5132,5132,"STAR ELECTRICAL CONTRACTORS, INC.",1614 Latham Rd,West Palm Beach,FL,33409-5132,C051,General Electrical Contractor,President,Mr. James E Seitz,Star Electrical Contrs Inc,"https://floridaucc.com/search?text=STAR ELECTRICAL CONTRACTORS, INC.&searchOptionType=LegacySearch&searchOptionSubOption=FiledAndLapsedActualDebtorNameList&searchCategory=Standard",Search1600.csv,Lapsed,01/04/1999,01/04/2004,03/02/2026,990000001353,0,1,,,,,,,,,,,1,STAR ELECTRICAL CONTRACTORS INC,"1614 LATHAM RD, WEST PALM BEACH, FL, 33409",UCC1,1,,01/04/1999
Daniels Brothers  Inc,1683 Latham Rd,West Palm Beach,FL,33409-5134,5134,"DANIELS BROTHERS, INC.",1683 Latham Rd,West Palm Beach,FL,33409-5134,C051,"New Construction, Single-Family Houses",President,Mr. Ron Daniels,Daniels Brothers  Inc,"https://floridaucc.com/search?text=DANIELS BROTHERS, INC.&searchOptionType=LegacySearch&searchOptionSubOption=FiledAndLapsedActualDebtorNameList&searchCategory=Standard",Search1600.csv,Lapsed,08/31/2011,08/31/2016,03/02/2026,201105232040,0,1,,,,,,,,,,,3,"DANIELS BROTHERS, INC.","1683 LATHAM ROAD, WEST PALM BEACH, FL, 33049",UCC1,8,,08/31/2011
Aamco Transmissions,1033 N Congress Ave,West Palm Beach,FL,33409-5144,5144,AAMCO TRANSMISSIONS,1033 N Congress Ave,West Palm Beach,FL,33409-5144,,Automotive Transmission Repair Shops,President,Mr. Wayne Jacobson,Aamco Transmissions,https://floridaucc.com/search?text=AAMCO TRANSMISSIONS&searchOptionType=LegacySearch&searchOptionSubOption=FiledAndLapsedActualDebtorNameList&searchCategory=Standard,Search1600.csv,Lapsed,02/04/1988,02/04/2003,03/02/2026,1880018225,4,1,,,,,,,,,,,2,AAMCO TRANSMISSIONS,"2201 W GARDEN ST, PENSACOLA, FL, 32505",UCC1,1,,02/04/1988
Autodoc Garage LLC,1650 Latham Road Ste 43,West Palm Beach,FL,33409-5148,5148,AUTODOC GARAGE LLC,1650 Latham Rd Ste 43,West Palm Beach,FL,33409-5148,,General Automotive Repair Shops,President,Mr. Stanley Souffrant,Autodoc Garage LLC,,Search1600.csv,No close match,,,,,,,,,,,,,,,,,,,,,,,
Lightstoreusa  Inc,1550 N Congress Ave,West Palm Beach,FL,33409-5151,5151,"LIGHTSTOREUSA, INC.",1550 N Congress Ave,West Palm Beach,FL,33409-5151,C067,Lighting Fixtures,Chief Executive Officer,Lomush Mahabir,Lightstoreusa  Inc,,Search1600.csv,No close match,,,,,,,,,,,,,,,,,,,,,,,
Dolphin Brokerage Intl Fla Inc,1556 N Congress Ave,West Palm Beach,FL,33409-5151,5151,"DOLPHIN BROKERAGE INTERNATIONAL OF FLORIDA, INC.",1556 N Congress Ave,West Palm Beach,FL,33409-5151,C067,Customhouse Brokers,President,Mr. Thomas A Vaughan,Dolphin Brokerage Intl Fla Inc,,Search1600.csv,No close match,,,,,,,,,,,,,,,,,,,,,,,
T I Electric USA Inc,1550 N Congress Ave,West Palm Beach,FL,33409-5151,5151,T. I. ELECTRIC USA INC,1550 N Congress Ave,West Palm Beach,FL,33409-5151,,"Electrical Supplies, Nec",Principal,Lome Mahabir,T I Electric USA Inc,,Search1600.csv,No close match,,,,,,,,,,,,,,,,,,,,,,,
Professional Bldg Restoration,1560 Latham Rd,West Palm Beach,FL,33409-5176,5176,PROFESSIONAL BUILDING RESTORATION INC,1560 Latham Rd,West Palm Beach,FL,33409-5176,,Concrete Work,President,Lourdes A Suarez,Professional Bldg Restoration,,Search1600.csv,No close match,,,,,,,,,,,,,,,,,,,,,,,
Florida Ftres Acdemy Chrtr Sch,1760 N Congress Ave#100,West Palm Beach,FL,33409-5178,5178,FLORIDA FUTURES ACADEMY CHARTER SCHOOLS INC,1760 N Congress Ave Ste 100,West Palm Beach,FL,33409-5178,,Academy,Principal,Mr. Reginald Maton,Florida Ftres Acdemy Chrtr Sch,,Search1600.csv,No close match,,,,,,,,,,,,,,,,,,,,,,,
Stericycle Comm Solutions Inc,1764 N Cngress Ave Ste 20,West Palm Beach,FL,33409-5189,5189,"STERICYCLE COMMUNICATION SOLUTIONS, INC.",1764 N Congress Ave Ste 205,West Palm Beach,FL,33409-5189,,Telephone Answering Service,Member,Mr. Jerold Stabler,Stericycle Comm Solutions Inc,,Search1600.csv,No close match,,,,,,,,,,,,,,,,,,,,,,,
Mc Craney Petroleum Company,1560 Latham Rd Ste 7,West Palm Beach,FL,33409-5194,5194,MC CRANEY PETROLEUM COMPANY,1560 Latham Rd Ste 7,West Palm Beach,FL,33409-5194,,"Filling Stations, Gasoline",President,Mr. Steven E Mc Craney,Mc Craney Petroleum Company,,Search1600.csv,No close match,,,,,,,,,,,,,,,,,,,,,,,
Malone Elec Solutions LLC,1540 Donna Rd,West Palm Beach,FL,33409-5202,5202,"MALONE ELECTRICAL SOLUTIONS, LLC",1540 Donna Rd,West Palm Beach,FL,33409-5202,C051,General Electrical Contractor,Member,Mr. Raymond B Murdock,Malone Elec Solutions LLC,"https://floridaucc.com/search?text=MALONE ELECTRICAL SOLUTIONS, LLC&searchOptionType=LegacySearch&searchOptionSubOption=FiledAndLapsedActualDebtorNameList&searchCategory=Standard",Search1600.csv,Filed,12/23/2013,12/23/2028,03/02/2026,201300431340,5,1,,,,,,,,,,,1,"MALONE ELECTRICAL SOLUTIONS, LLC","1540 DONNA ROAD, WEST PALM BEACH,FL, FL, 33409",UCC1,2,,12/23/2013
Etc Palm Beach  LLC,1800 Okechobee Rd Ste 100,West Palm Beach,FL,33409-5207,5207,"ETC PALM BEACH, LLC",1800 Okeechobee Rd Ste 100,West Palm Beach,FL,33409-5207,,Security Control Equipment And Systems,Managing Member,Mr. Paul Biava,Etc Palm Beach  LLC,"https://floridaucc.com/search?text=ETC PALM BEACH, LLC&searchOptionType=LegacySearch&searchOptionSubOption=FiledAndLapsedActualDebtorNameList&searchCategory=Standard",Search1600.csv,Lapsed,07/16/2018,07/16/2023,03/02/2026,201805879632,1,1,,,,,,,,,,,1,"ETC PALM BEACH, LLC","2611 MERCER AVE, WEST PALM BEACH, FL, 33401",UCC1,1,,07/16/2018
Rremc Jv LLC,1800 Old Okchbee Rd Ste 1,West Palm Beach,FL,33409-5207,5207,RREMC JV LLC,1800 Okeechobee Rd Ste 100,West Palm Beach,FL,33409-5207,,"Restaurant, Family: Chain",Member,Mr. John C Metz,Rremc Jv LLC,https://floridaucc.com/search?text=RREMC JV LLC&searchOptionType=LegacySearch&searchOptionSubOption=FiledAndLapsedActualDebtorNameList&searchCategory=Standard,Search1600.csv,Lapsed,10/15/2015,10/15/2020,03/02/2026,201505368799,0,1,,,,,,,,,,,1,RREMC JV LLC,"1750 N MANGO ROAD SUITE 103, WEST PALM BEACH, FL, 33409",UCC1,3,,10/15/2015
Integrity Moving Services Inc,1500 N Florida Mango Rd,West Palm Beach,FL,33409-5215,5215,"INTEGRITY MOVING SERVICES, INC.",1500 N Florida Mango Rd Ste 17,West Palm Beach,FL,33409-5215,C069,Moving Services,President,Mr. Joel Dowley,Integrity Moving Services Inc,"https://floridaucc.com/search?text=INTEGRITY MOVING SERVICES, INC.&searchOptionType=LegacySearch&searchOptionSubOption=FiledAndLapsedActualDebtorNameList&searchCategory=Standard",Search1600.csv,Filed,05/08/2007,05/08/2027,03/02/2026,200705485240,6,1,,,,,,,,,,,1,"INTEGRITY MOVING SERVICES, INC.","4439 WESTROADS DRIVE, WEST PALM BEACH, FL, 33407",UCC1,1,,05/08/2007
Centerline Drilling  Inc,1696 Okeechobee Rd Ste 3,West Palm Beach,FL,33409-5216,5216,"CENTERLINE DRILLING, INC",1696 Okeechobee Rd Ste 3c,West Palm Beach,FL,33409-5216,C051,Water Well Drilling,President,Mr. John Say,Centerline Drilling  Inc,"https://floridaucc.com/search?text=CENTERLINE DRILLING, INC&searchOptionType=LegacySearch&searchOptionSubOption=FiledAndLapsedActualDebtorNameList&searchCategory=Standard",Search1600.csv,Lapsed,04/28/2005,04/28/2010,03/02/2026,200509545848,1,1,,,,,,,,,,,1,CENTERLINE DRILLING INC,"1696 OLD OKEECHOBEE RD, STE 3C, WEST PALM BEACH, FL, 33409-5219",UCC1,1,,04/28/2005
Audio Video Systems  Inc,1860 Okeechobee Rd,West Palm Beach,FL,33409-5220,5220,"AUDIO VIDEO SYSTEMS, INC.",1860 Okeechobee Rd Ste 104,West Palm Beach,FL,33409-5220,C051,Photographic And Optical Goods Equipment Repair Services,President,Ms. Angela Barnard,Audio Video Systems  Inc,"https://floridaucc.com/search?text=AUDIO VIDEO SYSTEMS, INC.&searchOptionType=LegacySearch&searchOptionSubOption=FiledAndLapsedActualDebtorNameList&searchCategory=Standard",Search1600.csv,Lapsed,10/29/1993,10/29/1998,03/02/2026,930000224159,0,1,,,,,,,,,,,1,AUDIO VIDEO SYSTEMS INC,"1550 LATHAM RD 3, W PALM BCH, FL, 33409",UCC1,1,,10/29/1993
Mcafee Electric  Inc,1860 Okeechobee Rd,West Palm Beach,FL,33409-5223,5223,"MCAFEE ELECTRIC, INC.",1860 Okeechobee Rd Ste 205,West Palm Beach,FL,33409-5223,C051,General Electrical Contractor,Vice-President,Mr. Robert Mcafee,Mcafee Electric  Inc,"https://floridaucc.com/search?text=MCAFEE ELECTRIC, INC.&searchOptionType=LegacySearch&searchOptionSubOption=FiledAndLapsedActualDebtorNameList&searchCategory=Standard",Search1600.csv,Lapsed,12/16/2005,12/16/2010,03/02/2026,200501416240,0,1,,,,,,,,,,,1,"MCAFEE ELECTRIC, INC.","1860 OLD OKEECHOBEE RD 205, WEST PALM BEACH, FL, 33409",UCC1,1,,12/16/2005
Luxury Illumination LLC,1860 Okechobee Rd Ste 201,West Palm Beach,FL,33409-5223,5223,LUXURY ILLUMINATION LLC,1860 Okeechobee Rd Ste 201,West Palm Beach,FL,33409-5223,,Electrical Work,Manager,Mr. Gregory Matthews,Luxury Illumination LLC,https://floridaucc.com/search?text=LUXURY ILLUMINATION LLC&searchOptionType=LegacySearch&searchOptionSubOption=FiledAndLapsedActualDebtorNameList&searchCategory=Standard,Search1600.csv,Filed,06/28/2020,06/28/2030,03/02/2026,202002571862,1,1,,,,,,,,,,,1,LUXURY ILLUMINATION LLC,"1711 LAUREL LN, WEST PALM BEACH, FL, 33406",UCC1,1,,06/28/2020
Peaktop Technologies Inc,1727 Okeechobee Rd,West Palm Beach,FL,33409-5225,5225,PEAKTOP TECHNOLOGIES INC,1727 Okeechobee Rd,West Palm Beach,FL,33409-5225,C051,"Watering Pots, Plastics",President,Mr. Jeff Robins,Peaktop Technologies Inc,,Search1600.csv,No close match,,,,,,,,,,,,,,,,,,,,,,,
Haifa General Contracting  LLC,1891 Old Okeechobee Rd,West Palm Beach,FL,33409-5227,5227,"HAIFA GENERAL CONTRACTING, LLC",1891 Okeechobee Rd,West Palm Beach,FL,33409-5227,,"General Contractor, Highway And Street Construction",Chief Executive Officer,Mr. Desmond Keogh,Haifa General Contracting  LLC,"https://floridaucc.com/search?text=HAIFA GENERAL CONTRACTING, LLC&searchOptionType=LegacySearch&searchOptionSubOption=FiledAndLapsedActualDebtorNameList&searchCategory=Standard",Search1600.csv,Filed,08/17/2020,08/17/2030,03/02/2026,20200433440X,1,1,,,,,,,,,,,1,HAIFA GENERAL CONTRACTING LLC,"1891 OLD OKEECHOBEE RD, WEST PALM BEACH, FL, 33409",UCC1,1,,08/17/2020
Philip L Valente  Jr  PA,1806 Old Okeechobee Rd,West Palm Beach,FL,33409-5228,5228,"PHILIP L. VALENTE, JR., P.A.",1806 Okeechobee Rd,West Palm Beach,FL,33409-5228,,"General Practice Attorney, Lawyer",Partner,Mr. Philip L Valente,Philip L Valente  Jr  PA,,Search1600.csv,No close match,,,,,,,,,,,,,,,,,,,,,,,
Epic Forensics & Engrg Inc,1806 Okeechobee Rd,West Palm Beach,FL,33409-5228,5228,EPIC FORENSICS & ENGINEERING INC.,1806 Okeechobee Rd Ste A,West Palm Beach,FL,33409-5228,,Consulting Engineer,Chief Executive Officer,Rene Portieles,Epic Forensics & Engrg Inc,,Search1600.csv,No close match,,,,,,,,,,,,,,,,,,,,,,,
Unique Medical Supplies Inc,1750 N Fla Mngo Rd Ste 10,West Palm Beach,FL,33409-5230,5230,UNIQUE MEDICAL SUPPLIES INC,1750 N Florida Mango Rd Ste 102,West Palm Beach,FL,33409-5230,,Medical Equipment And Supplies,President,Mr. Isaac Aliancin,Unique Medical Supplies Inc,https://floridaucc.com/search?text=UNIQUE MEDICAL SUPPLIES INC&searchOptionType=LegacySearch&searchOptionSubOption=FiledAndLapsedActualDebtorNameList&searchCategory=Standard,Search1600.csv,Lapsed,07/13/2006,07/13/2011,03/02/2026,200603159336,0,1,,,,,,,,,,,1,"UNIQUE MEDICAL SUPPLIES, INC.","7320 GEORGIA AVE., WEST PALM BEACH, FL, 33405",UCC1,1,,07/13/2006
Preferred AC & Mech Inc,1643 Donna Rd,West Palm Beach,FL,33409-5233,5233,"PREFERRED AIR CONDITIONING & MECHANICAL, INC.",1643 Donna Rd,West Palm Beach,FL,33409-5233,C051,Warm Air Heating And Air Conditioning Contractor,President,Mr. Wayne O'bryon,Preferred AC & Mech Inc,,Search1600.csv,No close match,,,,,,,,,,,,,,,,,,,,,,,
Brown & Phillips  Inc,1860 Okeechobee Rd,West Palm Beach,FL,33409-5242,5242,"BROWN & PHILLIPS, INC.",1860 Okeechobee Rd Ste 509,West Palm Beach,FL,33409-5242,C051,Surveying Services,President,Mr. John E Phillips,Brown & Phillips  Inc,"https://floridaucc.com/search?text=BROWN & PHILLIPS, INC.&searchOptionType=LegacySearch&searchOptionSubOption=FiledAndLapsedActualDebtorNameList&searchCategory=Standard",Search1600.csv,Lapsed,07/31/1995,07/31/2000,03/02/2026,950000152195,0,1,,,,,,,,,,,1,BROWN & PHILLIPS INC,"3970 RCA BLVD STE 7005, PALM BEACH GARDENS, FL, 334104231",UCC1,1,,07/31/1995
D C M & Associates,1300 N Fla Mngo Rd Ste 15,West Palm Beach,FL,33409-5252,5252,D C M & ASSOCIATES,1300 N Florida Mango Rd Ste 15,West Palm Beach,FL,33409-5252,,Commercial And Industrial Building Operation,Partner,Mr. Donald C Malasky,D C M & Associates,https://floridaucc.com/search?text=D C M & ASSOCIATES&searchOptionType=LegacySearch&searchOptionSubOption=FiledAndLapsedActualDebtorNameList&searchCategory=Standard,Search1600.csv,Lapsed,02/19/2001,02/19/2016,03/02/2026,200100038500,5,1,,,,,,,,,,,1,D C M ASSOCIATES,"1300 N FLORIDA MANGO RD, WEST PALM BEACH, FL, 33409",UCC1,6,,02/19/2001
Serene Treatment  Inc,1860 Okeechobee Rd Ste 4,West Palm Beach,FL,33409-5253,5253,"SERENE TREATMENT, INC.",1860 Okeechobee Rd Ste 402,West Palm Beach,FL,33409-5253,C051,Drug Addiction Rehabilitation Hospital,Director,Ms. Linda A Ruth,Serene Treatment  Inc,"https://floridaucc.com/search?text=SERENE TREATMENT, INC.&searchOptionType=LegacySearch&searchOptionSubOption=FiledAndLapsedActualDebtorNameList&searchCategory=Standard",Search1600.csv,Lapsed,01/20/2015,01/20/2020,03/02/2026,201502943741,0,1,,,,,,,,,,,1,"SERENE TREATMENT, INC","1860 OLD OKEECHOBEE ROAD SUITE 402, WEST PALM BEACH, FL, 33409",UCC1,1,,01/20/2015
Electrical Specialty Svcs Inc,1860 Okeechobee Rd Ste 2,West Palm Beach,FL,33409-5253,5253,"ELECTRICAL SPECIALTY SERVICES, INC.",1860 Okeechobee Rd Ste 206,West Palm Beach,FL,33409-5253,C051,General Electrical Contractor,President,Mr. John M Russell,Electrical Specialty Svcs Inc,"https://floridaucc.com/search?text=ELECTRICAL SPECIALTY SERVICES, INC.&searchOptionType=LegacySearch&searchOptionSubOption=FiledAndLapsedActualDebtorNameList&searchCategory=Standard",Search1600.csv,Lapsed,04/16/1992,04/16/1997,03/02/2026,920000076416,1,1,,,,,,,,,,,3,RUSSELL JOHN MICHAEL,"2515 GENESSEE AVE, WEST PALM BEACH, FL, 33409",UCC1,1,,04/16/1992
Haynes Scaffolding & Sup Inc,1685 N Florida Mango Rd,West Palm Beach,FL,33409-5254,5254,"HAYNES SCAFFOLDING & SUPPLY, INC.",1685 N Florida Mango Rd,West Palm Beach,FL,33409-5254,C069,"Equipment Rental And Leasing, Nec",President,Mr. Rick A Haynes,Haynes Scaffolding & Sup Inc,"https://floridaucc.com/search?text=HAYNES SCAFFOLDING & SUPPLY, INC.&searchOptionType=LegacySearch&searchOptionSubOption=FiledAndLapsedActualDebtorNameList&searchCategory=Standard",Search1600.csv,Lapsed,05/27/1998,05/27/2003,03/02/2026,980000115913,0,1,,,,,,,,,,,1,HAYNES SCAFFOLDING & SUPPLY INC,"1210 ORTEGA RD, W PALM BEACH, FL, 33405",UCC1,1,,05/27/1998
Acs Of West Palm Beach Inc,1300 N Fla Mngo Rd Ste 14,West Palm Beach,FL,33409-5255,5255,ACS OF WEST PALM BEACH INC,1300 N Florida Mango Rd Ste 14,West Palm Beach,FL,33409-5255,,Vacuum Cleaner Bags: Made From Purchased Materials,President,Mr. Matthew Mcclellan,Acs Of West Palm Beach Inc,,Search1600.csv,No close match,,,,,,,,,,,,,,,,,,,,,,,
Mes Industries Inc,1300 N Fla Mngo Rd Ste 21,West Palm Beach,FL,33409-5257,5257,MES INDUSTRIES INC.,1300 N Florida Mango Rd Ste 21,West Palm Beach,FL,33409-5257,,Communication Equipment,President,Mr. Michael Stoker,Mes Industries Inc,https://floridaucc.com/search?text=MES INDUSTRIES INC.&searchOptionType=LegacySearch&searchOptionSubOption=FiledAndLapsedActualDebtorNameList&searchCategory=Standard,Search1600.csv,Lapsed,01/16/2001,01/16/2006,03/02/2026,200100011900,0,1,,,,,,,,,,,1,MES INDUSTRIES INC,"1300 N FLORIDA MANGO RD STE 21, WEST PALM BEACH, FL, 33409",UCC1,3,,01/16/2001
Palm Beach Sandal Company,1027 N Florida Mango Rd,West Palm Beach,FL,33409-5257,5257,PALM BEACH SANDAL COMPANY,1027 N Florida Mango Rd,West Palm Beach,FL,33409-5257,,"Footwear, Athletic",Principal,Ms. Monica Bonanno,Palm Beach Sandal Company,https://floridaucc.com/search?text=PALM BEACH SANDAL COMPANY&searchOptionType=LegacySearch&searchOptionSubOption=FiledAndLapsedActualDebtorNameList&searchCategory=Standard,Search1600.csv,Lapsed,10/14/2015,10/14/2020,03/02/2026,201505353546,1,1,,,,,,,,,,,2,PALM BEACH SANDAL COMPANY,"2508 FLORIDA AVE, WEST PALM BEACH, FL, 33401",UCC1,1,,10/14/2015
Integrted Cnnbis Solutions Inc,1300 N Fla Mango Ste 30,West Palm Beach,FL,33409-5258,5258,"INTEGRATED CANNABIS SOLUTIONS, INC.",1300 N Florida Mango Rd Ste 30,West Palm Beach,FL,33409-5258,,Administrative Services Consultant,President,Gene Caiazzo,Integrted Cnnbis Solutions Inc,,Search1600.csv,No close match,,,,,,,,,,,,,,,,,,,,,,,
Personnel Staffing,1300 N Florida Mango Rd,West Palm Beach,FL,33409-5259,5259,PERSONNEL STAFFING,1300 N Florida Mango Rd,West Palm Beach,FL,33409-5259,,Temporary Help Service,Manager,Mr. Daniel Barnette,Personnel Staffing,https://floridaucc.com/search?text=PERSONNEL STAFFING&searchOptionType=LegacySearch&searchOptionSubOption=FiledAndLapsedActualDebtorNameList&searchCategory=Standard,Search1600.csv,Lapsed,10/22/2018,10/22/2023,03/02/2026,201806839812,0,1,,,,,,,,,,,1,PERSONNEL STAFFING GROUP LLC,"1751 LAKE COOK RD, DEERFIELD, IL, 60015",UCC1,1,,10/22/2018
Sb Signs  Inc,1300 N Florida Mango Rd,West Palm Beach,FL,33409-5259,5259,"SB SIGNS, INC.",1300 N Florida Mango Rd Ste 20,West Palm Beach,FL,33409-5259,C069,Signs And Advertising Specialties,President,Mr. Scott Bedford,Sb Signs  Inc,"https://floridaucc.com/search?text=SB SIGNS, INC.&searchOptionType=LegacySearch&searchOptionSubOption=FiledAndLapsedActualDebtorNameList&searchCategory=Standard",Search1600.csv,Lapsed,09/14/2000,09/14/2005,03/02/2026,200000212531,0,1,,,,,,,,,,,2,SB SIGNS INC,"2440 OKEECHOBEE BLVD, WEST PALM BEACH, FL, 33409",UCC1,1,,09/14/2000
Pipelining Technologies  Inc,1500 N Fl Mango Rd Ste 1,West Palm Beach,FL,33409-5262,5262,"PIPELINING TECHNOLOGIES, INC.",1500 N Florida Mango Rd Ste 1,West Palm Beach,FL,33409-5262,C069,Drainage System Construction,President,Mr. Michael Wilson,Pipelining Technologies  Inc,"https://floridaucc.com/search?text=PIPELINING TECHNOLOGIES, INC.&searchOptionType=LegacySearch&searchOptionSubOption=FiledAndLapsedActualDebtorNameList&searchCategory=Standard",Search1600.csv,Lapsed,02/13/2012,02/13/2017,03/02/2026,201206172647,1,1,,,,,,,,,,,1,"PIPELINING TECHNOLOGIES, INC.","1616 NORTH FLORODA MANGO RD, WEST PALM BEACH, FL, 33409",UCC1,2,,02/13/2012
Palm Beach Copy Service  Inc,1750 N Florida Mango Rd,West Palm Beach,FL,33409-5266,5266,"PALM BEACH COPY SERVICE, INC.",1750 N Florida Mango Rd,West Palm Beach,FL,33409-5266,C069,Blueprinting Service,President,Mr. Ed Holmes,Palm Beach Copy Service  Inc,"https://floridaucc.com/search?text=PALM BEACH COPY SERVICE, INC.&searchOptionType=LegacySearch&searchOptionSubOption=FiledAndLapsedActualDebtorNameList&searchCategory=Standard",Search1600.csv,Filed,12/21/2020,12/21/2030,03/02/2026,202005673879,1,1,,,,,,,,,,,1,PALM BEACH COPY SERVICE INC,"1335 OKEECHOBEE RD STE 700, WEST PALM BEACH, FL, 33401",UCC1,1,,12/21/2020
Tri County Furniture Service,1750 N Florida Mango Rd,West Palm Beach,FL,33409-5266,5266,TRI COUNTY FURNITURE SERVICE INC,1750 N Florida Mango Rd Ste 412,West Palm Beach,FL,33409-5266,C069,Furniture Refinishing,President,Mr. Bryan Lysaght,Tri County Furniture Service,https://floridaucc.com/search?text=TRI COUNTY FURNITURE SERVICE INC&searchOptionType=LegacySearch&searchOptionSubOption=FiledAndLapsedActualDebtorNameList&searchCategory=Standard,Search1600.csv,Lapsed,06/06/2019,06/06/2024,03/02/2026,201908813553,1,1,,,,,,,,,,,1,TRI COUNTY FURNITURE SERVICE INC,"1750 N FLORIDA MANGO RD, SUITE 412, WEST PALM BEACH , FL, 33409",UCC1,2,,06/06/2019
At Your Service Bldg Maint Inc,1750 N Fla Mngo Rd Ste 40,West Palm Beach,FL,33409-5266,5266,"AT YOUR SERVICE BUILDING MAINTENANCE, INC.",1750 N Florida Mango Rd Ste 403,West Palm Beach,FL,33409-5266,,"Janitorial Service, Contract Basis",President,Mr. Jim Azinheria,At Your Service Bldg Maint Inc,,Search1600.csv,No close match,,,,,,,,,,,,,,,,,,,,,,,
Tire Equipment Sales & Svc Co,1698 Okeechobee Rd Ste 2j,West Palm Beach,FL,33409-5274,5274,TIRE EQUIPMENT SALES & SERVICE CO INC,1696 Okeechobee Rd Ste 2j,West Palm Beach,FL,33409-5274,C051,Automotive Servicing Equipment,President,Mr. Carl W Wingo,Tire Equipment Sales & Svc Co,,Search1600.csv,No close match,,,,,,,,,,,,,,,,,,,,,,,
Granados Management Company,1547 N Florida Mango Rd,West Palm Beach,FL,33409-5275,5275,GRANADOS MANAGEMENT COMPANY,1547 N Florida Mango Rd,West Palm Beach,FL,33409-5275,C069,Real Estate Agents And Managers,President,Mr. Felix Granados,Granados Management Company,https://floridaucc.com/search?text=GRANADOS MANAGEMENT COMPANY&searchOptionType=LegacySearch&searchOptionSubOption=FiledAndLapsedActualDebtorNameList&searchCategory=Standard,Search1600.csv,Lapsed,08/27/1992,08/27/1997,03/02/2026,920000174464,0,1,,,,,,,,,,,1,GRANADOS MANAGEMENT COMPANY,"5481 N SRF 7, TAMARAC, FL, 33319",UCC1,1,,08/27/1992
Anything Electric  Inc,1547 N Florida Mango Rd,West Palm Beach,FL,33409-5280,5280,"ANYTHING ELECTRIC, INC",1547 N Florida Mango Rd Ste 14-5,West Palm Beach,FL,33409-5280,C069,General Electrical Contractor,President,Mr. Joseph T Doran,Anything Electric  Inc,"https://floridaucc.com/search?text=ANYTHING ELECTRIC, INC&searchOptionType=LegacySearch&searchOptionSubOption=FiledAndLapsedActualDebtorNameList&searchCategory=Standard",Search1600.csv,Filed,04/05/1996,04/05/2031,03/02/2026,960000069198,8,1,,,,,,,,,,,1,ANYTHING ELECTRIC INC,"1547 N FLA MANGO RD, WEST PALM BCH, FL, 33409",UCC1,1,,04/05/1996
Brown Moving & Storage  Inc,1900 Okeechobee Rd,West Palm Beach,FL,33409-5282,5282,"BROWN MOVING & STORAGE, INC.",1900 Okeechobee Rd,West Palm Beach,FL,33409-5282,C051,Moving Services,President,Mr. Ian F Brown,Brown Moving & Storage  Inc,"https://floridaucc.com/search?text=BROWN MOVING & STORAGE, INC.&searchOptionType=LegacySearch&searchOptionSubOption=FiledAndLapsedActualDebtorNameList&searchCategory=Standard",Search1600.csv,Lapsed,08/16/1996,08/16/2001,03/02/2026,960000172260,0,1,,,,,,,,,,,1,BROWN MOVING & STORAGE INC,"1900 OLD OKEECHOBEE ROAD, WEST PALM BEACH, FL, 334095230",UCC1,2,,08/16/1996
All Florida Gar Door Svcs Inc,1470 N Congress Ave,West Palm Beach,FL,33409-5311,5311,"ALL FLORIDA GARAGE DOOR SERVICES, INC.",1470 N Congress Ave Ste 101,West Palm Beach,FL,33409-5311,C067,"Garage Door, Installation Or Erection",President,Mr. David Dubose,All Florida Gar Door Svcs Inc,,Search1600.csv,No close match,,,,,,,,,,,,,,,,,,,,,,,
Master Contractors  Inc,1470 N Congress Ave Ste 1,West Palm Beach,FL,33409-5311,5311,"MASTER CONTRACTORS, INC.",1470 N Congress Ave Ste 1,West Palm Beach,FL,33409-5311,,Roofing Contractor,President,Ms. Sandra Puerta,Master Contractors  Inc,"https://floridaucc.com/search?text=MASTER CONTRACTORS, INC.&searchOptionType=LegacySearch&searchOptionSubOption=FiledAndLapsedActualDebtorNameList&searchCategory=Standard",Search1600.csv,Lapsed,06/05/2020,06/05/2025,03/02/2026,202002042460,0,1,,,,,,,,,,,1,MASTER CONTRACTORS INC,"6476 KIRSTEN WAY, LAKE WORTH, FL, 33467",UCC1,1,,06/05/2020
S Group  Inc,1470 N Congress Ave,West Palm Beach,FL,33409-5312,5312,"S GROUP, INC.",1470 N Congress Ave Ste 119,West Palm Beach,FL,33409-5312,C067,Roofing Contractor,President,Mr. Manuel F Sanchez,S Group  Inc,"https://floridaucc.com/search?text=S GROUP, INC.&searchOptionType=LegacySearch&searchOptionSubOption=FiledAndLapsedActualDebtorNameList&searchCategory=Standard",Search1600.csv,Filed,05/29/2020,05/29/2030,03/02/2026,202001864475,1,1,,,,,,,,,,,1,S GROUP INC,"1470 N. CONGRESS AVE. SUITE 119, WEST PALM BEACH, FL, 33409",UCC1,1,,05/29/2020
Paws 2 Help Inc,1143 N Military Trl,West Palm Beach,FL,33409-6012,6012,PAWS 2 HELP INC.,1143 N Military Trl,West Palm Beach,FL,33409-6012,C066,"Veterinary Services, Specialties",President,Ms. Eve Vanengel,Paws 2 Help Inc,https://floridaucc.com/search?text=PAWS 2 HELP INC.&searchOptionType=LegacySearch&searchOptionSubOption=FiledAndLapsedActualDebtorNameList&searchCategory=Standard,Search1600.csv,Lapsed,07/02/2010,07/02/2015,03/02/2026,201002800518,0,1,,,,,,,,,,,1,PAWS 2 HELP INC,"2061 INDIAN ROAD, WEST PALM BEACH, FL, 33409",UCC1,4,,07/02/2010
All Cars Insurance Inc,1274 N Military Trl,West Palm Beach,FL,33409-6015,6015,ALL CARS INSURANCE INC.,1274 N Military Trl,West Palm Beach,FL,33409-6015,,"Insurance Agents, Nec",President,Mr. Peter Steiner,All Cars Insurance Inc,,Search1600.csv,No close match,,,,,,,,,,,,,,,,,,,,,,,
Elegant Beauty Sups 10 Inc,1321 N Military Trl,West Palm Beach,FL,33409-6016,6016,"ELEGANT BEAUTY SUPPLIES 10, INC.",1321 N Military Trl,West Palm Beach,FL,33409-6016,,Beauty Parlor Equipment And Supplies,President,Mr. George F Mobassaleh,Elegant Beauty Sups 10 Inc,,Search1600.csv,No close match,,,,,,,,,,,,,,,,,,,,,,,
Greater Yamaha Of Palm Beach,1466 N Military Trl,West Palm Beach,FL,33409-6019,6019,GREATER YAMAHA OF PALM BEACH,1466 N Military Trl,West Palm Beach,FL,33409-6019,,Motorcycle Dealers,President,Carrington Lloyd,Greater Yamaha Of Palm Beach,https://floridaucc.com/search?text=GREATER YAMAHA OF PALM BEACH&searchOptionType=LegacySearch&searchOptionSubOption=FiledAndLapsedActualDebtorNameList&searchCategory=Standard,Search1600.csv,Lapsed,04/30/1993,04/30/1998,03/02/2026,930000090654,0,1,,,,,,,,,,,2,THIESSEN AND JUDKINS INC,"2532 OKEECHOBEE BLVD, WEST PALM BEACH, FL, 33409",UCC1,1,,04/30/1993
Tip Top Car Wash Inc,1450 N Military Trl,West Palm Beach,FL,33409-6019,6019,TIP TOP CAR WASH INC,1450 N Military Trl,West Palm Beach,FL,33409-6019,C066,"Washing And Polishing, Automotive",President,Mr. Mark Sedelnik,Tip Top Car Wash Inc,https://floridaucc.com/search?text=TIP TOP CAR WASH INC&searchOptionType=LegacySearch&searchOptionSubOption=FiledAndLapsedActualDebtorNameList&searchCategory=Standard,Search1600.csv,Filed,01/26/2017,01/26/2027,03/02/2026,201700102069,2,1,,,,,,,,,,,1,"TIP TOP CAR WASH, INC.","1450 N. MILITARY TRAIL, WEST PALM BEACH, GA, 33409",UCC1,3,,01/26/2017
Shamsad Begum  MD  PA,1195 N Military Trl,West Palm Beach,FL,33409-6058,6058,"SHAMSAD BEGUM, M.D., P.A.",1195 N Military Trl,West Palm Beach,FL,33409-6058,,"General And Family Practice, Physician/Surgeon",Partner,Shamsad Begum,Shamsad Begum  MD  PA,"https://floridaucc.com/search?text=SHAMSAD BEGUM, M.D., P.A.&searchOptionType=LegacySearch&searchOptionSubOption=FiledAndLapsedActualDebtorNameList&searchCategory=Standard",Search1600.csv,Lapsed,03/13/2007,03/13/2017,03/02/2026,200705026246,2,1,,,,,,,,,,,1,SHAMSAD BEGUM MD PA,"1195 N MILITARY TRAIL A, WEST PALM BCH, FL, 33409",UCC1,1,,03/13/2007
South Florida Moulding  LLC,1256 5th St Ste 3,West Palm Beach,FL,33409-6230,6230,"SOUTH FLORIDA MOULDING, LLC",1256 5th St Ste 3,West Palm Beach,FL,33409-6230,C067,"Planing Mill, Millwork",Managing Member,Mr. Steven E Richmond,South Florida Moulding  LLC,"https://floridaucc.com/search?text=SOUTH FLORIDA MOULDING, LLC&searchOptionType=LegacySearch&searchOptionSubOption=FiledAndLapsedActualDebtorNameList&searchCategory=Standard",Search1600.csv,Lapsed,05/10/2016,05/10/2021,03/02/2026,201607560273,0,1,,,,,,,,,,,2,"UNITED MILLWORK AND DOOR, LLC","445 S.E. 1ST AVE SUITE #E, DELRAY BEACH, FL, 33444",UCC1,1,,05/10/2016
Belvedere Baptist Church Inc,301 Cherry Rd,West Palm Beach,FL,33409-6299,6299,BELVEDERE BAPTIST CHURCH INC,301 Cherry Rd,West Palm Beach,FL,33409-6299,C018,Baptist Church,Pastor,Ray Henry,Belvedere Baptist Church Inc,https://floridaucc.com/search?text=BELVEDERE BAPTIST CHURCH INC&searchOptionType=LegacySearch&searchOptionSubOption=FiledAndLapsedActualDebtorNameList&searchCategory=Standard,Search1600.csv,Lapsed,10/23/2009,10/23/2014,03/02/2026,200901402506,0,1,,,,,,,,,,,1,"BELVEDERE BAPTIST CHURCH, INC.","301 CHERRY ROAD, WEST PALM BEACH, FL, 33499",UCC1,3,,10/23/2009
Excel Leadership Academy Inc,1310 N Congress Ave Ste A,West Palm Beach,FL,33409-6314,6314,EXCEL LEADERSHIP ACADEMY INC.,1310 Old Congress Ave Ste A,West Palm Beach,FL,33409-6314,,Academy,Principal,Ms. Dorothy Gay,Excel Leadership Academy Inc,,Search1600.csv,No close match,,,,,,,,,,,,,,,,,,,,,,,
Connectons High Schl Vctnal Ct,1310 Old Congress Ave,West Palm Beach,FL,33409-6314,6314,CONNECTIONS HIGH SCHOOL & VOCATIONAL CENTER INC.,1310 Old Congress Ave,West Palm Beach,FL,33409-6314,,Elementary And Secondary Schools,Principal,Mr. Jason T Portman,Connectons High Schl Vctnal Ct,,Search1600.csv,No close match,,,,,,,,,,,,,,,,,,,,,,,
Engenuity Group  Inc,1280 Old Congress Ave,West Palm Beach,FL,33409-6377,6377,"ENGENUITY GROUP, INC.",1280 Old Congress Ave Ste 101,West Palm Beach,FL,33409-6377,C067,Civil Engineering,President,C A Rayman,Engenuity Group  Inc,"https://floridaucc.com/search?text=ENGENUITY GROUP, INC.&searchOptionType=LegacySearch&searchOptionSubOption=FiledAndLapsedActualDebtorNameList&searchCategory=Standard",Search1600.csv,Filed,12/15/2025,12/15/2030,03/02/2026,202504687646,0,1,,,,,,,,,,,2,"ENGENUITY GROUP, INC.","1280 NORTH CONGRESS AVE STE 101, WEST PALM BEACH, FL, 33409",UCC1,1,,12/15/2025
Plumbers Ppftters Local UN 630,1900 N Florida Mango Rd,West Palm Beach,FL,33409-6408,6408,PLUMBERS & PIPEFITTERS LOCAL UNION 630,1900 N Florida Mango Rd,West Palm Beach,FL,33409-6408,C069,Labor Union,Manager,Mr. Owen Culpepper,Plumbers Ppftters Local UN 630,,Search1600.csv,No close match,,,,,,,,,,,,,,,,,,,,,,,
Verdes Tropicana,2500 N Florida Mango Rd,West Palm Beach,FL,33409-6409,6409,VERDES TROPICANA,2500 N Florida Mango Rd,West Palm Beach,FL,33409-6409,,Ten Pin Center,Owner,Mr. Robert Daniel,Verdes Tropicana,https://floridaucc.com/search?text=VERDES TROPICANA&searchOptionType=LegacySearch&searchOptionSubOption=FiledAndLapsedActualDebtorNameList&searchCategory=Standard,Search1600.csv,Lapsed,04/06/2010,04/06/2015,03/02/2026,201002290048,0,1,,,,,,,,,,,1,VERDES TROPICANA BOWLING,"1801 BELVEDERE RD, WEST PALM BEACH, FL, 33406",UCC1,1,,04/06/2010
Wpb Pba Rtree Hlth Beneft Plan,2100 N Florida Mango Rd,West Palm Beach,FL,33409-6412,6412,WPB PBA RETIREE HEALTH BENEFIT PLAN,2100 N Florida Mango Rd,West Palm Beach,FL,33409-6412,,Pension And Retirement Plan Consultants,Principal,Mr. Ernest George,Wpb Pba Rtree Hlth Beneft Plan,,Search1600.csv,No close match,,,,,,,,,,,,,,,,,,,,,,,
Palm Bch Cnty Plbg Pipe Ftting,1800 Longwood Rd,West Palm Beach,FL,33409-6424,6424,PALM BEACH COUNTY PLUMBING & PIPE FITTING JATC INC,1800 Longwood Rd,West Palm Beach,FL,33409-6424,C069,"Vocational Schools, Nec",Director,Mr. William S Keene,Palm Bch Cnty Plbg Pipe Ftting,,Search1600.csv,No close match,,,,,,,,,,,,,,,,,,,,,,,
Fsr Logistics Corp,1710 Upland Rd,West Palm Beach,FL,33409-6426,6426,FSR LOGISTICS CORP,1710 Upland Rd,West Palm Beach,FL,33409-6426,,"Trucking, Except Local",President,Mr. Frederick Riceputo,Fsr Logistics Corp,,Search1600.csv,No close match,,,,,,,,,,,,,,,,,,,,,,,
Champion Pools & Spas  Inc,1700 Upland Rd,West Palm Beach,FL,33409-6426,6426,"CHAMPION POOLS & SPAS, INC.",1700 Upland Rd,West Palm Beach,FL,33409-6426,C069,Swimming Pool Construction,President,Mr. David Brams,Champion Pools & Spas  Inc,"https://floridaucc.com/search?text=CHAMPION POOLS & SPAS, INC.&searchOptionType=LegacySearch&searchOptionSubOption=FiledAndLapsedActualDebtorNameList&searchCategory=Standard",Search1600.csv,Lapsed,02/25/1999,02/25/2004,03/02/2026,990000042350,0,1,,,,,,,,,,,1,CHAMPION POOLS & SPAS INC,"1923 CHURCH STREET, WEST PALM BEACH, FL, 33409",UCC1,2,,02/25/1999
Total Home Care Palm Beach LLC,1818 S Astrlian Ave Ste 2,West Palm Beach,FL,33409-6447,6447,"TOTAL HOME CARE PALM BEACH, LLC",1818 S Australian Ave Ste 202,West Palm Beach,FL,33409-6447,,"Personal Care Home, With Health Care",Chief Executive Officer,Mr. Andy Hernandez,Total Home Care Palm Beach LLC,"https://floridaucc.com/search?text=TOTAL HOME CARE PALM BEACH, LLC&searchOptionType=LegacySearch&searchOptionSubOption=FiledAndLapsedActualDebtorNameList&searchCategory=Standard",Search1600.csv,Filed,04/10/2024,04/10/2029,03/02/2026,202400954699,0,1,,,,,,,,,,,7,"EMPIRE SERVICE HOLDINGS, INC.","5757 WATERFORD DISTRICT DRIVE, SUITE 210, MIAMI, FL, 33126",UCC1,3,,04/10/2024
Dicker Krivok & Stoloff PA,1818 S Astrlian Ave Ste 4,West Palm Beach,FL,33409-6447,6447,"DICKER, KRIVOK & STOLOFF, P.A.",1818 S Australian Ave Ste 400,West Palm Beach,FL,33409-6447,,General Practice Law Office,President,Mr. Edward A Dicker,Dicker Krivok & Stoloff PA,,Search1600.csv,No close match,,,,,,,,,,,,,,,,,,,,,,,
Pride Integrated Services,2200 N Florida Mango Rd,West Palm Beach,FL,33409-6448,6448,"PRIDE INTEGRATED SERVICES, INC",2200 N Florida Mango Rd Ste 100,West Palm Beach,FL,33409-6448,,Rehabilitation Services,Chief Executive Officer,Ms. Maureen F Brickous,Pride Integrated Services,"https://floridaucc.com/search?text=PRIDE INTEGRATED SERVICES, INC&searchOptionType=LegacySearch&searchOptionSubOption=FiledAndLapsedActualDebtorNameList&searchCategory=Standard",Search1600.csv,Lapsed,02/27/1995,02/27/2000,03/02/2026,950000040326,0,1,,,,,,,,,,,1,PRIDE INTEGRATED SERVICES INC,"2711 EXCHANGE CT, WEST PALM BEACH, FL, 334094017",UCC1,1,,02/27/1995
Matrix Care  LLC,1800 S Australian Ave,West Palm Beach,FL,33409-6450,6450,"MATRIX CARE, LLC",1800 S Australian Ave,West Palm Beach,FL,33409-6450,C051,Home Health Care Services,Member,Pernille Ostberg,Matrix Care  LLC,"https://floridaucc.com/search?text=MATRIX CARE, LLC&searchOptionType=LegacySearch&searchOptionSubOption=FiledAndLapsedActualDebtorNameList&searchCategory=Standard",Search1600.csv,Filed,12/27/2007,12/27/2027,03/02/2026,200707305444,4,1,,,,,,,,,,,1,"MATRIX CARE, LLC","360 COLUMBIA DRIVE, #102, WEST PALM BEACH, FL, 33409",UCC1,1,,12/27/2007
Innovent Global  Inc,1818 S Australian Ave,West Palm Beach,FL,33409-6451,6451,"INNOVENT GLOBAL, INC.",1818 S Australian Ave Ste 300,West Palm Beach,FL,33409-6451,C051,Executive Placement,Vice President Business Develo,Mr. John Fay,Innovent Global  Inc,"https://floridaucc.com/search?text=INNOVENT GLOBAL, INC.&searchOptionType=LegacySearch&searchOptionSubOption=FiledAndLapsedActualDebtorNameList&searchCategory=Standard",Search1600.csv,Filed,06/11/2020,06/11/2030,03/02/2026,202002210894,1,1,,,,,,,,,,,1,"INNOVENT GLOBAL, INC","1818 S AUSTRALIAN AVE STE 300, WEST PALM BCH, FL, 33409",UCC1,1,,06/11/2020
Executive Svc Crps Sthast Fla,1818 S Australian Ave,West Palm Beach,FL,33409-6452,6452,"EXECUTIVE SERVICE CORPS OF SOUTHEAST FLORIDA, IN",1818 S Australian Ave Ste 450,West Palm Beach,FL,33409-6452,C051,Educational Consultant,President,Ms. Kathy Adams,Executive Svc Crps Sthast Fla,,Search1600.csv,No close match,,,,,,,,,,,,,,,,,,,,,,,
Allied Property Mgt Group Inc,1711 Worthington Rd,West Palm Beach,FL,33409-6455,6455,"ALLIED PROPERTY MANAGEMENT GROUP, INC.",1711 Worthington Rd Ste 103,West Palm Beach,FL,33409-6455,C069,Real Estate Managers,President,Mr. Anthony Marotta,Allied Property Mgt Group Inc,"https://floridaucc.com/search?text=ALLIED PROPERTY MANAGEMENT GROUP, INC.&searchOptionType=LegacySearch&searchOptionSubOption=FiledAndLapsedActualDebtorNameList&searchCategory=Standard",Search1600.csv,Lapsed,11/19/2019,11/19/2024,03/02/2026,201900186681,1,1,,,,,,,,,,,1,"ALLIED PROPERTY GROUP, INC.","12350 SW 132 COURT, SUITE 114, MIAMI, FL, 33186",UCC1,1,,11/19/2019
Slayerz,2501 Bristol Dr Ste 4a,West Palm Beach,FL,33409-6458,6458,SLAYER'Z,2501 Bristol Dr Ste 4a,West Palm Beach,FL,33409-6458,,"Clothing And Shoes, Secondhand",Chief Executive Officer,Keesha W Stclair,Slayerz,,Search1600.csv,No close match,,,,,,,,,,,,,,,,,,,,,,,
Copperline Partners  LLC,1801 S Australian Ave,West Palm Beach,FL,33409-6465,6465,"COPPERLINE PARTNERS, LLC",1801 S Australian Ave,West Palm Beach,FL,33409-6465,C051,"Land Subdividers And Developers, Residential",Administrator,Mr. Adam Schlesinger,Copperline Partners  LLC,,Search1600.csv,No close match,,,,,,,,,,,,,,,,,,,,,,,
Natures Earth Products  Inc,2200 N Florida Mango Rd,West Palm Beach,FL,33409-6468,6468,"NATURE'S EARTH PRODUCTS, INC.",2200 N Florida Mango Rd Ste 403,West Palm Beach,FL,33409-6468,C069,"Cement Refractories, Nonclay",Chief Executive Officer,Mr. Kenyon A Simard,Natures Earth Products  Inc,,Search1600.csv,No close match,,,,,,,,,,,,,,,,,,,,,,,
Tru-Bamboo LLC,2200 Cntre Pk W Dr Ste 10,West Palm Beach,FL,33409-6473,6473,"TRU-BAMBOO, LLC",2200 Centre Park West Dr Ste 100,West Palm Beach,FL,33409-6473,,Homefurnishings,Member,Dale R Hedrick,Tru-Bamboo LLC,"https://floridaucc.com/search?text=TRU-BAMBOO, LLC&searchOptionType=LegacySearch&searchOptionSubOption=FiledAndLapsedActualDebtorNameList&searchCategory=Standard",Search1600.csv,Lapsed,12/10/2004,12/10/2009,03/02/2026,200408492854,0,1,,,,,,,,,,,1,"TRU-BAMBOO, LLC","1500A ELIZABETH AVENUE, WEST PALM BEACH, FL, 33401",UCC1,1,,12/10/2004
West Palm Beach Hotel LLC,1808 S Australian Ave,West Palm Beach,FL,33409-6487,6487,WEST PALM BEACH HOTEL L.L.C.,1808 S Australian Ave,West Palm Beach,FL,33409-6487,,Hotels,Manager,Mr. Stew Levy,West Palm Beach Hotel LLC,https://floridaucc.com/search?text=WEST PALM BEACH HOTEL L.L.C.&searchOptionType=LegacySearch&searchOptionSubOption=FiledAndLapsedActualDebtorNameList&searchCategory=Standard,Search1600.csv,Lapsed,02/11/2013,02/11/2018,03/02/2026,201308418416,1,1,,,,,,,,,,,1,WEST PALM BEACH HOTEL L.L.C.,"399 MONMOUNT STREET, EAST WINDSOR, NJ, 08520",UCC1,9,,02/11/2013
Palm Federal Credit Union,1910 N Florida Mango Rd,West Palm Beach,FL,33409-6490,6490,PALM FEDERAL CREDIT UNION,1910 N Florida Mango Rd,West Palm Beach,FL,33409-6490,,Federal Credit Unions,Office Manager,Mr. Richard King,Palm Federal Credit Union,,Search1600.csv,No close match,,,,,,,,,,,,,,,,,,,,,,,
Central Palm Bch Srgery Ctr Ll,2047 Palm Beach Lakes Blv,West Palm Beach,FL,33409-6500,6500,CENTRAL PALM BEACH SURGERY CENTER LLC,2047 Palm Beach Lakes Blvd,West Palm Beach,FL,33409-6500,C053,Surgeon,Member,Mr. Jonathan Cutler,Central Palm Bch Srgery Ctr Ll,,Search1600.csv,No close match,,,,,,,,,,,,,,,,,,,,,,,
Sunshine Of Pb Inc,2030 Palm Bch Lakes Blvd,West Palm Beach,FL,33409-6502,6502,SUNSHINE OF PB INC,2030 Palm Beach Lakes Blvd,West Palm Beach,FL,33409-6502,,Chinese Restaurant,General Manager,Mr. Anthony Miller,Sunshine Of Pb Inc,https://floridaucc.com/search?text=SUNSHINE OF PB INC&searchOptionType=LegacySearch&searchOptionSubOption=FiledAndLapsedActualDebtorNameList&searchCategory=Standard,Search1600.csv,Filed,06/29/2020,06/29/2030,03/02/2026,20200267663X,1,1,,,,,,,,,,,1,SUNSHINE OF PB INC,"2030 PALM BEACH LAKES BLVD, WEST PALM BEACH, FL, 33409",UCC1,1,,06/29/2020
Rob Morris,2070 Palm Bch Lakes Blvd,West Palm Beach,FL,33409-6502,6502,ROB MORRIS,2070 Palm Beach Lakes Blvd,West Palm Beach,FL,33409-6502,,"Fast-Food Restaurant, Chain",Owner,Mr. Rob Morris,Rob Morris,,Search1600.csv,No close match,,,,,,,,,,,,,,,,,,,,,,,
Top Flite Transportation Inc,2000 Palm Beach Lakes Blv,West Palm Beach,FL,33409-6503,6503,TOP FLITE TRANSPORTATION INC,2000 Palm Beach Lakes Blvd,West Palm Beach,FL,33409-6503,,"Courier Services, Except By Air",President,Ms. Heather Horning,Top Flite Transportation Inc,https://floridaucc.com/search?text=TOP FLITE TRANSPORTATION INC&searchOptionType=LegacySearch&searchOptionSubOption=FiledAndLapsedActualDebtorNameList&searchCategory=Standard,Search1600.csv,Lapsed,02/26/1993,02/26/1998,03/02/2026,930000043268,0,1,,,,,,,,,,,1,TOP FLITE TRANSPORTATION INC,"3052 MERCY DRIVE, ORLANDO, FL, 32808",UCC1,4,,02/26/1993
Turn Key Auto Group Inc,2000 Palm Bch Lakes Blvd,West Palm Beach,FL,33409-6503,6503,TURN KEY AUTO GROUP INC,2000 Palm Beach Lakes Blvd,West Palm Beach,FL,33409-6503,C053,General Automotive Repair Shops,Principal,Mr. William Burns,Turn Key Auto Group Inc,https://floridaucc.com/search?text=TURN KEY AUTO GROUP INC&searchOptionType=LegacySearch&searchOptionSubOption=FiledAndLapsedActualDebtorNameList&searchCategory=Standard,Search1600.csv,Filed,03/19/2018,03/19/2028,03/02/2026,201804510570,1,1,,,,,,,,,,,1,"TURN KEY AUTO GROUP, INC","8958 SE BRIDGE ROAD, HOBE SOUND, FL, 33455",UCC1,1,,03/19/2018
The Bandwidth Capacity Team,2000 Palm Bch Lkes Blvd S,West Palm Beach,FL,33409-6504,6504,THE BANDWIDTH CAPACITY TEAM,2000 Palm Beach Lakes Blvd Ste 205,West Palm Beach,FL,33409-6504,,Telecommunications Consultant,President,Mr. Joseph Osborne,The Bandwidth Capacity Team,https://floridaucc.com/search?text=THE BANDWIDTH CAPACITY TEAM&searchOptionType=LegacySearch&searchOptionSubOption=FiledAndLapsedActualDebtorNameList&searchCategory=Standard,Search1600.csv,Lapsed,03/11/2003,03/11/2008,03/02/2026,200303460022,0,1,,,,,,,,,,,1,"THE BANDWIDTH CAPACITY TEAM, INC.","2005 W. CYPRESS CREEK RD., 101, FT LAUDERDALE, FL, 33309",UCC1,11,,03/11/2003
Mittleman Eye Center,2000 Palm Beach Lakes Blv,West Palm Beach,FL,33409-6504,6504,MITTLEMAN EYE CENTER,2000 Palm Beach Lakes Blvd Ste 400,West Palm Beach,FL,33409-6504,C053,Opthalmologist,President,Mr. David A Mittleman,Mittleman Eye Center,https://floridaucc.com/search?text=MITTLEMAN EYE CENTER&searchOptionType=LegacySearch&searchOptionSubOption=FiledAndLapsedActualDebtorNameList&searchCategory=Standard,Search1600.csv,Lapsed,07/13/2000,07/13/2010,03/02/2026,200000161127,1,1,,,,,,,,,,,2,HGDM OPTICS INC,"2601 N FLAGLER DR ST 106, W PALM BEACH, FL, 33407",UCC1,1,,07/13/2000
Smart Source Of Boston  LLC,2000 Palm Bch Lkes Blvd S,West Palm Beach,FL,33409-6505,6505,"SMART SOURCE OF BOSTON, LLC",2000 Palm Beach Lakes Blvd Ste 600,West Palm Beach,FL,33409-6505,,Printers And Plotters: Computers,Member,Mr. Thomas D'agostino,Smart Source Of Boston  LLC,,Search1600.csv,No close match,,,,,,,,,,,,,,,,,,,,,,,
Hasey Construction Inc,2000 Palm Bch Lakes Blvd,West Palm Beach,FL,33409-6511,6511,HASEY CONSTRUCTION INC,2000 Palm Beach Lakes Blvd Ste 777,West Palm Beach,FL,33409-6511,,"New Construction, Single-Family Houses",President,Mr. Martin J Hasey,Hasey Construction Inc,https://floridaucc.com/search?text=HASEY CONSTRUCTION INC&searchOptionType=LegacySearch&searchOptionSubOption=FiledAndLapsedActualDebtorNameList&searchCategory=Standard,Search1600.csv,Lapsed,04/12/1991,04/12/1996,03/02/2026,910000079856,1,1,,,,,,,,,,,1,HASEY CONSTRUCTION INC,"5550 GLADES RD, 614, BOCA RATON, FL, 33431",UCC1,1,,04/12/1991
Vassallo Law Group  LLC,2001 Palm Bch Lkes Blvd S,West Palm Beach,FL,33409-6514,6514,"VASSALLO LAW GROUP, LLC",2001 Palm Beach Lakes Blvd Ste 204,West Palm Beach,FL,33409-6514,,"General Practice Attorney, Lawyer",Administrator,Mr. Joseph Vassallo,Vassallo Law Group  LLC,"https://floridaucc.com/search?text=VASSALLO LAW GROUP, LLC&searchOptionType=LegacySearch&searchOptionSubOption=FiledAndLapsedActualDebtorNameList&searchCategory=Standard",Search1600.csv,Lapsed,06/17/2010,06/17/2015,03/02/2026,201002708018,1,1,,,,,,,,,,,1,VASSALLO LAW GROUP LLC,"1920 WEKIVA WAY, SUITE 102, WEST PALM BEACH, FL, 33411",UCC1,1,,06/17/2010
Jane E Bistline MD,2031 Palm Bch Lkes Blvd S,West Palm Beach,FL,33409-6525,6525,JANE E BISTLINE MD,2031 Palm Beach Lakes Blvd Ste 100,West Palm Beach,FL,33409-6525,,"Physicians' Office, Including Specialists",Principal,Ms. Jane Bistline,Jane E Bistline MD,https://floridaucc.com/search?text=JANE E BISTLINE MD&searchOptionType=LegacySearch&searchOptionSubOption=FiledAndLapsedActualDebtorNameList&searchCategory=Standard,Search1600.csv,Lapsed,07/12/2005,07/12/2010,03/02/2026,200500155389,0,1,,,,,,,,,,,1,"JANE E. BISTLINE, M.D., P.A.","2047 PALM BEACH LAKES BLVD, WEST PALM BEACH, FL, 33409",UCC1,1,,07/12/2005
Sun Gas Mktg Ptrlm-Palm Bch Ll,2175 Palm Bch Lakes Blvd,West Palm Beach,FL,33409-6601,6601,"SUN GAS MARKETING & PETROLEUM-PALM BEACH, LLC",2175 Palm Beach Lakes Blvd,West Palm Beach,FL,33409-6601,C053,Marketing Consulting Services,Principal,Mr. Jon Vogel,Sun Gas Mktg Ptrlm-Palm Bch Ll,,Search1600.csv,No close match,,,,,,,,,,,,,,,,,,,,,,,
Dick Wbber Exchange Clb Ctr Fo,2161 Palm Bch Lkes Blvd S,West Palm Beach,FL,33409-6611,6611,EXCHANGE CLUB DICK WEBBER CENTER FOR THE PREVENTION OF CHILD ABUSE FORTHE GOLDCOAST,2161 Palm Beach Lakes Blvd Ste 212,West Palm Beach,FL,33409-6611,,Child Related Social Services,Chief Executive Officer,Ms. Sandra Munoz,Dick Wbber Exchange Clb Ctr Fo,,Search1600.csv,No close match,,,,,,,,,,,,,,,,,,,,,,,
Senco Construction Corp,2161 Palm Bch Lkes Blvd S,West Palm Beach,FL,33409-6612,6612,SENCO CONSTRUCTION CORP.,2161 Palm Beach Lakes Blvd Ste 315,West Palm Beach,FL,33409-6612,,Single-Family Housing Construction,President,Ms. Lydia Senecal,Senco Construction Corp,https://floridaucc.com/search?text=SENCO CONSTRUCTION CORP.&searchOptionType=LegacySearch&searchOptionSubOption=FiledAndLapsedActualDebtorNameList&searchCategory=Standard,Search1600.csv,Filed,06/13/2020,06/13/2030,03/02/2026,202002259249,1,1,,,,,,,,,,,1,SENCO CONSTRUCTION CORP,"21346 SAINT ANDREWS BLVD. SUITE 185., BOCA RATON, FL, 33433",UCC1,1,,06/13/2020
Elite Travel Group LLC,2161 Palm Bch Lkes Blvd S,West Palm Beach,FL,33409-6612,6612,ELITE TRAVEL GROUP LLC,2161 Palm Beach Lakes Blvd Ste 309,West Palm Beach,FL,33409-6612,,"Tourist Agency Arranging Transport, Lodging And Car Rental",Member,Mr. Charles Holt,Elite Travel Group LLC,,Search1600.csv,No close match,,,,,,,,,,,,,,,,,,,,,,,
Above Beyond Reprographics Inc,2161 Palm Bch Lkes Blvd S,West Palm Beach,FL,33409-6613,6613,"ABOVE & BEYOND REPROGRAPHICS, INC.",2161 Palm Beach Lakes Blvd Ste 412,West Palm Beach,FL,33409-6613,,Blueprinting Service,President,Ms. Debra Valle,Above Beyond Reprographics Inc,"https://floridaucc.com/search?text=ABOVE & BEYOND REPROGRAPHICS, INC.&searchOptionType=LegacySearch&searchOptionSubOption=FiledAndLapsedActualDebtorNameList&searchCategory=Standard",Search1600.csv,Lapsed,08/18/2004,08/18/2009,03/02/2026,200407681386,0,1,,,,,,,,,,,1,"ABOVE BEYOND REPROGRAPHICS, IN","2161 PALM BEACH LAKES BLVD, WEST PALM BEACH, FL, 33409",UCC1,1,,08/18/2004
Morning Calm Management LLC,1641 Worthington Rd,West Palm Beach,FL,33409-6705,6705,MORNING CALM MANAGEMENT LLC,1641 Worthington Rd Ste 140,West Palm Beach,FL,33409-6705,C069,Business Management,Principal,Mr. Bryan N Zenchyk,Morning Calm Management LLC,,Search1600.csv,No close match,,,,,,,,,,,,,,,,,,,,,,,
Rafael J Roca Law Office PA,1641 Worthington Rd,West Palm Beach,FL,33409-6706,6706,RAFAEL J ROCA LAW OFFICE PA,1641 Worthington Rd Ste 100,West Palm Beach,FL,33409-6706,C069,General Practice Law Office,Principal,Mr. Rafael Roca,Rafael J Roca Law Office PA,,Search1600.csv,No close match,,,,,,,,,,,,,,,,,,,,,,,
Encore Funding  LLC,1641 Wrthngton Rd Ste 410,West Palm Beach,FL,33409-6707,6707,"ENCORE FUNDING, LLC",1641 Worthington Rd Ste 410,West Palm Beach,FL,33409-6707,,Financial Services,Member,Mr. Charles Lowe,Encore Funding  LLC,,Search1600.csv,No close match,,,,,,,,,,,,,,,,,,,,,,,
Whitehall Cndmnums Of The Vllg,2771 Village Blvd,West Palm Beach,FL,33409-6912,6912,"WHITEHALL CONDOMINIUMS OF THE VILLAGES OF PALM BEACH LAKES ASSOCIATION, INC.",2771 Village Blvd,West Palm Beach,FL,33409-6912,C022,Condominium Association,President,Mr. Vince Rossi,Whitehall Cndmnums Of The Vllg,,Search1600.csv,No close match,,,,,,,,,,,,,,,,,,,,,,,
Palm Club Condominum Assoc,1000 Green Pine Blvd,West Palm Beach,FL,33409-7001,7001,PALM CLUB CONDOMINUM ASSOC,1000 Green Pine Blvd,West Palm Beach,FL,33409-7001,,Condominium Association,Manager,Mr. Carlos Simoes,Palm Club Condominum Assoc,,Search1600.csv,No close match,,,,,,,,,,,,,,,,,,,,,,,
Credit Check Inc,2620 Mohawk Cir,West Palm Beach,FL,33409-7138,7138,CREDIT CHECK INC,2620 Mohawk Cir,West Palm Beach,FL,33409-7138,,Consumer Credit Reporting Bureau,Principal,Ms. Renee S Lodes,Credit Check Inc,,Search1600.csv,No close match,,,,,,,,,,,,,,,,,,,,,,,
Kixsquare Inc,2581 Village Blvd,West Palm Beach,FL,33409-7376,7376,KIXSQUARE INC,2581 Village Blvd Apt 101,West Palm Beach,FL,33409-7376,,Family Clothing Stores,Principal,Mr. Christopher C Pierre,Kixsquare Inc,https://floridaucc.com/search?text=KIXSQUARE INC&searchOptionType=LegacySearch&searchOptionSubOption=FiledAndLapsedActualDebtorNameList&searchCategory=Standard,Search1600.csv,Lapsed,10/08/2018,10/08/2023,03/02/2026,201806728425,0,1,,,,,,,,,,,1,KIXSQUARE INC,"2170 NW 99TH TERRACE, PEMBROKE PINES, FL, 33024",UCC1,1,,10/08/2018
Professional Grading Serv,2049 Normandy Cir,West Palm Beach,FL,33409-7387,7387,PROFESSIONAL GRADING SERV,2049 Normandy Cir,West Palm Beach,FL,33409-7387,C022,"Buckets, Excavating: Clamshell, Concrete, Dragline, Etc.",Owner,Mr. Patric Andrew,Professional Grading Serv,,Search1600.csv,No close match,,,,,,,,,,,,,,,,,,,,,,,
Village Place Apartments,2111 Brandywine Rd Ofc,West Palm Beach,FL,33409-7395,7395,VILLAGE PLACE APARTMENTS,2111 Brandywine Rd Ofc,West Palm Beach,FL,33409-7395,C022,Apartment Building Operators,Manager,Ms. Melissa Crawford,Village Place Apartments,,Search1600.csv,No close match,,,,,,,,,,,,,,,,,,,,,,,
Academy For Little People Inc,4639 N Military Trl,West Palm Beach,FL,33409-7808,7808,"ACADEMY FOR LITTLE PEOPLE, INC.",4639 N Military Trl,West Palm Beach,FL,33409-7808,C077,Preparatory School,President,Ms. Nancy Rollins,Academy For Little People Inc,"https://floridaucc.com/search?text=ACADEMY FOR LITTLE PEOPLE, INC.&searchOptionType=LegacySearch&searchOptionSubOption=FiledAndLapsedActualDebtorNameList&searchCategory=Standard",Search1600.csv,Lapsed,03/27/1986,03/27/2006,03/02/2026,1860044539,4,1,,,,,,,,,,,1,ACADEMY FOR LITTLE PEOPLE OF WEST PALM BEACH INC,"4639 N MILITARY TRL, WEST PALM BEACH, FL, 33409",UCC1,1,,03/27/1986
Y H Trading  Inc,4175 Afton Ct,West Palm Beach,FL,33409-7820,7820,"Y H TRADING, INC.",4175 Afton Ct,West Palm Beach,FL,33409-7820,,"Convenience Stores, Independent",President,H B Kim,Y H Trading  Inc,"https://floridaucc.com/search?text=Y H TRADING, INC.&searchOptionType=LegacySearch&searchOptionSubOption=FiledAndLapsedActualDebtorNameList&searchCategory=Standard",Search1600.csv,Lapsed,11/09/1992,11/09/1997,03/02/2026,920000229285,0,1,,,,,,,,,,,2,BARNEY'S CONVENIENCE STORE,"6950 OKEECHOBEE BLVD, WEST PALM BEACH, FL, 33411",UCC1,1,,11/09/1992
Contemporary Living LLC,3154 El Camino Real,West Palm Beach,FL,33409-7828,7828,CONTEMPORARY LIVING LLC,3154 El Camino Real,West Palm Beach,FL,33409-7828,,Furniture Stores,Member,Ms. Cynthia Heathcoe,Contemporary Living LLC,https://floridaucc.com/search?text=CONTEMPORARY LIVING LLC&searchOptionType=LegacySearch&searchOptionSubOption=FiledAndLapsedActualDebtorNameList&searchCategory=Standard,Search1600.csv,Lapsed,11/19/2018,11/19/2023,03/02/2026,201807053677,0,1,,,,,,,,,,,5,CONTEMPORARY LIVING LLC,"736 PARK AVE, LAKE PARK, FL, 33403",UCC1,4,,11/19/2018
Family Choice Pharmacy LLC,3896 Torres Cir,West Palm Beach,FL,33409-7859,7859,FAMILY CHOICE PHARMACY LLC,3896 Torres Cir,West Palm Beach,FL,33409-7859,,Drug Stores,Manager,Ms. Audrey M Robinson,Family Choice Pharmacy LLC,https://floridaucc.com/search?text=FAMILY CHOICE PHARMACY LLC&searchOptionType=LegacySearch&searchOptionSubOption=FiledAndLapsedActualDebtorNameList&searchCategory=Standard,Search1600.csv,Lapsed,07/30/2015,07/30/2020,03/02/2026,201504561854,0,1,,,,,,,,,,,2,FAMILY CHOICE PHARMACY LLC,"1897 PALM BEACH LAKES BLVD STE 115, WEST PALM BEACH, FL, 33409",UCC1,7,,07/30/2015
Portofino Phase 1 Land Ltd,4400 Portofino Way,West Palm Beach,FL,33409-7888,7888,PORTOFINO PHASE 1 LAND LTD,4400 Portofino Way,West Palm Beach,FL,33409-7888,,Apartment Building Operators,Manager,Ms. Heather Pual,Portofino Phase 1 Land Ltd,https://floridaucc.com/search?text=PORTOFINO PHASE 1 LAND LTD&searchOptionType=LegacySearch&searchOptionSubOption=FiledAndLapsedActualDebtorNameList&searchCategory=Standard,Search1600.csv,Lapsed,05/18/2009,05/18/2014,03/02/2026,20090054756X,1,1,,,,,,,,,,,1,"PORTOFINO PHASE I LAND, LTD.","C/O PRUDENTIAL REAL ESTATE INVESTORS, TWO RAVINIA DRIVE, SUITE 400, ATLANTA, GA, 30346-2110",UCC1,7,,05/18/2009
Villa Regina West Palm Bch Inc,P O Box 109650,Palm Beach Gardens,FL,33410-9650,9650,"VILLA REGINA OF WEST PALM BEACH, INC.",2660 N Haverhill Rd Ste Ofc,West Palm Beach,FL,33417-2994,,Retirement Hotel Operation,President,Mr. John R Mcmahon,Villa Regina West Palm Bch Inc,,Search1600.csv,No close match,,,,,,,,,,,,,,,,,,,,,,,
Emerald Dunes Golf  LLC,2100 Emerald Dunes Dr,West Palm Beach,FL,33411-2707,2707,"EMERALD DUNES GOLF, LLC",2100 Emerald Dunes Dr,West Palm Beach,FL,33411-2707,C077,Public Golf Courses,Vice-President,Mr. Ken Green,Emerald Dunes Golf  LLC,"https://floridaucc.com/search?text=EMERALD DUNES GOLF, LLC&searchOptionType=LegacySearch&searchOptionSubOption=FiledAndLapsedActualDebtorNameList&searchCategory=Standard",Search1600.csv,Lapsed,04/09/2002,04/09/2012,03/02/2026,200200836194,1,1,,,,,,,,,,,1,EMERALD DUNES GOLF LLC,"2100 EMERALD DUNES DR, WEST PALM BEACH, FL, 33401",UCC1,1,,04/09/2002
A & H Services  Inc,2721 Vista Pkwy Ste 10,West Palm Beach,FL,33411-2731,2731,"A & H SERVICES, INC.",2721 Vista Pkwy Ste 10,West Palm Beach,FL,33411-2731,C037,"Electric Household Appliances, Major",Principal,Mr. Glenn Aho,A & H Services  Inc,"https://floridaucc.com/search?text=A & H SERVICES, INC.&searchOptionType=LegacySearch&searchOptionSubOption=FiledAndLapsedActualDebtorNameList&searchCategory=Standard",Search1600.csv,Lapsed,07/03/2018,07/03/2023,03/02/2026,201805748767,1,1,,,,,,,,,,,1,"A & H SERVICES, INC.","2721 VISTA PARKWAY, NORTH, SUITE 10, WEST PALM BEACH, FL, 33411-2731",UCC1,1,,07/03/2018
Galfa Cee  Co,2711 Vista Pkwy Ste 1,West Palm Beach,FL,33411-2732,2732,"GALFA CEE, CO.",2711 Vista Pkwy Ste 1,West Palm Beach,FL,33411-2732,C037,Construction And Civil Engineering,President,Mr. John Maharaj,Galfa Cee  Co,"https://floridaucc.com/search?text=GALFA CEE, CO.&searchOptionType=LegacySearch&searchOptionSubOption=FiledAndLapsedActualDebtorNameList&searchCategory=Standard",Search1600.csv,Lapsed,06/20/2005,06/20/2010,03/02/2026,200509982121,0,1,,,,,,,,,,,1,GALFA CEE CO,"121 WATERVIEW WAY, LOXAHATCHEE, FL, 33470",UCC1,1,,06/20/2005
Optimum Origens Inc,2711 Vista Pkwy Ste B6,West Palm Beach,FL,33411-2732,2732,OPTIMUM ORIGENS INC.,2711 Vista Pkwy Ste B6,West Palm Beach,FL,33411-2732,C037,Computer Related Consulting Services,Chief Executive Officer,Michelle-Ann Campbell,Optimum Origens Inc,https://floridaucc.com/search?text=OPTIMUM ORIGENS INC.&searchOptionType=LegacySearch&searchOptionSubOption=FiledAndLapsedActualDebtorNameList&searchCategory=Standard,Search1600.csv,Filed,06/29/2020,06/29/2030,03/02/2026,202002715058,1,1,,,,,,,,,,,1,OPTIMUM ORIGENS INC.,"1025 GATEWAY BLVD, SUITE 303-305, BOYNTON BEACH, FL, 33426",UCC1,2,,06/29/2020
Matrix Contract Flooring  Inc,2711 Vista Pkwy Ste B10,West Palm Beach,FL,33411-2732,2732,"MATRIX CONTRACT FLOORING, INC.",2711 Vista Pkwy Ste B10,West Palm Beach,FL,33411-2732,,Flooring Contractor,President,Ms. Emily Evans,Matrix Contract Flooring  Inc,,Search1600.csv,No close match,,,,,,,,,,,,,,,,,,,,,,,
Action Mfg & Sup Wpb LLC,2711 Vista Pkwy Ste B5,West Palm Beach,FL,33411-2732,2732,"ACTION MANUFACTURING & SUPPLY WPB, LLC",2711 Vista Pkwy Ste B5,West Palm Beach,FL,33411-2732,C037,"Water Treatment Equipment, Industrial",Vice-President,Ms. Lena Pilgrim,Action Mfg & Sup Wpb LLC,,Search1600.csv,No close match,,,,,,,,,,,,,,,,,,,,,,,
Mammoth Rstrtion Of Palm Bches,2701 Vista Pkwy Ste A6,West Palm Beach,FL,33411-2733,2733,MAMMOTH RESTORATION OF THE PALM BEACHES,2701 Vista Pkwy Ste A6,West Palm Beach,FL,33411-2733,,"Special Trade Contractors, Nec",Owner,Mr. Nathan Smith,Mammoth Rstrtion Of Palm Bches,,Search1600.csv,No close match,,,,,,,,,,,,,,,,,,,,,,,
Thompson Lath and Stucco  LLC,2765 Vista Pkwy,West Palm Beach,FL,33411-2734,2734,"THOMPSON LATH AND STUCCO, LLC",2765 Vista Pkwy Ste 5,West Palm Beach,FL,33411-2734,,Stucco,Manager,Mr. Travis Thompson,Thompson Lath and Stucco  LLC,,Search1600.csv,No close match,,,,,,,,,,,,,,,,,,,,,,,
Callaway Marine Tech Inc,2765 Vista Pkwy Ste 4,West Palm Beach,FL,33411-2734,2734,"CALLAWAY MARINE TECHNOLOGIES, INC.",2765 Vista Pkwy Ste 4,West Palm Beach,FL,33411-2734,C037,Marine Construction,President,Mr. Charles Callaway,Callaway Marine Tech Inc,,Search1600.csv,No close match,,,,,,,,,,,,,,,,,,,,,,,
Tierra South Florida  Inc,2765 Vista Pkwy Ste H10,West Palm Beach,FL,33411-2734,2734,"TIERRA SOUTH FLORIDA, INC.",2765 Vista Pkwy Ste H10,West Palm Beach,FL,33411-2734,C037,Consulting Engineer,President,Raj Krishnasamy,Tierra South Florida  Inc,"https://floridaucc.com/search?text=TIERRA SOUTH FLORIDA, INC.&searchOptionType=LegacySearch&searchOptionSubOption=FiledAndLapsedActualDebtorNameList&searchCategory=Standard",Search1600.csv,Filed,01/20/2012,01/20/2027,03/02/2026,201206042107,3,1,,,,,,,,,,,1,"TIERRA SOUTH FLORIDA, INC.","2765 VISTA OPARKWAY, SUITE 9, WEST PALM BEACH, FL, 33411",UCC1,1,,01/20/2012
State Energy  Inc,2775 Vista Pkwy Ste 7,West Palm Beach,FL,33411-2735,2735,"STATE ENERGY, INC.",2775 Vista Pkwy Ste 7,West Palm Beach,FL,33411-2735,C037,Single-Family Housing Construction,President,Mr. Mark Worrell,State Energy  Inc,,Search1600.csv,No close match,,,,,,,,,,,,,,,,,,,,,,,
Highland Pest Control  Inc,2771 Vista Pkwy Ste 10,West Palm Beach,FL,33411-2736,2736,"HIGHLAND PEST CONTROL, INC.",2771 Vista Pkwy Ste 10,West Palm Beach,FL,33411-2736,C037,Exterminating And Fumigating,President,Mr. Ronald Trice,Highland Pest Control  Inc,"https://floridaucc.com/search?text=HIGHLAND PEST CONTROL, INC.&searchOptionType=LegacySearch&searchOptionSubOption=FiledAndLapsedActualDebtorNameList&searchCategory=Standard",Search1600.csv,Lapsed,03/16/2011,03/16/2016,03/02/2026,20110423368X,1,1,,,,,,,,,,,2,"HIGHLAND PEST CONTROL, INC.","2771 VISTA PKWY STE F10, WEST PALM BEACH, FL, 33411",UCC1,1,,03/16/2011
Static Electric Company,2771 Vista Pkwy Ste F4,West Palm Beach,FL,33411-2736,2736,STATIC ELECTRIC COMPANY,2771 Vista Pkwy Ste F4,West Palm Beach,FL,33411-2736,C037,General Electrical Contractor,President,Mr. Anthony J Maturo,Static Electric Company,https://floridaucc.com/search?text=STATIC ELECTRIC COMPANY&searchOptionType=LegacySearch&searchOptionSubOption=FiledAndLapsedActualDebtorNameList&searchCategory=Standard,Search1600.csv,Lapsed,12/11/1995,12/11/2000,03/02/2026,950000247434,1,1,,,,,,,,,,,1,STATIC ELECTRIC COMPANY,"1241 OLD OKEECHOBEE RD, WEST PALM BEACH, FL, 33401",UCC1,1,,12/11/1995
Sea Spray Electric  Inc,2761 Vista Pkwy Ste E7,West Palm Beach,FL,33411-2737,2737,"SEA SPRAY ELECTRIC, INC.",2761 Vista Pkwy Ste E7,West Palm Beach,FL,33411-2737,C037,General Electrical Contractor,President,Mr. Johnathan A Odio,Sea Spray Electric  Inc,"https://floridaucc.com/search?text=SEA SPRAY ELECTRIC, INC.&searchOptionType=LegacySearch&searchOptionSubOption=FiledAndLapsedActualDebtorNameList&searchCategory=Standard",Search1600.csv,Lapsed,03/03/2014,03/03/2019,03/02/2026,201400851325,1,1,,,,,,,,,,,1,"SEA SPRAY ELECTRIC, INC.","2731 VISTA PKWY., SUITE D11-D12, WEST PALM BEACH, FL, 334112737",UCC1,2,,03/03/2014
Skilled Elec Connections Inc,2761 Vsta Parkway Ste E8,West Palm Beach,FL,33411-2737,2737,"SKILLED ELECTRICAL CONNECTIONS, INC.",2761 Vista Pkwy Ste E8,West Palm Beach,FL,33411-2737,,Contractors' Association,President,Mr. Gary Solender,Skilled Elec Connections Inc,"https://floridaucc.com/search?text=SKILLED ELECTRICAL CONNECTIONS, INC.&searchOptionType=LegacySearch&searchOptionSubOption=FiledAndLapsedActualDebtorNameList&searchCategory=Standard",Search1600.csv,Filed,12/20/2023,12/20/2028,03/02/2026,202303447796,1,1,,,,,,,,,,,1,"SKILLED ELECTRICAL CONNECTIONS, INC.","2753 VISTA PARKWAY UNIT# J-12, WEST PALM BEACH, FL, 33411",UCC1,1,,12/20/2023
Metro Preventative Plbg Maint,2761 Vista Pkwy Ste E6,West Palm Beach,FL,33411-2737,2737,METRO PREVENTATIVE PLUMBING MAINTENANCE INC,2761 Vista Pkwy Ste E6,West Palm Beach,FL,33411-2737,,Plumbing Contractors,President,Mr. Michael A Cioffoletti,Metro Preventative Plbg Maint,,Search1600.csv,No close match,,,,,,,,,,,,,,,,,,,,,,,
Richcom Power  LLC,2755 Vista Pkwy Ste I6,West Palm Beach,FL,33411-2738,2738,"RICHCOM POWER, LLC",2755 Vista Pkwy Ste I6,West Palm Beach,FL,33411-2738,C037,Batteries,Member,Mr. William Minear,Richcom Power  LLC,"https://floridaucc.com/search?text=RICHCOM POWER, LLC&searchOptionType=LegacySearch&searchOptionSubOption=FiledAndLapsedActualDebtorNameList&searchCategory=Standard",Search1600.csv,Filed,02/22/2019,02/22/2029,03/02/2026,201907858863,2,1,,,,,,,,,,,1,RICHCOM POWER LLC,"2054 VISTA PARKWAY, SUITE 400, WEST PALM BEACH, FL, 33411",UCC1,1,,02/22/2019
Flamingo Plbg & Backflow Svcs,2781 Vista Pkwy Ste 10,West Palm Beach,FL,33411-2740,2740,FLAMINGO PLUMBING & BACKFLOW SERVICES INC,2781 Vista Pkwy Ste 10,West Palm Beach,FL,33411-2740,C037,Plumbing Contractors,President,Mr. Jeffrey Dull,Flamingo Plbg & Backflow Svcs,,Search1600.csv,No close match,,,,,,,,,,,,,,,,,,,,,,,
I & O International LLC,2573 Vista Pkwy J6,West Palm Beach,FL,33411-2767,2767,I & O INTERNATIONAL LLC,2573 Vista Pkwy J6,West Palm Beach,FL,33411-2767,C037,Settlement House,President,Mr. Arpad Balog,I & O International LLC,https://floridaucc.com/search?text=I & O INTERNATIONAL LLC&searchOptionType=LegacySearch&searchOptionSubOption=FiledAndLapsedActualDebtorNameList&searchCategory=Standard,Search1600.csv,Filed,06/02/2020,06/02/2030,03/02/2026,202001955039,1,1,,,,,,,,,,,1,I & O INTERNATIONAL LLC,"4521 PGA BLVD STE 477, PALM BCH GDNS, FL, 33418",UCC1,1,,06/02/2020
Villas At Emerald Dunes,6495 Emerald Dunes Dr,West Palm Beach,FL,33411-2769,2769,THE VILLAS AT EMERALD DUNES,6495 Emerald Dunes Dr,West Palm Beach,FL,33411-2769,C077,Resort Hotel,Manager,Mr. Gary Smith,Villas At Emerald Dunes,,Search1600.csv,No close match,,,,,,,,,,,,,,,,,,,,,,,
Chrispin Auto Sales Inc,6511 Emerald Dunes Dr,West Palm Beach,FL,33411-2771,2771,CHRISPIN AUTO SALES INC,6511 Emerald Dunes Dr,West Palm Beach,FL,33411-2771,,"Automobiles, Used Cars Only",Principal,Dieuna Chrispin,Chrispin Auto Sales Inc,,Search1600.csv,No close match,,,,,,,,,,,,,,,,,,,,,,,
Palm Beach County Spt Comm Inc,2601 Vista Pkwy,West Palm Beach,FL,33411-5613,5613,"PALM BEACH COUNTY SPORTS COMMISSION, INC.",2601 Vista Pkwy,West Palm Beach,FL,33411-5613,C037,Fund Raising Organizations,Executive Director,Ms. Pam Gerrig-Bland,Palm Beach County Spt Comm Inc,,Search1600.csv,No close match,,,,,,,,,,,,,,,,,,,,,,,
Ardyss International,6337 Greenhedge Ct,West Palm Beach,FL,33411-6400,6400,ARDYSS INTERNATIONAL,6337 Greenhedge Ct,West Palm Beach,FL,33411-6400,C033,Women's And Children's Clothing,Principal,Mr. Steve Williams,Ardyss International,https://floridaucc.com/search?text=ARDYSS INTERNATIONAL&searchOptionType=LegacySearch&searchOptionSubOption=FiledAndLapsedActualDebtorNameList&searchCategory=Standard,Search1600.csv,Lapsed,10/30/1998,10/30/2008,03/02/2026,980000242955,1,1,,,,,,,,,,,1,ARDYSS INTERNATIONAL INC,"1650 NW 95 AVE, MIAMI, FL, 33172",UCC1,1,,10/30/1998
Powerwright Technologies  Inc,6397 Crown Island Cv,West Palm Beach,FL,33411-6437,6437,"POWERWRIGHT TECHNOLOGIES, INC.",6397 Crown Island Cv,West Palm Beach,FL,33411-6437,,Consulting Engineer,President,Jaimie D Wright,Powerwright Technologies  Inc,"https://floridaucc.com/search?text=POWERWRIGHT TECHNOLOGIES, INC.&searchOptionType=LegacySearch&searchOptionSubOption=FiledAndLapsedActualDebtorNameList&searchCategory=Standard",Search1600.csv,Filed,09/26/2025,09/26/2030,03/02/2026,20250373196X,0,1,,,,,,,,,,,1,POWERWRIGHT TECHNOLOGIES INC,"9100 BELVEDERE RD STE 112, ROYAL PALM BEACH, FL, 334113608",UCC1,1,,09/26/2025
Gentile Corp,3160 Turtle Cove,West Palm Beach,FL,33411-6468,6468,GENTILE CORP.,3160 Turtle Cv,West Palm Beach,FL,33411-6468,,"Residential Construction, Nec",Managing Member,Mr. Oscar Frozini,Gentile Corp,https://floridaucc.com/search?text=GENTILE CORP.&searchOptionType=LegacySearch&searchOptionSubOption=FiledAndLapsedActualDebtorNameList&searchCategory=Standard,Search1600.csv,Filed,06/17/2020,06/17/2030,03/02/2026,202002333988,1,1,,,,,,,,,,,1,GENTILE CORP,"3160 TURTLE COVE, WEST PALM BEACH, FL, 33411",UCC1,1,,06/17/2020
Etech Simulation  Corp,2721 Vista Pkwy Ste C13,West Palm Beach,FL,33411-6723,6723,"ETECH SIMULATION, CORP.",2721 Vista Pkwy Ste C13,West Palm Beach,FL,33411-6723,,Aircraft Training Equipment,President,Jairo Leiva,Etech Simulation  Corp,,Search1600.csv,No close match,,,,,,,,,,,,,,,,,,,,,,,
Hobt Contractor Services  Inc,2711 Vista Pkwy Ste F12,West Palm Beach,FL,33411-6724,6724,"HOBT CONTRACTOR SERVICES, INC.",2711 Vista Pkwy Ste F12,West Palm Beach,FL,33411-6724,C037,"Residential Construction, Nec",President,Mr. Dennis Hobt,Hobt Contractor Services  Inc,"https://floridaucc.com/search?text=HOBT CONTRACTOR SERVICES, INC.&searchOptionType=LegacySearch&searchOptionSubOption=FiledAndLapsedActualDebtorNameList&searchCategory=Standard",Search1600.csv,Filed,09/19/2018,09/19/2028,03/02/2026,201806568053,2,1,,,,,,,,,,,1,"HOBT CONTRACTOR SERVICES, INC.","2771 VISTA PARKWAY, SUITE F12, WEST PALM BEACH, FL, 33411",UCC1,1,,09/19/2018
Margate Plumbing Inc,2711 Vista Pkwy Ste B13,West Palm Beach,FL,33411-6725,6725,MARGATE PLUMBING INC,2711 Vista Pkwy Ste B13,West Palm Beach,FL,33411-6725,C037,Plumbing Contractors,Principal,Mr. William J Brown,Margate Plumbing Inc,https://floridaucc.com/search?text=MARGATE PLUMBING INC&searchOptionType=LegacySearch&searchOptionSubOption=FiledAndLapsedActualDebtorNameList&searchCategory=Standard,Search1600.csv,Filed,03/16/2023,03/16/2028,03/02/2026,202300730209,0,1,,,,,,,,,,,1,MARGATE PLUMBING INC.,"2711 VISTA PARKWAY NORTH UNIT B13, WEST PALM BEACH, FL, 33411",UCC1,1,,03/16/2023
Premier Comfort Services  Inc,2711 Vista Pkwy Ste B14,West Palm Beach,FL,33411-6725,6725,"PREMIER COMFORT SERVICES, INC",2711 Vista Pkwy Ste B14,West Palm Beach,FL,33411-6725,C037,Air Conditioning Repair,President,Mr. Theodore A Morgan,Premier Comfort Services  Inc,"https://floridaucc.com/search?text=PREMIER COMFORT SERVICES, INC&searchOptionType=LegacySearch&searchOptionSubOption=FiledAndLapsedActualDebtorNameList&searchCategory=Standard",Search1600.csv,Lapsed,04/09/2015,04/09/2020,03/02/2026,20150344434X,1,1,,,,,,,,,,,1,"PREMIER COMFORT SERVICES, INC","3157 LAUREAL RIDGE CIR, RIVIERA BEACH, FL, 33404",UCC1,1,,04/09/2015
Blue Coast Aluminum  Inc,2753 Vista Pkwy,West Palm Beach,FL,33411-6752,6752,"BLUE COAST ALUMINUM, INC.",2753 Vista Pkwy,West Palm Beach,FL,33411-6752,C037,"Aluminum Bars, Rods, Ingots, Sheets, Pipes, Plates, Etc.",Principal,Mr. Charles G Barden,Blue Coast Aluminum  Inc,"https://floridaucc.com/search?text=BLUE COAST ALUMINUM, INC.&searchOptionType=LegacySearch&searchOptionSubOption=FiledAndLapsedActualDebtorNameList&searchCategory=Standard",Search1600.csv,Filed,05/04/2023,05/04/2028,03/02/2026,202301221067,0,1,,,,,,,,,,,1,"BLUE COAST ALUMINUM, INC.","6980 WALLIS RD STE 20, WEST PALM BEACH, FL, 334131659",UCC1,1,,05/04/2023
Pdr Team  LLC,2781 Vista Pkwy Ste 12,West Palm Beach,FL,33411-6755,6755,"PDR TEAM, LLC",2781 Vista Pkwy Ste 12,West Palm Beach,FL,33411-6755,C037,"General Remodeling, Single-Family Houses",Member,Mr. Gary Carothers,Pdr Team  LLC,"https://floridaucc.com/search?text=PDR TEAM, LLC&searchOptionType=LegacySearch&searchOptionSubOption=FiledAndLapsedActualDebtorNameList&searchCategory=Standard",Search1600.csv,Lapsed,10/03/2005,10/03/2010,03/02/2026,200500823772,1,1,,,,,,,,,,,1,"PDR TEAM, LLC","1025 N. FL MANGO ROAD #9, WEST PALM BEACH, FL, 33409",UCC1,1,,10/03/2005
Reddemption LLC,5672 Coconut Rd,West Palm Beach,FL,33413-1829,1829,REDDEMPTION LLC,5672 Coconut Rd,West Palm Beach,FL,33413-1829,,Electronic Shopping,Managing Member,Mr. Miguel Lancaster,Reddemption LLC,https://floridaucc.com/search?text=REDDEMPTION LLC&searchOptionType=LegacySearch&searchOptionSubOption=FiledAndLapsedActualDebtorNameList&searchCategory=Standard,Search1600.csv,Lapsed,03/30/2020,03/30/2025,03/02/2026,20200124776X,0,1,,,,,,,,,,,1,REDDEMPTIONLLC,"5672 COCONUT RD, WEST PALM BEACH, FL, 33413",UCC1,3,,03/30/2020
White Castle Company Inc,5121 Palo Verde Pl,West Palm Beach,FL,33415-1218,1218,WHITE CASTLE COMPANY INC,5121 Palo Verde Pl,West Palm Beach,FL,33415-1218,,"Fast-Food Restaurant, Chain",President,Ms. Dawn Scranton,White Castle Company Inc,,Search1600.csv,No close match,,,,,,,,,,,,,,,,,,,,,,,
Featherstone Tile & Marble Inc,5051 Club Rd,West Palm Beach,FL,33415-1227,1227,"FEATHERSTONE TILE & MARBLE, INC.",5051 Club Rd,West Palm Beach,FL,33415-1227,,"Tile Installation, Ceramic",President,Mr. Robert L Featherstone,Featherstone Tile & Marble Inc,"https://floridaucc.com/search?text=FEATHERSTONE TILE & MARBLE, INC.&searchOptionType=LegacySearch&searchOptionSubOption=FiledAndLapsedActualDebtorNameList&searchCategory=Standard",Search1600.csv,Lapsed,05/15/2006,05/15/2011,03/02/2026,200602645660,0,1,,,,,,,,,,,1,FEATHERSTONE TILE & MARBLE INC,"5051 CLUB RD, WEST PALM BEACH, FL, 33415",UCC1,1,,05/15/2006
Jm Jadu Corp,817 Ivory Ln,West Palm Beach,FL,33415-1235,1235,JM JADU CORP.,817 Ivory Ln,West Palm Beach,FL,33415-1235,,"Business Consulting, Nec",Chief Executive Officer,Umesh Jadunandan,Jm Jadu Corp,,Search1600.csv,No close match,,,,,,,,,,,,,,,,,,,,,,,
Riggs Inc,567 Ontario Rd,West Palm Beach,FL,33415-1241,1241,RIGGS INC,567 Ontario Rd,West Palm Beach,FL,33415-1241,,Automotive Supplies And Parts,President,Mr. Thomas P Riggs,Riggs Inc,https://floridaucc.com/search?text=RIGGS INC&searchOptionType=LegacySearch&searchOptionSubOption=FiledAndLapsedActualDebtorNameList&searchCategory=Standard,Search1600.csv,Lapsed,11/20/1998,11/20/2003,03/02/2026,980000258735,0,1,,,,,,,,,,,1,RIGGS INC,"600 DATURA STREET, WEST PALM BEACH, FL, 33402",UCC1,2,,11/20/1998
Jaha Chicken  Inc,980 N Military Trl,West Palm Beach,FL,33415-1320,1320,"JAHA CHICKEN, INC.",980 N Military Trl,West Palm Beach,FL,33415-1320,,"Fast-Food Restaurant, Chain",President,Mr. Juan Gavilan,Jaha Chicken  Inc,"https://floridaucc.com/search?text=JAHA CHICKEN, INC.&searchOptionType=LegacySearch&searchOptionSubOption=FiledAndLapsedActualDebtorNameList&searchCategory=Standard",Search1600.csv,Lapsed,12/27/1996,12/27/2001,03/02/2026,960000269957,0,1,,,,,,,,,,,2,JAHA CHICKEN INC,"2222 N FEDERAL HWY, DELRAY BEACH, FL, 33483",UCC1,2,,12/27/1996
Auto Sales Plaza  Inc,845 N Military Trl Unit C,West Palm Beach,FL,33415-1349,1349,"AUTO SALES PLAZA, INC.",845 N Military Trl Unit C,West Palm Beach,FL,33415-1349,,"Automobiles, Used Cars Only",Principal,Mr. Benjamin J Stevens,Auto Sales Plaza  Inc,"https://floridaucc.com/search?text=AUTO SALES PLAZA, INC.&searchOptionType=LegacySearch&searchOptionSubOption=FiledAndLapsedActualDebtorNameList&searchCategory=Standard",Search1600.csv,Lapsed,09/24/2009,09/24/2014,03/02/2026,200901245400,0,1,,,,,,,,,,,1,AUTO SALES PLAZA INC,"845 N MILITARY TRL UNIT C, WEST PALM BEACH, FL, 33415",UCC1,1,,09/24/2009
J B Lewis Carpet  Inc,799 N Military Trl Ste A,West Palm Beach,FL,33415-1355,1355,"J B LEWIS CARPET, INC.",799 N Military Trl Ste A,West Palm Beach,FL,33415-1355,C056,Carpets,President,Mr. Joe B Lewis,J B Lewis Carpet  Inc,"https://floridaucc.com/search?text=J B LEWIS CARPET, INC.&searchOptionType=LegacySearch&searchOptionSubOption=FiledAndLapsedActualDebtorNameList&searchCategory=Standard",Search1600.csv,Lapsed,09/28/1992,09/28/1997,03/02/2026,920000195973,0,1,,,,,,,,,,,1,J B LEWIS CARPET INC,"799 N MILITARY TRL, WEST PALM BEACH, FL, 33406",UCC1,1,,09/28/1992
Custom Wheel Connection  Inc,767 N Military Trl Ste 6,West Palm Beach,FL,33415-1358,1358,"CUSTOM WHEEL CONNECTION, INC.",767 N Military Trl Ste 6,West Palm Beach,FL,33415-1358,C056,Automotive Tires,President,Mr. Jack Adamo,Custom Wheel Connection  Inc,"https://floridaucc.com/search?text=CUSTOM WHEEL CONNECTION, INC.&searchOptionType=LegacySearch&searchOptionSubOption=FiledAndLapsedActualDebtorNameList&searchCategory=Standard",Search1600.csv,Lapsed,02/25/2004,02/25/2009,03/02/2026,200406243156,0,1,,,,,,,,,,,1,CUSTOM WHEEL CONNECTION INC,"767 NORTH MILITARY TRAIL, WEST PALM BEACH, FL, 33415",UCC1,2,,02/25/2004
Fiesta Party Rental,817 Briarwood Dr,West Palm Beach,FL,33415-1360,1360,FIESTA PARTY RENTAL,817 Briarwood Dr,West Palm Beach,FL,33415-1360,,Party Supplies Rental Services,President,Mr. David Steele,Fiesta Party Rental,,Search1600.csv,No close match,,,,,,,,,,,,,,,,,,,,,,,
Dee Griffin Earthworks  Inc,335 53rd Dr N,West Palm Beach,FL,33415-1707,1707,"DEE GRIFFIN EARTHWORKS, INC.",335 53rd Dr N,West Palm Beach,FL,33415-1707,,Lawn Care Services,President,Dee Griffin,Dee Griffin Earthworks  Inc,"https://floridaucc.com/search?text=DEE GRIFFIN EARTHWORKS, INC.&searchOptionType=LegacySearch&searchOptionSubOption=FiledAndLapsedActualDebtorNameList&searchCategory=Standard",Search1600.csv,Lapsed,04/21/1998,04/21/2003,03/02/2026,980000086761,1,1,,,,,,,,,,,1,GRIFFIN ROY D,"335 53RD DRIVE NORTH, WEST PALM BEACH, FL, 33415",UCC1,1,,04/21/1998
Y Y J Transport Corp,5105 Ivywood Rd,West Palm Beach,FL,33415-1729,1729,Y Y J TRANSPORT CORP,5105 Ivywood Rd,West Palm Beach,FL,33415-1729,C032,Passenger Train Services,President,Mr. Javier Landa,Y Y J Transport Corp,https://floridaucc.com/search?text=Y Y J TRANSPORT CORP&searchOptionType=LegacySearch&searchOptionSubOption=FiledAndLapsedActualDebtorNameList&searchCategory=Standard,Search1600.csv,Filed,10/31/2012,10/31/2027,03/02/2026,201207806208,4,1,,,,,,,,,,,3,Y Y J TRANSPORT CORP,"1907 ABBEY ROAD, WEST PALM BEACH, FL, 33415",UCC1,1,,10/31/2012
Valencia Energy & Power Inc,110 Post Rd Ste A,West Palm Beach,FL,33415-2008,2008,VALENCIA ENERGY & POWER INC,110 Post Rd Ste A,West Palm Beach,FL,33415-2008,,"Repair Services, Nec",President,Mr. Anthony Valencia,Valencia Energy & Power Inc,https://floridaucc.com/search?text=VALENCIA ENERGY & POWER INC&searchOptionType=LegacySearch&searchOptionSubOption=FiledAndLapsedActualDebtorNameList&searchCategory=Standard,Search1600.csv,Filed,01/13/2021,01/13/2031,03/02/2026,202105876631,1,1,,,,,,,,,,,1,VALENCIA ENERGY & POWER INC,"110 POST RD SUITE A, WEST PALM BEACH, FL, 33415",UCC1,2,,01/13/2021
Farhan Petroleum Inc,288 N Haverhill Rd,West Palm Beach,FL,33415-2018,2018,FARHAN PETROLEUM INC,288 N Haverhill Rd,West Palm Beach,FL,33415-2018,C032,"Petroleum Product Wholesalers,Except Bulk Stations/Terminals",Principal,Ms. Susan Farhan,Farhan Petroleum Inc,https://floridaucc.com/search?text=FARHAN PETROLEUM INC&searchOptionType=LegacySearch&searchOptionSubOption=FiledAndLapsedActualDebtorNameList&searchCategory=Standard,Search1600.csv,Lapsed,02/10/2014,02/10/2019,03/02/2026,201400719192,0,1,,,,,,,,,,,2,"FARHAN PETROLEUM, INC.","9205 DUPONT PLACE, WELLINGTON, FL, 33415",UCC1,2,,02/10/2014
Patmarkat Corporation,4705 Southern Blvd Ste D,West Palm Beach,FL,33415-2072,2072,PATMARKAT CORPORATION,4705 Southern Blvd Ste D,West Palm Beach,FL,33415-2072,,"Automotive Repair Shops, Nec",President,Mr. Mario Econimedes,Patmarkat Corporation,https://floridaucc.com/search?text=PATMARKAT CORPORATION&searchOptionType=LegacySearch&searchOptionSubOption=FiledAndLapsedActualDebtorNameList&searchCategory=Standard,Search1600.csv,Lapsed,11/24/2014,11/24/2019,03/02/2026,201402635034,0,1,,,,,,,,,,,1,PATMARKAT CORPORATION,"4705 SOUTHERN BLVD, WEST PALM BEACH, FL, 33415",UCC1,1,,11/24/2014
Port Motors  Incorporated,267 N Military Trl,West Palm Beach,FL,33415-2118,2118,"PORT MOTORS, INCORPORATED",267 N Military Trl,West Palm Beach,FL,33415-2118,,"Automobiles, Used Cars Only",President,Mr. David J Baron,Port Motors  Incorporated,"https://floridaucc.com/search?text=PORT MOTORS, INCORPORATED&searchOptionType=LegacySearch&searchOptionSubOption=FiledAndLapsedActualDebtorNameList&searchCategory=Standard",Search1600.csv,Lapsed,08/11/2009,08/11/2014,03/02/2026,200901016266,1,1,,,,,,,,,,,1,PORT MOTORS INCORPORATED,"267 N MILITARY TRAIL, WEST PALM BEACH, FL, 33415",UCC1,1,,08/11/2009
Napa Of Palm Beaches,327 N Military Trl,West Palm Beach,FL,33415-2119,2119,NAPA OF THE PALM BEACHES,327 N Military Trl,West Palm Beach,FL,33415-2119,,General Automotive Repair Shops,President,Mr. Jim Leeder,Napa Of Palm Beaches,,Search1600.csv,No close match,,,,,,,,,,,,,,,,,,,,,,,
Diamond Auto Pntg Cllsion Ctr,405 N Military Trl,West Palm Beach,FL,33415-2121,2121,"DIAMOND AUTO PAINTING & COLLISION CENTER OF LAKE WORTH, INC.",405 N Military Trl,West Palm Beach,FL,33415-2121,,Aircraft Maintenance And Repair Services,President,Mr. Wane Garner,Diamond Auto Pntg Cllsion Ctr,,Search1600.csv,No close match,,,,,,,,,,,,,,,,,,,,,,,
Sunshine Properties LLC,4645 Southern Blvd Ste G,West Palm Beach,FL,33415-2122,2122,SUNSHINE PROPERTIES L.L.C.,4645 Southern Blvd Ste G,West Palm Beach,FL,33415-2122,C032,Nonresidential Building Operators,Principal,Mr. Jeffrey Feldman,Sunshine Properties LLC,https://floridaucc.com/search?text=SUNSHINE PROPERTIES L.L.C.&searchOptionType=LegacySearch&searchOptionSubOption=FiledAndLapsedActualDebtorNameList&searchCategory=Standard,Search1600.csv,Lapsed,07/07/2006,07/07/2011,03/02/2026,20060310440X,1,1,,,,,,,,,,,1,SUNSHINE PROPERTIES LLC,"235 RANGERS BLVD, WINTER PARK, FL, 32792",UCC1,1,,07/07/2006
Mcguire Construction Inc,4546 Cambridge St,West Palm Beach,FL,33415-2126,2126,MCGUIRE CONSTRUCTION INC,4546 Cambridge St,West Palm Beach,FL,33415-2126,,"New Construction, Single-Family Houses",Owner,Mr. James Mcguire,Mcguire Construction Inc,https://floridaucc.com/search?text=MCGUIRE CONSTRUCTION INC&searchOptionType=LegacySearch&searchOptionSubOption=FiledAndLapsedActualDebtorNameList&searchCategory=Standard,Search1600.csv,Lapsed,11/16/1987,11/16/1997,03/02/2026,1870185376,1,1,,,,,,,,,,,1,MCGUIRE CONSTRUCTION CO INC,"7064 PO BOX, LAKE WORTH, FL, 33461",UCC1,1,,11/16/1987
American Airworks  Inc,113 Edenlawn Ter,West Palm Beach,FL,33415-2605,2605,"AMERICAN AIRWORKS, INC.",113 Edenlawn Ter,West Palm Beach,FL,33415-2605,C032,Warm Air Heating And Air Conditioning Contractor,Principal,Mr. Randall Alvarez,American Airworks  Inc,,Search1600.csv,No close match,,,,,,,,,,,,,,,,,,,,,,,
Aw&Jm Services LLC,5300 Bosque Ln Apt 34,West Palm Beach,FL,33415-2630,2630,AW&JM SERVICES LLC,5300 Bosque Ln Apt 34,West Palm Beach,FL,33415-2630,C023,"Pest Control Services, Forest",Managing Member,Mr. Jose Molina,Aw&Jm Services LLC,,Search1600.csv,No close match,,,,,,,,,,,,,,,,,,,,,,,
Nutri Craft International Inc,5256 Bosque Ln Apt 16,West Palm Beach,FL,33415-2650,2650,NUTRI CRAFT INTERNATIONAL INC,5256 Bosque Ln Apt 16,West Palm Beach,FL,33415-2650,C023,"Diet Center, Without Medical Staff",President,Mr. Franco Spagnuolo,Nutri Craft International Inc,,Search1600.csv,No close match,,,,,,,,,,,,,,,,,,,,,,,
Bell Engineering & Cnstr Corp,21 Plumage Ln,West Palm Beach,FL,33415-2652,2652,BELL ENGINEERING AND CONSTRUCTION CORPORATION,21 Plumage Ln,West Palm Beach,FL,33415-2652,C023,"General Remodeling, Single-Family Houses",Chief Executive Officer,Mr. Randolph S Bell,Bell Engineering & Cnstr Corp,https://floridaucc.com/search?text=BELL ENGINEERING AND CONSTRUCTION CORPORATION&searchOptionType=LegacySearch&searchOptionSubOption=FiledAndLapsedActualDebtorNameList&searchCategory=Standard,Search1600.csv,Lapsed,05/07/2019,05/07/2024,03/02/2026,201908566858,0,1,,,,,,,,,,,2,BELL ENGINEERING AND CONST CORP,"21 PLUMAGE LANE, WEST PALM BEACH, FL, 33415",UCC1,1,,05/07/2019
Atlantic-Caribbean Mapping Inc,357 Liana Dr,West Palm Beach,FL,33415-2654,2654,"ATLANTIC-CARIBBEAN MAPPING, INC.",357 Liana Dr,West Palm Beach,FL,33415-2654,,Surveying Services,President,Mr. Donald L Todd,Atlantic-Caribbean Mapping Inc,"https://floridaucc.com/search?text=ATLANTIC-CARIBBEAN MAPPING, INC.&searchOptionType=LegacySearch&searchOptionSubOption=FiledAndLapsedActualDebtorNameList&searchCategory=Standard",Search1600.csv,Lapsed,12/09/2002,12/09/2007,03/02/2026,200202801983,0,1,,,,,,,,,,,1,"ATLANTIC-CARIBBEAN MAPPING, INC.","3070 JOG ROAD, GREENACRES, FL, 33467",UCC1,1,,12/09/2002
Budez Express LLC,87 Pheasant Run Blvd,West Palm Beach,FL,33415-2656,2656,BUDEZ EXPRESS LLC,87 Pheasant Run Blvd,West Palm Beach,FL,33415-2656,C023,Freight Forwarding,Chief Executive Officer,Dieuseul Dorrielan,Budez Express LLC,https://floridaucc.com/search?text=BUDEZ EXPRESS LLC&searchOptionType=LegacySearch&searchOptionSubOption=FiledAndLapsedActualDebtorNameList&searchCategory=Standard,Search1600.csv,Filed,12/01/2023,12/01/2028,03/02/2026,20230326621X,0,1,,,,,,,,,,,2,BUDEZ EXPRESS LLC,"87 PHEASANT RUN BLVD, WEST PALM BEACH, FL, 33415",UCC1,2,,12/01/2023
Holy Name Jesus Catholic Ch,345 S Military Trl,West Palm Beach,FL,33415-2800,2800,HOLY NAME OF JESUS CATHOLIC CHURCH,345 S Military Trl Bldg 1,West Palm Beach,FL,33415-2800,,Catholic Church,Manager,Ms. Barbara O'shea,Holy Name Jesus Catholic Ch,,Search1600.csv,No close match,,,,,,,,,,,,,,,,,,,,,,,
Holy Name Of Jesus School,345 S Military Trl,West Palm Beach,FL,33415-2800,2800,HOLY NAME OF JESUS SCHOOL,345 S Military Trl,West Palm Beach,FL,33415-2800,,Private Elementary And Secondary Schools,Principal,Mr. Michael Smith,Holy Name Of Jesus School,https://floridaucc.com/search?text=HOLY NAME OF JESUS SCHOOL&searchOptionType=LegacySearch&searchOptionSubOption=FiledAndLapsedActualDebtorNameList&searchCategory=Standard,Search1600.csv,Lapsed,05/04/1998,05/04/2003,03/02/2026,980000095756,0,1,,,,,,,,,,,1,HOLY NAME OF JESUS SCHOOL,"3060 N HWT A1A, INDIALANTIC, FL, 32903",UCC1,1,,05/04/1998
Oak Stone Academy Palm Beach,345 S Military Trl,West Palm Beach,FL,33415-2800,2800,OAK STONE ACADEMY PALM BEACH,345 S Military Trl,West Palm Beach,FL,33415-2800,,"Schools And Educational Services, Nec",Principal,Ms. Stephanie Raab,Oak Stone Academy Palm Beach,,Search1600.csv,No close match,,,,,,,,,,,,,,,,,,,,,,,
Florida Land Title Insur LLC,416 S Military Trl,West Palm Beach,FL,33415-2808,2808,"FLORIDA LAND TITLE INSURANCE, LLC",416 S Military Trl,West Palm Beach,FL,33415-2808,C011,Title Insurance,Principal,Mr. Pierre A St Jean,Florida Land Title Insur LLC,,Search1600.csv,No close match,,,,,,,,,,,,,,,,,,,,,,,
Discount Auto Mall LLC,417 S Military Trail,West Palm Beach,FL,33415-2809,2809,DISCOUNT AUTO MALL LLC,417 S Military Trl,West Palm Beach,FL,33415-2809,,Used Car Dealers,Chief Executive Officer,Mr. Jerome Chery,Discount Auto Mall LLC,https://floridaucc.com/search?text=DISCOUNT AUTO MALL LLC&searchOptionType=LegacySearch&searchOptionSubOption=FiledAndLapsedActualDebtorNameList&searchCategory=Standard,Search1600.csv,Filed,10/04/2019,10/04/2029,03/02/2026,201909827493,1,1,,,,,,,,,,,1,DISCOUNT AUTO MALL LLC,"1841 7TH AVE N UNIT A4, LAKE WORTH, FL, 33461",UCC1,1,,10/04/2019
Federico & Associates  Inc,4524 Gun Club Rd Ste 207,West Palm Beach,FL,33415-2815,2815,"FEDERICO & ASSOCIATES, INC.",4524 Gun Club Rd Ste 207,West Palm Beach,FL,33415-2815,,Civil Engineering,Principal,Mr. Anthony C Federico,Federico & Associates  Inc,,Search1600.csv,No close match,,,,,,,,,,,,,,,,,,,,,,,
Gun Club Cafe Inc,4631 Gun Club Rd,West Palm Beach,FL,33415-2850,2850,GUN CLUB CAFE INC.,4631 Gun Club Rd,West Palm Beach,FL,33415-2850,,Cafe,President,Mr. Marc Esposito,Gun Club Cafe Inc,https://floridaucc.com/search?text=GUN CLUB CAFE INC.&searchOptionType=LegacySearch&searchOptionSubOption=FiledAndLapsedActualDebtorNameList&searchCategory=Standard,Search1600.csv,Lapsed,02/03/2005,02/03/2010,03/02/2026,200508898844,0,1,,,,,,,,,,,1,GUN CLUB CAFE INC.,"4631 GUN CLUB RD, WEST PALM BEACH, FL, 33415",UCC1,1,,02/03/2005
Boat Connection  Inc,71 S Military Trl,West Palm Beach,FL,33415-3131,3131,THE BOAT CONNECTION INC,71 S Military Trl,West Palm Beach,FL,33415-3131,C032,Motor Boat Dealers,President,Mr. Howell K Garolsky,Boat Connection  Inc,https://floridaucc.com/search?text=THE BOAT CONNECTION INC&searchOptionType=LegacySearch&searchOptionSubOption=FiledAndLapsedActualDebtorNameList&searchCategory=Standard,Search1600.csv,Lapsed,08/25/1986,08/25/2001,03/02/2026,1860123976,4,1,,,,,,,,,,,2,BOAT CONNECTION INC THE,"1722 17TH WAY, W PALM BCH, FL",UCC1,1,,08/25/1986
Head Start Palm Beach County,50 S Military Trl Ste 203,West Palm Beach,FL,33415-3132,3132,HEAD START OF PALM BEACH COUNTY,50 S Military Trl Ste 203,West Palm Beach,FL,33415-3132,,"Head Start Center, Except In Conjunction With School",Manager,Ms. Vera Hopson,Head Start Palm Beach County,,Search1600.csv,No close match,,,,,,,,,,,,,,,,,,,,,,,
Gun Club Station  Inc,252 S Military Trl,West Palm Beach,FL,33415-3135,3135,"GUN CLUB STATION, INC.",252 S Military Trl,West Palm Beach,FL,33415-3135,C032,"Filling Stations, Gasoline",President,Segurola Jorge,Gun Club Station  Inc,"https://floridaucc.com/search?text=GUN CLUB STATION, INC.&searchOptionType=LegacySearch&searchOptionSubOption=FiledAndLapsedActualDebtorNameList&searchCategory=Standard",Search1600.csv,Lapsed,03/01/2012,03/01/2017,03/02/2026,201206275500,1,1,,,,,,,,,,,3,GUN CLUB STATION INC.,"252 S. MILITARY TRAIL, WEST PALM BEACH, FL, 33415",UCC1,2,,03/01/2012
Tap Care Incorporated,5047 Summit Blvd,West Palm Beach,FL,33415-3720,3720,T.A.P. CARE INCORPORATED,5047 Summit Blvd,West Palm Beach,FL,33415-3720,,Preschool Center,Owner,Ms. Terrie Ellis,Tap Care Incorporated,,Search1600.csv,No close match,,,,,,,,,,,,,,,,,,,,,,,
Parker Mobile Home Service,4866 Dryden Rd,West Palm Beach,FL,33415-3820,3820,PARKER MOBILE HOME SERVICE INC,4866 Dryden Rd,West Palm Beach,FL,33415-3820,C035,Mobile Home Repair,President,J D Parker,Parker Mobile Home Service,https://floridaucc.com/search?text=PARKER MOBILE HOME SERVICE INC&searchOptionType=LegacySearch&searchOptionSubOption=FiledAndLapsedActualDebtorNameList&searchCategory=Standard,Search1600.csv,Lapsed,04/19/1999,04/19/2004,03/02/2026,990000085556,0,1,,,,,,,,,,,1,PARKER MOBILE HOME SERVICE,"4866 DRYDEN RD, WEST PALM BEACH, FL, 33415",UCC1,1,,04/19/1999
Don Ramon II  Inc,502 S Military Trl,West Palm Beach,FL,33415-3902,3902,"DON RAMON II, INC.",502 S Military Trl,West Palm Beach,FL,33415-3902,C011,"Restaurant, Family: Independent",Manager,Mr. Luz Forero,Don Ramon II  Inc,"https://floridaucc.com/search?text=DON RAMON II, INC.&searchOptionType=LegacySearch&searchOptionSubOption=FiledAndLapsedActualDebtorNameList&searchCategory=Standard",Search1600.csv,Lapsed,05/08/1991,05/08/1996,03/02/2026,910000100422,0,1,,,,,,,,,,,2,DON RAMON RESTAURANT,"502 MILITARY TRL, WEST PALM BEACH, FL, 33415",UCC1,1,,05/08/1991
Milton Management,828 S Military Trl,West Palm Beach,FL,33415-3908,3908,MILTON MANAGEMENT,828 S Military Trl,West Palm Beach,FL,33415-3908,,"Fast-Food Restaurant, Chain",Manager,Ms. Mary Allen,Milton Management,,Search1600.csv,No close match,,,,,,,,,,,,,,,,,,,,,,,
Omshri Petroleum,970 S Military Trl,West Palm Beach,FL,33415-3910,3910,OMSHRI PETROLEUM,970 S Military Trl,West Palm Beach,FL,33415-3910,,"Petroleum Product Wholesalers,Except Bulk Stations/Terminals",Owner,Raj Shah,Omshri Petroleum,,Search1600.csv,No close match,,,,,,,,,,,,,,,,,,,,,,,
Airworx Air Conditioning,909 S Military Trl Ste B4,West Palm Beach,FL,33415-3926,3926,AIRWORX AIR CONDITIONING,909 S Military Trl Ste B4,West Palm Beach,FL,33415-3926,C011,Warm Air Heating And Air Conditioning Contractor,President,Evid Valero,Airworx Air Conditioning,https://floridaucc.com/search?text=AIRWORX AIR CONDITIONING&searchOptionType=LegacySearch&searchOptionSubOption=FiledAndLapsedActualDebtorNameList&searchCategory=Standard,Search1600.csv,Filed,06/29/2020,06/29/2030,03/02/2026,202002789523,1,1,,,,,,,,,,,1,AIRWORX AIR CONDITIONING & REFRIGERATION INC.,"909 S. MILITARY TRAIL SUITE B4, WEST PALM BEACH, FL, 33415",UCC1,1,,06/29/2020
Becarro International Corp,917 S Military Trl Ste C3,West Palm Beach,FL,33415-3928,3928,BECARRO INTERNATIONAL CORP,917 S Military Trl Ste C3,West Palm Beach,FL,33415-3928,C011,"Handbags, Women's",President,Mr. Robert Camche,Becarro International Corp,,Search1600.csv,No close match,,,,,,,,,,,,,,,,,,,,,,,
International Brthd Elec Wkrs,4620 Summit Blvd,West Palm Beach,FL,33415-3947,3947,INTERNATIONAL BROTHERHOOD OF ELECTRICAL WORKERS,4620 Summit Blvd,West Palm Beach,FL,33415-3947,C011,Labor Union,Administrative Secretary,Mr. Raymond Flach,International Brthd Elec Wkrs,,Search1600.csv,No close match,,,,,,,,,,,,,,,,,,,,,,,
Delicias De La Abuela,740 S Military Trl Ste G,West Palm Beach,FL,33415-3960,3960,DELICIAS DE LA ABUELA,740 S Military Trl Ste G,West Palm Beach,FL,33415-3960,C011,Bakery Products,Owner,Ms. Ana Valencia,Delicias De La Abuela,https://floridaucc.com/search?text=DELICIAS DE LA ABUELA&searchOptionType=LegacySearch&searchOptionSubOption=FiledAndLapsedActualDebtorNameList&searchCategory=Standard,Search1600.csv,Lapsed,07/08/2013,07/08/2018,03/02/2026,201309384035,1,1,,,,,,,,,,,1,DELICIAS DE LA ABUELA,"740-G MILITARY TRAIL, WEST PALM BEACH, FL, 33415",UCC1,1,,07/08/2013
Alliance Verdi USA LLC,933 S Mlitary Trl Ste E10,West Palm Beach,FL,33415-3975,3975,"ALLIANCE VERDI USA, LLC",933 S Military Trl Ste E10,West Palm Beach,FL,33415-3975,,Exterior Concrete Stucco Contractor,General Manager,Mr. Marco Saverino,Alliance Verdi USA LLC,"https://floridaucc.com/search?text=ALLIANCE VERDI USA, LLC&searchOptionType=LegacySearch&searchOptionSubOption=FiledAndLapsedActualDebtorNameList&searchCategory=Standard",Search1600.csv,Filed,07/27/2016,07/27/2026,03/02/2026,201608299374,3,1,,,,,,,,,,,3,"ALLIANCE VERDI USA, LLC","1440 CORAL RIDGE DRIVE STE 216, CORAL SPRINGS, FL, 33071",UCC1,1,,07/27/2016
Changemaker Corp,933 Suth Mltary Trail E-6,West Palm Beach,FL,33415-3975,3975,CHANGEMAKER CORP,933 S Military Trl Ste E6,West Palm Beach,FL,33415-3975,,Coin-Operated Equipment,President,Mr. Gilbert Fernandez,Changemaker Corp,https://floridaucc.com/search?text=CHANGEMAKER CORP&searchOptionType=LegacySearch&searchOptionSubOption=FiledAndLapsedActualDebtorNameList&searchCategory=Standard,Search1600.csv,Filed,09/30/2022,09/30/2027,03/02/2026,20220317906X,0,1,,,,,,,,,,,1,CHANGEMAKER CORP,"933 S MILITARY TRL STE E6, WEST PALM BEACH, FL, 33415",UCC1,1,,09/30/2022
Lci Construction S Fla Inc,933 S Military Trl Ste E3,West Palm Beach,FL,33415-3975,3975,"L.C.I. CONSTRUCTION OF SOUTH FLORIDA, INC.",933 S Military Trl Ste E3,West Palm Beach,FL,33415-3975,,"Commercial And Office Building, New Construction",President,Mr. Richard Ackner,Lci Construction S Fla Inc,,Search1600.csv,No close match,,,,,,,,,,,,,,,,,,,,,,,
AAA Appliance Service  Inc,1273 S Military Trl,West Palm Beach,FL,33415-4626,4626,"AAA APPLIANCE SERVICE, INC.",1273 S Military Trl,West Palm Beach,FL,33415-4626,C011,Electrical Household Appliance Repair,President,Mr. Abraham Goldstein,AAA Appliance Service  Inc,"https://floridaucc.com/search?text=AAA APPLIANCE SERVICE, INC.&searchOptionType=LegacySearch&searchOptionSubOption=FiledAndLapsedActualDebtorNameList&searchCategory=Standard",Search1600.csv,Lapsed,01/22/1996,01/22/2006,03/02/2026,960000014206,1,1,,,,,,,,,,,1,AAA APPLIANCE SERVICE INC,"1225 N MILITARY TRL, WEST PALM BEACH, FL, 33409",UCC1,1,,01/22/1996
Isabela Seafood Mkt & Take Out,1265 S Military Trl,West Palm Beach,FL,33415-4626,4626,ISABELA SEAFOOD MARKET & TAKE OUT INC,1265 S Military Trl,West Palm Beach,FL,33415-4626,,Seafood Markets,Vice-President,Mr. Roberto Machin,Isabela Seafood Mkt & Take Out,,Search1600.csv,No close match,,,,,,,,,,,,,,,,,,,,,,,
Superior Golf Cart Rntl Sls Sv,1248 S Military Trl,West Palm Beach,FL,33415-4632,4632,"SUPERIOR GOLF CART RENTAL SALES AND SERVICE, INC",1248 S Military Trl,West Palm Beach,FL,33415-4632,,"Golf Cart, Powered",President,Mr. Scott Frascoia,Superior Golf Cart Rntl Sls Sv,,Search1600.csv,No close match,,,,,,,,,,,,,,,,,,,,,,,
Hubcap Warehouse South Inc,1370 S Military Trl,West Palm Beach,FL,33415-4687,4687,HUBCAP WAREHOUSE SOUTH INC,1370 S Military Trl,West Palm Beach,FL,33415-4687,C011,Automotive Tires,President,Ms. Alexis Randolph,Hubcap Warehouse South Inc,https://floridaucc.com/search?text=HUBCAP WAREHOUSE SOUTH INC&searchOptionType=LegacySearch&searchOptionSubOption=FiledAndLapsedActualDebtorNameList&searchCategory=Standard,Search1600.csv,Lapsed,12/08/1995,12/08/2000,03/02/2026,950000245734,1,1,,,,,,,,,,,2,HUBCAP WAREHOUSE SOUTH INC,"1370 SOUTH MILITARY TRAIL, WEST PALM BEACH, FL, 33415",UCC1,1,,12/08/1995
Jsa Capital  LLC,1311 S Military Trl,West Palm Beach,FL,33415-5003,5003,"JSA CAPITAL, LLC",1311 S Military Trl,West Palm Beach,FL,33415-5003,C011,"Investors, Nec",Principal,Mr. Adam Rafael,Jsa Capital  LLC,"https://floridaucc.com/search?text=JSA CAPITAL, LLC&searchOptionType=LegacySearch&searchOptionSubOption=FiledAndLapsedActualDebtorNameList&searchCategory=Standard",Search1600.csv,Filed,03/17/2017,03/17/2027,03/02/2026,201700624677,3,1,,,,,,,,,,,3,"JSA CAPITAL, LLC","821 S DIXIE HWY, LAKE WORTH, FL, 33460",UCC1,1,,03/17/2017
Beach Cars Inc,P O Box 15707,West Palm Beach,FL,33416,,BEACH CARS INC,1441 N Military Trl,West Palm Beach,FL,33409-6018,,"Automobiles, Used Cars Only",Office Manager,Mr. Wesley Rosscer,Beach Cars Inc,https://floridaucc.com/search?text=BEACH CARS INC&searchOptionType=LegacySearch&searchOptionSubOption=FiledAndLapsedActualDebtorNameList&searchCategory=Standard,Search1600.csv,Lapsed,11/02/1992,11/02/1997,03/02/2026,920000223749,1,1,,,,,,,,,,,1,BEACH CARS OF WEST PALM INC,"1441 N MILITARY TRL, WEST PALM BEACH, FL, 33409",UCC1,1,,11/02/1992
Cadence Keen Innovations  Inc,P O Box 15646,West Palm Beach,FL,33416,,"CADENCE KEEN INNOVATIONS, INC.",1655 Palm Beach Lakes Blvd Ste 404,West Palm Beach,FL,33401-2206,,"Beds, Including Folding And Cabinet, Household: Metal",Chief Executive Officer,Mr. Sam Montross,Cadence Keen Innovations  Inc,"https://floridaucc.com/search?text=CADENCE KEEN INNOVATIONS, INC.&searchOptionType=LegacySearch&searchOptionSubOption=FiledAndLapsedActualDebtorNameList&searchCategory=Standard",Search1600.csv,Filed,04/11/2016,04/11/2026,03/02/2026,20160728778X,2,1,,,,,,,,,,,1,"CADENCE KEEN INNOVATIONS, INC","3324 NE 32ND STREET, FORT LAUDERDALE, FL, 33308-7104",UCC1,1,,04/11/2016
Faigen Family Foundation  Inc,P O Box 18397,West Palm Beach,FL,33416,,"FAIGEN FAMILY FOUNDATION, INC.",231 Bradley Pl Ste 200,Palm Beach,FL,33480-3725,,Civic And Social Associations,Principal,Ms. Greta Faigen,Faigen Family Foundation  Inc,,Search1600.csv,No close match,,,,,,,,,,,,,,,,,,,,,,,
Advantage Reporting Co Inc,P O Box 15726,West Palm Beach,FL,33416,,"ADVANTAGE REPORTING COMPANY, INC.",2161 Palm Beach Lakes Blvd Ste 302,West Palm Beach,FL,33409-6612,,Court Reporting Service,President,Ms. Claudia P Witters,Advantage Reporting Co Inc,,Search1600.csv,No close match,,,,,,,,,,,,,,,,,,,,,,,
Georges Paint & Hardware Inc,P O Box 18407,West Palm Beach,FL,33416,,"GEORGE'S PAINT & HARDWARE, INC.",4616 S Dixie Hwy,West Palm Beach,FL,33405-2932,,"Truck Rental And Leasing, No Drivers",President,Mr. Christopher J Spring,Georges Paint & Hardware Inc,,Search1600.csv,No close match,,,,,,,,,,,,,,,,,,,,,,,
Associated Land Surveyors Inc,P O Box 19717,West Palm Beach,FL,33416,,"ASSOCIATED LAND SURVEYORS, INC.",801 Northpoint Pkwy Ste 35,West Palm Beach,FL,33407-1991,,"Survey Service: Marketing, Location, Etc.",President,Mr. William R Van Campen,Associated Land Surveyors Inc,"https://floridaucc.com/search?text=ASSOCIATED LAND SURVEYORS, INC.&searchOptionType=LegacySearch&searchOptionSubOption=FiledAndLapsedActualDebtorNameList&searchCategory=Standard",Search1600.csv,Lapsed,05/10/2017,05/10/2022,03/02/2026,201701179820,0,1,,,,,,,,,,,1,"ASSOCIATED LAND SURVEYORS, INC.","4152 W BLUE HERON BLVD SUITE #121, RIVIERA BEACH, FL, 33404",UCC1,1,,05/10/2017
Golfview Shopg Plz Assoc LLP,P O Box 20016,West Palm Beach,FL,33416-0016,16,GOLFVIEW SHOPPING PLAZA ASSOCIATES LLP,6508 Travis Rd,West Palm Beach,FL,33406-5276,,Real Estate Agents And Managers,Partner,Lynwood Bishop,Golfview Shopg Plz Assoc LLP,,Search1600.csv,No close match,,,,,,,,,,,,,,,,,,,,,,,
Supreme Quality Electric  Inc,P O Box 20812,West Palm Beach,FL,33416-0812,812,"SUPREME QUALITY ELECTRIC, INC.",1315 53rd St Ste 1&,Mangonia Park,FL,33407-2245,,Electric Services,President,Mr. Kenneth Steckley,Supreme Quality Electric  Inc,"https://floridaucc.com/search?text=SUPREME QUALITY ELECTRIC, INC.&searchOptionType=LegacySearch&searchOptionSubOption=FiledAndLapsedActualDebtorNameList&searchCategory=Standard",Search1600.csv,Filed,07/15/1996,07/15/2026,03/02/2026,960000146850,10,1,,,,,,,,,,,1,SUPREME QUALITY ELECTRIC INC,"1315 53RD STREET BAYS 1 & 2, MAGNOLIA PARK, FL, 33407",UCC1,1,,07/15/1996
Northern Electrical Entps Inc,P O Box 21048,West Palm Beach,FL,33416-1048,1048,"NORTHERN ELECTRICAL ENTERPRISES, INC.",265 Rilyn Dr,West Palm Beach,FL,33405-3367,,General Electrical Contractor,President,Mr. Mark Rydberg,Northern Electrical Entps Inc,,Search1600.csv,No close match,,,,,,,,,,,,,,,,,,,,,,,
Bishops Water Company  Inc,P O Box 21143,West Palm Beach,FL,33416-1143,1143,"BISHOP'S WATER COMPANY, INC.",2605 Kelly Ln,Lake Worth,FL,33460-6171,,Water: Distilled Mineral Or Spring,President,Mr. Robert W Bishop,Bishops Water Company  Inc,,Search1600.csv,No close match,,,,,,,,,,,,,,,,,,,,,,,
West Palm Infiniti Inc,P O Box 24613,West Palm Beach,FL,33416-4613,4613,WEST PALM INFINITI INC,3031 Okeechobee Blvd,West Palm Beach,FL,33409-4015,,"Automobiles, New And Used",Vice-President,Mr. Bruce Armstrong,West Palm Infiniti Inc,https://floridaucc.com/search?text=WEST PALM INFINITI INC&searchOptionType=LegacySearch&searchOptionSubOption=FiledAndLapsedActualDebtorNameList&searchCategory=Standard,Search1600.csv,Lapsed,11/09/1995,11/09/2000,03/02/2026,950000225592,2,1,,,,,,,,,,,2,WEST PALM NISSAN INC,"551 S MILITARY TRL, WEST PALM BEACH, FL, 33415",UCC1,7,,11/09/1995
Palm Beach County Lib Annex,P O Box 15083,West Palm Beach,FL,33416-5083,5083,PALM BEACH COUNTY LIBRARY ANNEX,4289 Cherry Rd,West Palm Beach,FL,33409-6049,,Public Library,Manager,Ms. Ann Fleming,Palm Beach County Lib Annex,,Search1600.csv,No close match,,,,,,,,,,,,,,,,,,,,,,,
First Care Fmly Resources Inc,P O Box 15198,West Palm Beach,FL,33416-5198,5198,"FIRST CARE FAMILY RESOURCES, INC.",2200 N Florida Mango Rd Ste 102,West Palm Beach,FL,33409-6448,,Family Planning Clinic,Executive Director,Ms. Sharron Brewer,First Care Fmly Resources Inc,"https://floridaucc.com/search?text=FIRST CARE FAMILY RESOURCES, INC.&searchOptionType=LegacySearch&searchOptionSubOption=FiledAndLapsedActualDebtorNameList&searchCategory=Standard",Search1600.csv,Lapsed,05/10/2016,05/10/2021,03/02/2026,201607560826,0,1,,,,,,,,,,,1,"FIRST CARE FAMILY RESOURCES, INC.","2200 N FLORIDA MANGO RD STE 102, WEST PALM BEACH, FL, 33409",UCC1,1,,05/10/2016
All County Insurance,P O Box 15268,West Palm Beach,FL,33416-5268,5268,ALL COUNTY INSURANCE,700 S Military Trl,West Palm Beach,FL,33415-3904,,"Insurance Agents, Nec",Principal,Mr. Giovanni Abbondanzio,All County Insurance,https://floridaucc.com/search?text=ALL COUNTY INSURANCE&searchOptionType=LegacySearch&searchOptionSubOption=FiledAndLapsedActualDebtorNameList&searchCategory=Standard,Search1600.csv,Filed,05/03/2022,05/03/2027,03/02/2026,202201424820,0,1,,,,,,,,,,,1,ALL COUNTY INSURANCE AND FINANCIAL SERVICES,"13902 N DALE MABRY HWY #199, TAMPA, FL, 33618",UCC1,1,,05/03/2022
Family Financial Inc,P O Box 15707,West Palm Beach,FL,33416-5707,5707,FAMILY FINANCIAL INC,1441 N Military Trl,West Palm Beach,FL,33409-6018,,Investment Advice,President,Mr. John F Mercurio,Family Financial Inc,https://floridaucc.com/search?text=FAMILY FINANCIAL INC&searchOptionType=LegacySearch&searchOptionSubOption=FiledAndLapsedActualDebtorNameList&searchCategory=Standard,Search1600.csv,Lapsed,11/03/1997,11/03/2007,03/02/2026,970000247677,3,1,,,,,,,,,,,1,FAMILY FINANCIAL INC,"1441 N MILITARY TRAIL, WEST PALM BEACH, FL, 33409",UCC1,1,,11/03/1997
Independent Credit Inc,P O Box 16127,West Palm Beach,FL,33416-6127,6127,INDEPENDENT CREDIT INC,2008 Okeechobee Blvd,West Palm Beach,FL,33409-4113,,Consumer Finance Companies,President,Mr. Pete Mercurio,Independent Credit Inc,https://floridaucc.com/search?text=INDEPENDENT CREDIT INC&searchOptionType=LegacySearch&searchOptionSubOption=FiledAndLapsedActualDebtorNameList&searchCategory=Standard,Search1600.csv,Lapsed,04/15/1988,04/15/1998,03/02/2026,1880061100,2,1,,,,,,,,,,,1,INDEPENDENT CREDIT INC,"16127 PO BOX, WEST PALM BEACH, FL",UCC1,1,,04/15/1988
Prime Autos,P O Box 16127,West Palm Beach,FL,33416-6127,6127,PRIME AUTOS,2008 Okeechobee Blvd,West Palm Beach,FL,33409-4113,,"Automobiles, Used Cars Only",Owner,Mr. Peter Mercurio,Prime Autos,https://floridaucc.com/search?text=PRIME AUTOS&searchOptionType=LegacySearch&searchOptionSubOption=FiledAndLapsedActualDebtorNameList&searchCategory=Standard,Search1600.csv,Lapsed,04/15/1988,04/15/1998,03/02/2026,1880061103,3,1,,,,,,,,,,,2,HOMER INC,"2008 OKEECHOBEE BLVD, WEST PALM BCH, FL",UCC1,1,,04/15/1988
Prestige General Clg Svcs Inc,P O Box 16247,West Palm Beach,FL,33416-6247,6247,"PRESTIGE GENERAL CLEANING SERVICES, INC.",1711 Latham Rd,West Palm Beach,FL,33409-5134,,Specialty Cleaning,President,Mr. Dean R Pinnock,Prestige General Clg Svcs Inc,,Search1600.csv,No close match,,,,,,,,,,,,,,,,,,,,,,,
Payless Pumping  Inc,P O Box 16565,West Palm Beach,FL,33416-6565,6565,"PAYLESS PUMPING, INC.",842 Woodland Ave,Haverhill,FL,33415-1223,,Septic Tank Cleaning Service,President,Mr. Henry E Sullivan,Payless Pumping  Inc,"https://floridaucc.com/search?text=PAYLESS PUMPING, INC.&searchOptionType=LegacySearch&searchOptionSubOption=FiledAndLapsedActualDebtorNameList&searchCategory=Standard",Search1600.csv,Lapsed,01/27/1997,01/27/2002,03/02/2026,970000017976,0,1,,,,,,,,,,,1,PAYLESS PUMPING INC,"842 WOODLAND AVE, WEST PALM BEACH, FL, 33415",UCC1,1,,01/27/1997
Construction Technology  Inc,P O Box 16576,West Palm Beach,FL,33416-6576,6576,"CONSTRUCTION TECHNOLOGY, INC.",2540 Metrocentre Blvd Ste 1,West Palm Beach,FL,33407-3136,,Dock Construction,President,Mr. Scott Grooms,Construction Technology  Inc,"https://floridaucc.com/search?text=CONSTRUCTION TECHNOLOGY, INC.&searchOptionType=LegacySearch&searchOptionSubOption=FiledAndLapsedActualDebtorNameList&searchCategory=Standard",Search1600.csv,Lapsed,10/10/1996,10/10/2001,03/02/2026,960000212576,1,1,,,,,,,,,,,1,CONSTRUCTION TECHNOLOGY GROUP INC,"2605 AIRPORT RD, PLANT CITY, FL, 33567",UCC1,1,,10/10/1996
Terry D Triplett Inc,P O Box 17559,West Palm Beach,FL,33416-7559,7559,TERRY D. TRIPLETT INC,1103 53rd Ct S Ste B,West Palm Beach,FL,33407-2329,,"Moldings, Wood: Unfinished And Prefinished",President,Terry D Triplett,Terry D Triplett Inc,,Search1600.csv,No close match,,,,,,,,,,,,,,,,,,,,,,,
Jack Bike Man  Inc,P O Box 17565,West Palm Beach,FL,33416-7565,7565,"JACK THE BIKE MAN, INC.",2406 Florida Ave,West Palm Beach,FL,33401-7866,,Skill Training Center,Executive Director,Mr. Samuel Hairston,Jack Bike Man  Inc,,Search1600.csv,No close match,,,,,,,,,,,,,,,,,,,,,,,
Leadership Academy West Inc,P O Box 18040,West Palm Beach,FL,33416-8040,8040,LEADERSHIP ACADEMY WEST INC.,1760 N Congress Ave Ste 100,West Palm Beach,FL,33409-5178,,"Secondary School, Nec",Principal,Mr. David J Zimet,Leadership Academy West Inc,https://floridaucc.com/search?text=LEADERSHIP ACADEMY WEST INC.&searchOptionType=LegacySearch&searchOptionSubOption=FiledAndLapsedActualDebtorNameList&searchCategory=Standard,Search1600.csv,Lapsed,04/23/2014,04/23/2019,03/02/2026,201401284718,3,2,,,,,,,,,,,2,LEADERSHIP ACADEMY WEST INC.,"1760 N. CONGRESS AVENUE, WEST PALM BEACH, FL, 33409",UCC1,1,,04/23/2014
Pvm Electric  LLC,P O Box 18697,West Palm Beach,FL,33416-8697,8697,"PVM ELECTRIC, LLC",7000 S Dixie Hwy,West Palm Beach,FL,33405-4800,,General Electrical Contractor,Member,Mr. Martin K Minter,Pvm Electric  LLC,"https://floridaucc.com/search?text=PVM ELECTRIC, LLC&searchOptionType=LegacySearch&searchOptionSubOption=FiledAndLapsedActualDebtorNameList&searchCategory=Standard",Search1600.csv,Filed,04/24/2017,04/24/2027,03/02/2026,201701013795,1,1,,,,,,,,,,,1,"PVM ELECTRIC, LLC","7000 S DIXIE HIGHWAY SUITE 10, WEST PALM BEACH, FL, 33405",UCC1,1,,04/24/2017
Forest Hill Counseling Ctr Inc,P O Box 18745,West Palm Beach,FL,33416-8745,8745,"FOREST HILL COUNSELING CENTER, INC.",2677 Forest Hill Blvd Ste 102,West Palm Beach,FL,33406-5941,,"Rehabilitation Center, Outpatient Treatment",President,Ms. Darlene Silvernail,Forest Hill Counseling Ctr Inc,,Search1600.csv,No close match,,,,,,,,,,,,,,,,,,,,,,,
Custom Plumbing  Inc,P O Box 18822,West Palm Beach,FL,33416-8822,8822,"CUSTOM PLUMBING, INC.",1414 Points Rd,West Palm Beach,FL,33405-1030,,Plumbing Contractors,President,Ms. Sherri Willson,Custom Plumbing  Inc,"https://floridaucc.com/search?text=CUSTOM PLUMBING, INC.&searchOptionType=LegacySearch&searchOptionSubOption=FiledAndLapsedActualDebtorNameList&searchCategory=Standard",Search1600.csv,Lapsed,07/20/2005,07/20/2010,03/02/2026,20050021671X,1,1,,,,,,,,,,,2,"CUSTOM PLUMBING, INC.","133 ISLAND WAY, GREENACRES, FL, 33413",UCC1,1,,07/20/2005
John B Clarke & Associates PA,P O Box 19299,West Palm Beach,FL,33416-9299,9299,"JOHN B. CLARKE & ASSOCIATES, P.A.",2110 N Florida Mango Rd Ste 101,West Palm Beach,FL,33409-6412,,Legal Services,President,Mr. John B Clarke,John B Clarke & Associates PA,,Search1600.csv,No close match,,,,,,,,,,,,,,,,,,,,,,,
Cypress Lkes Mstr Hmwners Assn,3445 Cypress Trl,West Palm Beach,FL,33417-1033,1033,"CYPRESS LAKES MASTER HOMEOWNERS ASSOCIATION, INC",3445 Cypress Trl,West Palm Beach,FL,33417-1033,,Homeowners' Association,President,Ms. Stephanie Artigiani,Cypress Lkes Mstr Hmwners Assn,,Search1600.csv,No close match,,,,,,,,,,,,,,,,,,,,,,,
United Civic Organization Inc,2102 West Dr,West Palm Beach,FL,33417-2593,2593,"UNITED CIVIC ORGANIZATION, INC.",2102 West Dr,West Palm Beach,FL,33417-2593,C008,Trade Associations,President,Mr. David Israel,United Civic Organization Inc,"https://floridaucc.com/search?text=UNITED CIVIC ORGANIZATION, INC.&searchOptionType=LegacySearch&searchOptionSubOption=FiledAndLapsedActualDebtorNameList&searchCategory=Standard",Search1600.csv,Lapsed,09/14/2006,09/14/2011,03/02/2026,200603654116,0,1,,,,,,,,,,,1,UNITED CIVIC ORGANIZATION INC,"24 CAMDEN A, WEST PALM BEACH, FL, 33417",UCC1,1,,09/14/2006
Palm Bch Jwish Cmnty Cmpus Cor,4601 Community Drive,West Palm Beach,FL,33417-2716,2716,PALM BEACH JEWISH COMMUNITY CAMPUS CORPORATION,4601 Community Dr,West Palm Beach,FL,33417-2716,,Synagogue,Principal,Mr. Martin List,Palm Bch Jwish Cmnty Cmpus Cor,,Search1600.csv,No close match,,,,,,,,,,,,,,,,,,,,,,,
Son Shine Coml Rsdntial Svcs I,5215 Horseshoe Cir N,West Palm Beach,FL,33417-2758,2758,"SON SHINE COMMERCIAL & RESIDENTIAL SERVICES, INC.",5215 Horseshoe Cir N,West Palm Beach,FL,33417-2758,,Cleaning Services,Chief Executive Officer,Mr. Michael Williams,Son Shine Coml Rsdntial Svcs I,,Search1600.csv,No close match,,,,,,,,,,,,,,,,,,,,,,,
Online Computer Solutions Inc,5264 Horseshoe Cir S,West Palm Beach,FL,33417-2794,2794,ONLINE COMPUTER SOLUTIONS INC,5264 Horseshoe Cir S,West Palm Beach,FL,33417-2794,,Computer Related Consulting Services,President,Mr. Gary Gerber,Online Computer Solutions Inc,,Search1600.csv,No close match,,,,,,,,,,,,,,,,,,,,,,,
It Simplicity  Inc,2866 Tnnis Clb Dr Apt 703,West Palm Beach,FL,33417-2943,2943,"IT SIMPLICITY, INC.",2866 Tennis Club Dr Apt 703,West Palm Beach,FL,33417-2943,,Computer Related Consulting Services,Principal,Negron G Juan,It Simplicity  Inc,,Search1600.csv,No close match,,,,,,,,,,,,,,,,,,,,,,,
Habana Excavating  Inc,2435 Ceceile Ave Unit D,West Palm Beach,FL,33417-3028,3028,"HABANA EXCAVATING, INC.",2435 Ceceile Ave Unit D,West Palm Beach,FL,33417-3028,C002,"Excavation And Grading, Building Construction",President,Mr. Henry Rodriguez,Habana Excavating  Inc,"https://floridaucc.com/search?text=HABANA EXCAVATING, INC.&searchOptionType=LegacySearch&searchOptionSubOption=FiledAndLapsedActualDebtorNameList&searchCategory=Standard",Search1600.csv,Lapsed,04/28/2004,04/28/2009,03/02/2026,20040677271X,1,1,,,,,,,,,,,1,HABANA EXCAVATING INC,"2435 CECILE AVENUE, WEST PALM BEACH, FL, 33417",UCC1,1,,04/28/2004
Coastal Concrete Repair  Inc,5103 Robino Cir,West Palm Beach,FL,33417-3305,3305,"COASTAL CONCRETE REPAIR, INC.",5103 Robino Cir,West Palm Beach,FL,33417-3305,,Concrete Repair,Principal,Ray Webber,Coastal Concrete Repair  Inc,,Search1600.csv,No close match,,,,,,,,,,,,,,,,,,,,,,,
W P B Innkeepers LLC,5981 Okeechobee Blvd,West Palm Beach,FL,33417-4323,4323,W P B INNKEEPERS LLC,5981 Okeechobee Blvd,West Palm Beach,FL,33417-4323,,Inns,Member,Mr. Michael Thomas,W P B Innkeepers LLC,,Search1600.csv,No close match,,,,,,,,,,,,,,,,,,,,,,,
Howard B Stevens  Inc,6000 Okchobee Blvd,West Palm Beach,FL,33417-4365,4365,"HOWARD B. STEVENS, INC.",6000 Okeechobee Blvd Ste 200,West Palm Beach,FL,33417-4365,C057,"Software Training, Computer",President,Mr. Howard Fellman,Howard B Stevens  Inc,,Search1600.csv,No close match,,,,,,,,,,,,,,,,,,,,,,,
Ideal Lending Solutions  Inc,5589 Okeechobee Blvd,West Palm Beach,FL,33417-4486,4486,"IDEAL LENDING SOLUTIONS, INC.",5589 Okeechobee Blvd Ste 101,West Palm Beach,FL,33417-4486,C008,Mortgage Bankers And Loan Correspondents,President,Mr. Wilson Enriquez,Ideal Lending Solutions  Inc,"https://floridaucc.com/search?text=IDEAL LENDING SOLUTIONS, INC.&searchOptionType=LegacySearch&searchOptionSubOption=FiledAndLapsedActualDebtorNameList&searchCategory=Standard",Search1600.csv,Lapsed,01/13/2014,01/13/2019,03/02/2026,201400552271,2,1,,,,,,,,,,,1,"IDEAL LENDING SOLUTIONS, INC.","5589 OKEECHOBEE BLVD #101, WEST PALM BEACH, FL, 33417",UCC1,3,,01/13/2014
Active Home Hlth Care Svcs LLC,5589 Okeechobee Blvd,West Palm Beach,FL,33417-4486,4486,"ACTIVE HOME HEALTH CARE SERVICES, LLC",5589 Okeechobee Blvd,West Palm Beach,FL,33417-4486,C008,Home Health Care Services,Partner,Ms. Grace Zaguirre,Active Home Hlth Care Svcs LLC,"https://floridaucc.com/search?text=ACTIVE HOME HEALTH CARE SERVICES, LLC&searchOptionType=LegacySearch&searchOptionSubOption=FiledAndLapsedActualDebtorNameList&searchCategory=Standard",Search1600.csv,Filed,03/01/2023,03/01/2028,03/02/2026,202300564368,0,1,,,,,,,,,,,4,5589 W OKEECHOBEE BLVD LLC,"5589 OKEECHOBEE BLVD., SUITE 105, WEST PALM BEACH, FL, 33417",UCC1,3,,03/01/2023
Hyman J Zacharia  Cpa  PA,5589 Okeechobee Blvd,West Palm Beach,FL,33417-4486,4486,"HYMAN J. ZACHARIA, CPA, PA",5589 Okeechobee Blvd Ste 104,West Palm Beach,FL,33417-4486,,Certified Public Accountant,Principal,Zacharia J Hyman,Hyman J Zacharia  Cpa  PA,"https://floridaucc.com/search?text=HYMAN J. ZACHARIA, CPA, PA&searchOptionType=LegacySearch&searchOptionSubOption=FiledAndLapsedActualDebtorNameList&searchCategory=Standard",Search1600.csv,Filed,07/27/2015,07/27/2030,03/02/2026,201504516654,2,1,,,,,,,,,,,1,"HYMAN J. ZACHARIA, CPA, PA","5589 OKEECHOBEE BOULEVARD, SUITE 104, WEST PALM BEACH, FL, 33417",UCC1,1,,07/27/2015
Coastal Hlthcare Solutions LLC,5114 Okeechobee Blvd,West Palm Beach,FL,33417-4503,4503,"COASTAL HEALTHCARE SOLUTIONS, L.L.C.",5114 Okeechobee Blvd,West Palm Beach,FL,33417-4503,C008,Temporary Help Service,Member,Mr. Marc Domb,Coastal Hlthcare Solutions LLC,,Search1600.csv,No close match,,,,,,,,,,,,,,,,,,,,,,,
Charles Pharmacy,5081 Okeechobee Blvd,West Palm Beach,FL,33417-4533,4533,CHARLES PHARMACY,5081 Okeechobee Blvd,West Palm Beach,FL,33417-4533,,Drug Stores,Manager,Ms. Debbie Charles,Charles Pharmacy,https://floridaucc.com/search?text=CHARLES PHARMACY&searchOptionType=LegacySearch&searchOptionSubOption=FiledAndLapsedActualDebtorNameList&searchCategory=Standard,Search1600.csv,Lapsed,12/09/1996,12/09/2001,03/02/2026,960000257448,0,1,,,,,,,,,,,2,CHARLES PHARMACY INC,"1481 BERRYHILL RD, MILTON, FL, 32570",UCC1,1,,12/09/1996
Quattlbaum Hllman Brse Fnrl Hm,5411 Okeechobee Blvd,West Palm Beach,FL,33417-4541,4541,"QUATTLEBAUM, HOLLEMAN, BURSE FUNERAL HOME INC",5411 Okeechobee Blvd,West Palm Beach,FL,33417-4541,,Funeral Home,President,Mr. Gary E Quattlebaum,Quattlbaum Hllman Brse Fnrl Hm,,Search1600.csv,No close match,,,,,,,,,,,,,,,,,,,,,,,
Anthony Florida Erdman Inc,5405 Okchbee Blvd Ste 200,West Palm Beach,FL,33417-4544,4544,"ERDMAN ANTHONY OF FLORIDA, INC.",5405 Okeechobee Blvd Ste 200,West Palm Beach,FL,33417-4544,,Consulting Engineer,President,Dana Gillette,Anthony Florida Erdman Inc,,Search1600.csv,No close match,,,,,,,,,,,,,,,,,,,,,,,
Accurate Comm & Trnsp Svcs Inc,5114 Okeechobee Blvd,West Palm Beach,FL,33417-4575,4575,"ACCURATE COMMUNICATION & TRANSPORTATION SERVICES, INC.",5114 Okeechobee Blvd Ste 105,West Palm Beach,FL,33417-4575,,Translation Services,President,Ms. Nicole Boursiquot,Accurate Comm & Trnsp Svcs Inc,,Search1600.csv,No close match,,,,,,,,,,,,,,,,,,,,,,,
Comprhnsive Hlth Care Systems,4676 Okeechobee Blvd,West Palm Beach,FL,33417-4624,4624,"COMPREHENSIVE HEALTH CARE SYSTEMS OF THE PALM BEACHES, INC.",4676 Okeechobee Blvd,West Palm Beach,FL,33417-4624,C002,Offices And Clinics Of Chiropractors,President,Mr. Fred C Blumenfeld,Comprhnsive Hlth Care Systems,,Search1600.csv,No close match,,,,,,,,,,,,,,,,,,,,,,,
Half Price Mattress 9,4869 Okechobee Blvd Ste 1,West Palm Beach,FL,33417-4675,4675,HALF PRICE MATTRESS 9,4869 Okeechobee Blvd Ste 1,West Palm Beach,FL,33417-4675,,Mattresses,President,Mr. Caleb Tabraue,Half Price Mattress 9,,Search1600.csv,No close match,,,,,,,,,,,,,,,,,,,,,,,
Sapenoff and Harris  PA,4678 Okeechobee Blvd,West Palm Beach,FL,33417-4693,4693,"SAPENOFF AND HARRIS, P.A.",4678 Okeechobee Blvd,West Palm Beach,FL,33417-4693,C002,Offices And Clinics Of Podiatrists,President,Mr. Craig Sapenoff,Sapenoff and Harris  PA,,Search1600.csv,No close match,,,,,,,,,,,,,,,,,,,,,,,
James L Gregalot DDS,1411 Woodcrest Rd E,West Palm Beach,FL,33417-5752,5752,JAMES L GREGALOT DDS,1411 Woodcrest Rd E,West Palm Beach,FL,33417-5752,,Dentists' Office,Owner,Mr. James L Gregalot,James L Gregalot DDS,,Search1600.csv,No close match,,,,,,,,,,,,,,,,,,,,,,,
Rand-Russ Corp,1301 N Haverhill Road,West Palm Beach,FL,33417-5914,5914,RAND-RUSS CORP.,1301 N Haverhill Rd,West Palm Beach,FL,33417-5914,,Preschool Center,President,Mr. Howard Ross,Rand-Russ Corp,https://floridaucc.com/search?text=RAND-RUSS CORP.&searchOptionType=LegacySearch&searchOptionSubOption=FiledAndLapsedActualDebtorNameList&searchCategory=Standard,Search1600.csv,Lapsed,09/12/1994,09/12/2004,03/02/2026,940000185848,3,1,,,,,,,,,,,2,RAND-RUSS CORP,"1301 N HAVERHILL RD, W PALM BCH, FL, 33417",UCC1,3,,09/12/1994
South Atlantic Gas Inc,4049 Haverhill Rd N,West Palm Beach,FL,33417-7434,7434,SOUTH ATLANTIC GAS INC,4049 N Haverhill Rd,West Palm Beach,FL,33417-7434,,Gasoline Service Stations,President,Mr. Muhammad Hasan,South Atlantic Gas Inc,https://floridaucc.com/search?text=SOUTH ATLANTIC GAS INC&searchOptionType=LegacySearch&searchOptionSubOption=FiledAndLapsedActualDebtorNameList&searchCategory=Standard,Search1600.csv,Lapsed,01/17/1996,01/17/2001,03/02/2026,960000010283,1,1,,,,,,,,,,,1,SOUTH ATLANTIC GAS INC,"865 BROADWAY, RIVIERA BEACH, FL, 33404",UCC1,10,,01/17/1996
Megamaxmoney  LLC,4843 Palmbrooke Cir,West Palm Beach,FL,33417-7540,7540,"MEGAMAXMONEY, LLC",4843 Palmbrooke Cir,West Palm Beach,FL,33417-7540,C001,Perfumes And Colognes,Member,Mr. Matthew Okosodo,Megamaxmoney  LLC,,Search1600.csv,No close match,,,,,,,,,,,,,,,,,,,,,,,
Roger L Bacon,70 Kingswood D,West Palm Beach,FL,33417-7724,7724,ROGER L BACON,70 Kingswood D,West Palm Beach,FL,33417-7724,,"General Remodeling, Single-Family Houses",Owner,Mr. Roger L Bacon,Roger L Bacon,,Search1600.csv,No close match,,,,,,,,,,,,,,,,,,,,,,,
Friends Of Morselife  Inc,4847 Fred Gladstone Dr,West Palm Beach,FL,33417-8023,8023,"FRIENDS OF MORSELIFE, INC.",4847 David S Mack Dr,West Palm Beach,FL,33417-8023,,"Fund Raising Organization, Non-Fee Basis",Chief Executive Officer,Mr. Keith Myers,Friends Of Morselife  Inc,"https://floridaucc.com/search?text=FRIENDS OF MORSELIFE, INC.&searchOptionType=LegacySearch&searchOptionSubOption=FiledAndLapsedActualDebtorNameList&searchCategory=Standard",Search1600.csv,Filed,08/01/2019,08/01/2029,03/02/2026,201909290155,3,1,,,,,,,,,,,8,"MORSELIFE HEALTH SYSTEM, INC","4847 DAVID S. MACK DRIVE, WEST PALM BEACH, FL, 33417",UCC1,6,,08/01/2019
Tradition Of Palm Beaches,4880 Loring Dr,West Palm Beach,FL,33417-8061,8061,TRADITION OF PALM BEACHES,4880 Loring Dr,West Palm Beach,FL,33417-8061,C006,Skilled Nursing Care Facilities,Executive Director,Steffany Moisher,Tradition Of Palm Beaches,,Search1600.csv,No close match,,,,,,,,,,,,,,,,,,,,,,,
Southstar Management Inc,3900 N Haverhill Rd,West Palm Beach,FL,33417-8308,8308,"SOUTHSTAR MANAGEMENT, INC.",3900 N Haverhill Rd,West Palm Beach,FL,33417-8308,,Real Estate Managers,President,Mr. Martin Pechter,Southstar Management Inc,"https://floridaucc.com/search?text=SOUTHSTAR MANAGEMENT, INC.&searchOptionType=LegacySearch&searchOptionSubOption=FiledAndLapsedActualDebtorNameList&searchCategory=Standard",Search1600.csv,Lapsed,01/22/1998,01/22/2003,03/02/2026,980000014755,0,1,,,,,,,,,,,1,SOUTHSTAR MANAGEMENT INC,"751 PARK OF COMMERCE #128, BOCA RATON, FL, 33487",UCC1,1,,01/22/1998
Pechter Family Foundation Inc,3900 N Haverhill Rd,West Palm Beach,FL,33417-8308,8308,"PECHTER FAMILY FOUNDATION, INC.",3900 N Haverhill Rd,West Palm Beach,FL,33417-8308,,Charitable Organization,Principal,Mr. Jack Pechter,Pechter Family Foundation Inc,"https://floridaucc.com/search?text=PECHTER FAMILY FOUNDATION, INC.&searchOptionType=LegacySearch&searchOptionSubOption=FiledAndLapsedActualDebtorNameList&searchCategory=Standard",Search1600.csv,Lapsed,02/22/2006,02/22/2011,03/02/2026,20060194303X,0,1,,,,,,,,,,,1,"PECHTER FAMILY FOUNDATION, INC.","751 PARK OF COMMERCE DRIVE; SUITE 128, BOCA RATON, FL, 33487",UCC1,4,,02/22/2006
All Star Plumbing and Air Inc,4585 N Haverhill Rd,West Palm Beach,FL,33417-8312,8312,"ALL STAR PLUMBING AND AIR, INC.",4585 N Haverhill Rd,West Palm Beach,FL,33417-8312,C006,Plumbing Contractors,President,Mr. Roy E Bush,All Star Plumbing and Air Inc,"https://floridaucc.com/search?text=ALL STAR PLUMBING AND AIR, INC.&searchOptionType=LegacySearch&searchOptionSubOption=FiledAndLapsedActualDebtorNameList&searchCategory=Standard",Search1600.csv,Filed,12/29/2025,12/29/2030,03/02/2026,202504831771,0,1,,,,,,,,,,,1,"ALL STAR PLUMBING AND AIR, INC.","1544 DONNA ROAD, WEST PALM BEACH, FL, 33409",UCC1,1,,12/29/2025
Trinity Health Care,3951 N Hvrhill Rd Ste 204,West Palm Beach,FL,33417-8339,8339,TRINITY HEALTH CARE,3951 N Haverhill Rd Ste 204,West Palm Beach,FL,33417-8339,,Home Health Care Services,Chief Executive Officer,Mr. Gabriel Smith,Trinity Health Care,https://floridaucc.com/search?text=TRINITY HEALTH CARE&searchOptionType=LegacySearch&searchOptionSubOption=FiledAndLapsedActualDebtorNameList&searchCategory=Standard,Search1600.csv,Lapsed,11/04/1991,11/04/1996,03/02/2026,910000237033,0,1,,,,,,,,,,,3,TRINITY HEALTH CARE CORP,"95 GENEVA DR, OVIEDO, FL, 32778",UCC1,1,,11/04/1991
United Pharmacy LLC,3951 Haverhill Rd N,West Palm Beach,FL,33417-8341,8341,UNITED PHARMACY LLC,3951 N Haverhill Rd Ste 120,West Palm Beach,FL,33417-8341,,Drug Stores,Managing Member,Mr. Roman Shekhet,United Pharmacy LLC,https://floridaucc.com/search?text=UNITED PHARMACY LLC&searchOptionType=LegacySearch&searchOptionSubOption=FiledAndLapsedActualDebtorNameList&searchCategory=Standard,Search1600.csv,Lapsed,05/08/2009,05/08/2014,03/02/2026,20090049783X,0,1,,,,,,,,,,,1,UNITED PHARMACY LLC,"3951 N HAVERHILL RD #300 SUITE 120-121, WEST PALM BEACH, FL, 33417",UCC1,2,,05/08/2009
Allstate Investments  Inc,3951 N Hvrhill Rd Ste 300,West Palm Beach,FL,33417-8344,8344,"ALLSTATE INVESTMENTS, INC.",3951 N Haverhill Rd Ste 300,West Palm Beach,FL,33417-8344,,"Investors, Nec",Principal,Mr. Richard Grondin,Allstate Investments  Inc,"https://floridaucc.com/search?text=ALLSTATE INVESTMENTS, INC.&searchOptionType=LegacySearch&searchOptionSubOption=FiledAndLapsedActualDebtorNameList&searchCategory=Standard",Search1600.csv,Lapsed,04/11/2002,04/11/2017,03/02/2026,200200854559,3,2,,,,,,,,,,,1,"ALLSTATE INVESTMENTS, INC.","3951  N. HAVERHILL RD, #300, WEST PALM BEACH, FL, 33417",UCC1,5,,04/11/2002
Episcopal Church Foundation,P O Box 10584,West Palm Beach,FL,33419,,THE EPISCOPAL CHURCH FOUNDATION,100 W 20th St,Riviera Beach,FL,33404-6158,,Episcopal Church,Director,Chynthia Becton,Episcopal Church Foundation,,Search1600.csv,No close match,,,,,,,,,,,,,,,,,,,,,,,
Solartech Universal  LLC,P O Box 10569,West Palm Beach,FL,33419,,"SOLARTECH UNIVERSAL, LLC",1800 President Barack Obama Hwy,Riviera Beach,FL,33404-5451,,Solar Cells,Managing Member,Mr. Louis Koster,Solartech Universal  LLC,"https://floridaucc.com/search?text=SOLARTECH UNIVERSAL, LLC&searchOptionType=LegacySearch&searchOptionSubOption=FiledAndLapsedActualDebtorNameList&searchCategory=Standard",Search1600.csv,Lapsed,10/09/2015,10/09/2025,03/02/2026,201505294906,2,1,,,,,,,,,,,1,"SOLARTECH UNIVERSAL, LLC","1800 OLD DIXIE HIGHWAY, RIVIERA BEACH, FL, 33404",UCC1,1,,10/09/2015
New Bgnning Globl Out Rach Mns,P O Box 10655,Riviera Beach,FL,33419,,"NEW BEGINNING GLOBAL OUT REACH MINISTRIES, INC.",2421 Avenue E,Riviera Beach,FL,33404-4436,,Youth Center,President,Tiandra Montgomery,New Bgnning Globl Out Rach Mns,,Search1600.csv,No close match,,,,,,,,,,,,,,,,,,,,,,,
United Lighting Sales  Inc,P O Box 10267,West Palm Beach,FL,33419-0267,267,"UNITED LIGHTING SALES, INC.",1489 W 13th St,Riviera Beach,FL,33404-6610,,Light Bulbs And Related Supplies,President,Mr. William Barnette,United Lighting Sales  Inc,"https://floridaucc.com/search?text=UNITED LIGHTING SALES, INC.&searchOptionType=LegacySearch&searchOptionSubOption=FiledAndLapsedActualDebtorNameList&searchCategory=Standard",Search1600.csv,Lapsed,12/12/2001,12/12/2006,03/02/2026,200190540638,0,1,,,,,,,,,,,1,"UNITED LIGHTING SALES, INC.","7374 CENTRAL INDUSTRIAL DRIVE, RIVIERA BEACH, FL, 33404",UCC1,1,,12/12/2001
Florida Design Mfg Assoc Inc,P O Box 10505,West Palm Beach,FL,33419-0505,505,"FLORIDA DESIGN MANUFACTURING ASSOCIATES, INC.",7430 Pine Tree Ln,West Palm Beach,FL,33406-6821,,"Counters Or Counter Display Cases, Except Wood",President,Mr. John Shanks,Florida Design Mfg Assoc Inc,,Search1600.csv,No close match,,,,,,,,,,,,,,,,,,,,,,,
Brite Products  Inc,P O Box 10562,West Palm Beach,FL,33419-0562,562,"BRITE PRODUCTS, INC.",1231 W 13th St,Riviera Beach,FL,33404-6640,,"Chemicals And Allied Products, Nec",President,Mr. James Hagen,Brite Products  Inc,"https://floridaucc.com/search?text=BRITE PRODUCTS, INC.&searchOptionType=LegacySearch&searchOptionSubOption=FiledAndLapsedActualDebtorNameList&searchCategory=Standard",Search1600.csv,Lapsed,11/13/2000,11/13/2005,03/02/2026,200000256270,0,1,,,,,,,,,,,1,BRITE PRODUCTS INC,"1241 WEST 13TH ST, RIVIERA BCH, FL, 33404",UCC1,1,,11/13/2000
Triangle Sales Corporation,P O Box 11151,West Palm Beach,FL,33419-1151,1151,TRIANGLE SALES CORPORATION,1351 W 13th St,Riviera Beach,FL,33404-6611,,Sporting And Recreation Goods,President,Dale Merken,Triangle Sales Corporation,https://floridaucc.com/search?text=TRIANGLE SALES CORPORATION&searchOptionType=LegacySearch&searchOptionSubOption=FiledAndLapsedActualDebtorNameList&searchCategory=Standard,Search1600.csv,Lapsed,10/05/1998,10/05/2013,03/02/2026,980000220999,4,1,,,,,,,,,,,1,TRIANGLE SALES CORPORATION,"3850 WEST INDUSTRIAL WAY, RIVIERA BEACH, FL, 33404",UCC1,2,,10/05/1998
Gulfstream Line Inc,P O Box 9319,Riviera Beach,FL,33419-9319,9319,GULFSTREAM LINE INC,801 Avenue E,Riviera Beach,FL,33404-7523,,"Agents, Shipping",President,Mr. Glen Dias,Gulfstream Line Inc,,Search1600.csv,No close match,,,,,,,,,,,,,,,,,,,,,,,
Murray Marine Services  Inc,P O Box 9613,West Palm Beach,FL,33419-9613,9613,"MURRAY MARINE SERVICES, INC.",1616 Broadway,Riviera Beach,FL,33404-5628,,Boat Repair,President,Mr. Richard F Murray,Murray Marine Services  Inc,"https://floridaucc.com/search?text=MURRAY MARINE SERVICES, INC.&searchOptionType=LegacySearch&searchOptionSubOption=FiledAndLapsedActualDebtorNameList&searchCategory=Standard",Search1600.csv,Lapsed,10/08/2004,10/08/2009,03/02/2026,200408041445,1,1,,,,,,,,,,,1,MURRAY MARINE SERVICES INC,"1616 BROADWAY, RIVIERA BEACH, FL, 33404-0000",UCC1,1,,10/08/2004
Eastern Freight Forwarders Inc,P O Box 9728,West Palm Beach,FL,33419-9728,9728,"EASTERN FREIGHT FORWARDERS, INC.",2001 Australian Ave Ste 7,Riviera Beach,FL,33404-5344,,Freight Forwarding,President,Jag Bahl,Eastern Freight Forwarders Inc,"https://floridaucc.com/search?text=EASTERN FREIGHT FORWARDERS, INC.&searchOptionType=LegacySearch&searchOptionSubOption=FiledAndLapsedActualDebtorNameList&searchCategory=Standard",Search1600.csv,Lapsed,09/11/1992,09/11/1997,03/02/2026,920000184930,0,1,,,,,,,,,,,1,EASTERN FREIGHT FORWARDERS INC,"301 BROADWAY, RIVIERA BEACH, FL, 33419",UCC1,1,,09/11/1992
Rmb Concrete & Precast  Inc,P O Box 9787,West Palm Beach,FL,33419-9787,9787,"RMB CONCRETE & PRECAST, INC.",460 Avenue S,Riviera Beach,FL,33404-7108,,Concrete And Cinder Block,President,Ray Barnes,Rmb Concrete & Precast  Inc,"https://floridaucc.com/search?text=RMB CONCRETE & PRECAST, INC.&searchOptionType=LegacySearch&searchOptionSubOption=FiledAndLapsedActualDebtorNameList&searchCategory=Standard",Search1600.csv,Lapsed,07/01/2014,07/01/2019,03/02/2026,201401732222,0,1,,,,,,,,,,,2,RMB CONCRETE & PRECAST INC,"460 AVENUE S, RIVIERA BEACH, FL, 33404",UCC1,1,,07/01/2014
Sunshine Printing  Inc,P O Box 31043,West Palm Beach,FL,33420,,"SUNSHINE PRINTING, INC",2605 Old Okeechobee Rd,West Palm Beach,FL,33409-4146,,Offset Printing,President,Mr. Dennis Watrous,Sunshine Printing  Inc,"https://floridaucc.com/search?text=SUNSHINE PRINTING, INC&searchOptionType=LegacySearch&searchOptionSubOption=FiledAndLapsedActualDebtorNameList&searchCategory=Standard",Search1600.csv,Lapsed,12/19/1994,12/19/1999,03/02/2026,940000253946,0,1,,,,,,,,,,,2,SUNSHINE PRINTING INC,"3829 WESTGATE AVE 1, WEST PALM BEACH, FL",UCC1,1,,12/19/1994
Architctral Rsurce Systems Inc,P O Box 30214,Palm Beach Gardens,FL,33420-0214,214,"ARCHITECTURAL RESOURCE SYSTEMS, INC.",1210 52nd St Ste B,West Palm Beach,FL,33407-2227,,Plastics Resins,President,Mr. Frank Bandy,Architctral Rsurce Systems Inc,,Search1600.csv,No close match,,,,,,,,,,,,,,,,,,,,,,,
Automated Mfg Systems Inc,P O Box 31731,West Palm Beach,FL,33420-1731,1731,"AUTOMATED MANUFACTURING SYSTEMS, INC.",5700 Columbia Cir,West Palm Beach,FL,33407-2217,,Injection Molding Of Plastics,President,Mr. Richard Bell,Automated Mfg Systems Inc,,Search1600.csv,No close match,,,,,,,,,,,,,,,,,,,,,,,
Roles Marketing Intl Inc,P O Box 31907,West Palm Beach,FL,33420-1907,1907,"ROLES MARKETING INTERNATIONAL, INC.",500 S Australian Ave Ste 600,West Palm Beach,FL,33401-6237,,Agricultural Consultant,President,Mr. Richard C Roles,Roles Marketing Intl Inc,,Search1600.csv,No close match,,,,,,,,,,,,,,,,,,,,,,,
Flortech  LLC,P O Box 32338,West Palm Beach,FL,33420-2338,2338,"FLORTECH, LLC",1960 Avenue L,Riviera Beach,FL,33404-5442,,Vinyl Floor Tile And Sheet Installation,,Mr. Keith Bensch,Flortech  LLC,"https://floridaucc.com/search?text=FLORTECH, LLC&searchOptionType=LegacySearch&searchOptionSubOption=FiledAndLapsedActualDebtorNameList&searchCategory=Standard",Search1600.csv,Filed,05/27/2020,05/27/2030,03/02/2026,202001755587,1,1,,,,,,,,,,,1,FLORTECH LLC,"2775 VISTA PARKWAY SUITE G4B, WEST PALM BEACH, FL, 33411",UCC1,1,,05/27/2020
N2w Software Inc,P O Box 32519,West Palm Beach,FL,33420-2519,2519,N2W SOFTWARE INC.,500 S Australian Ave Ste 910,West Palm Beach,FL,33401-6220,,Utility Computer Software,Chief Executive Officer,Mr. Jason Judge,N2w Software Inc,,Search1600.csv,No close match,,,,,,,,,,,,,,,,,,,,,,,
Americas Best Chice Trnspt LLC,P O Box 211731,Royal Palm Beach,FL,33421,,AMERICA'S BEST CHOICE TRANSPORT LLC,1645 Palm Beach Lakes Blvd Ste 1200,West Palm Beach,FL,33401-2214,,Truck Transportation Brokers,Managing Member,Mr. Julius Bernard,Americas Best Chice Trnspt LLC,,Search1600.csv,No close match,,,,,,,,,,,,,,,,,,,,,,,
Delta Petroleum and Indus Inc,P O Box 211414,Royal Palm Beach,FL,33421-1414,1414,"DELTA PETROLEUM AND INDUSTRIAL, INC.",2070 Scott Ave,West Palm Beach,FL,33409-3208,,"Service Station Equipment Installation, Maint., And Repair",President,Mr. Peter Delderfield,Delta Petroleum and Indus Inc,"https://floridaucc.com/search?text=DELTA PETROLEUM AND INDUSTRIAL, INC.&searchOptionType=LegacySearch&searchOptionSubOption=FiledAndLapsedActualDebtorNameList&searchCategory=Standard",Search1600.csv,Lapsed,02/17/1995,02/17/2000,03/02/2026,950000033204,1,1,,,,,,,,,,,1,DELTA PETROLEUM AND INDUSTRIAL INC,"4827 SOUTHERN BLVD, W PALM BCH, FL, 33415",UCC1,1,,02/17/1995
William Featherston Assoc Inc,P O Box 212487,Royal Palm Beach,FL,33421-2487,2487,"WILLIAM FEATHERSTON & ASSOCIATES, INC.",1645 Palm Beach Lakes Blvd,West Palm Beach,FL,33401-2204,,"Nonresidential Construction, Nec",President,Mr. William Featherston,William Featherston Assoc Inc,"https://floridaucc.com/search?text=WILLIAM FEATHERSTON & ASSOCIATES, INC.&searchOptionType=LegacySearch&searchOptionSubOption=FiledAndLapsedActualDebtorNameList&searchCategory=Standard",Search1600.csv,Filed,09/25/2019,09/25/2029,03/02/2026,201909741653,1,1,,,,,,,,,,,1,"WILLIAM FEATHERSTON & ASSOCIATES, INC.","5280 10TH AVENUE NORTH, SUITE F, GREENACRES, FL, 33463",UCC1,1,,09/25/2019
Air Plus South Florida  Inc,P O Box 213125,Royal Palm Beach,FL,33421-3125,3125,"AIR PLUS OF SOUTH FLORIDA, INC.",1611 N Military Trl,West Palm Beach,FL,33409-4711,,Warm Air Heating And Air Conditioning Contractor,President,Rory H Ramcharan,Air Plus South Florida  Inc,,Search1600.csv,No close match,,,,,,,,,,,,,,,,,,,,,,,
Credit Card Mgt Svcs Inc,P O Box 220597,West Palm Beach,FL,33422-0597,597,"CREDIT CARD MANAGEMENT SERVICES, INC.",1325 N Congress Ave Ste 201,West Palm Beach,FL,33401-2005,,"Debt Counseling Or Adjustment Service, Individuals",President,Mr. Paul Donohue,Credit Card Mgt Svcs Inc,,Search1600.csv,No close match,,,,,,,,,,,,,,,,,,,,,,,
Hopkins Air Conditioning  Inc,P O Box 221255,West Palm Beach,FL,33422-1255,1255,"HOPKINS AIR CONDITIONING, INC.",5403 N Haverhill Rd Unit 231,West Palm Beach,FL,33407-7007,,Warm Air Heating And Air Conditioning Contractor,Principal,Mr. Doug Hopkins,Hopkins Air Conditioning  Inc,"https://floridaucc.com/search?text=HOPKINS AIR CONDITIONING, INC.&searchOptionType=LegacySearch&searchOptionSubOption=FiledAndLapsedActualDebtorNameList&searchCategory=Standard",Search1600.csv,Filed,05/30/2024,05/30/2029,03/02/2026,20240144080X,1,2,,,,,,,,,,,2,"HOP ENTERPRISES, INC.","5403 N HAVERHILL RD STE 231, WEST PALM BEACH, FL, 33407",UCC1,3,,05/30/2024
Facilities Pro-Sweep  Inc,P O Box 221621,West Palm Beach,FL,33422-1621,1621,"FACILITIES PRO-SWEEP, INC.",2755 Vista Pkwy Ste 12,West Palm Beach,FL,33411-6750,,"Sweeping Service: Road, Airport, Parking Lot, Etc.",President,Mr. Alessandro Correa,Facilities Pro-Sweep  Inc,,Search1600.csv,No close match,,,,,,,,,,,,,,,,,,,,,,,
Urban Youth Impact,P O Box 222592,West Palm Beach,FL,33422-2592,2592,URBAN YOUTH IMPACT,2823 N Australian Ave Bldg 2,West Palm Beach,FL,33407-4524,,Youth Self-Help Agency,Director,Mr. William T Hobbf,Urban Youth Impact,https://floridaucc.com/search?text=URBAN YOUTH IMPACT&searchOptionType=LegacySearch&searchOptionSubOption=FiledAndLapsedActualDebtorNameList&searchCategory=Standard,Search1600.csv,Lapsed,11/05/2002,11/05/2007,03/02/2026,200202570264,0,1,,,,,,,,,,,1,"URBAN YOUTH IMPACT, INC.","2724 NORTH AUSTRALIAN AVENUE, WEST PALM BEACH, FL, 33407",UCC1,1,,11/05/2002
Visionary Spectacle Studios,P O Box 222614,West Palm Beach,FL,33422-2614,2614,VISIONARY SPECTACLE STUDIOS,901 Northpoint Pkwy Ste 309,West Palm Beach,FL,33407-1953,,Engineering Services,Principal,Mr. Nelson Caceres,Visionary Spectacle Studios,https://floridaucc.com/search?text=VISIONARY SPECTACLE STUDIOS&searchOptionType=LegacySearch&searchOptionSubOption=FiledAndLapsedActualDebtorNameList&searchCategory=Standard,Search1600.csv,Lapsed,12/05/2016,12/05/2021,03/02/2026,201609606009,0,1,,,,,,,,,,,1,VISIONARY SPECTACLE STUDIOS INC,"901 NORTH POINT PKWY, STE 309, WEST PALM BEACH, FL, 33407",UCC1,1,,12/05/2016
Champion Well and Pump Service,P O Box 223712,West Palm Beach,FL,33422-3712,3712,CHAMPION WELL AND PUMP SERVICE INC,2080 Indian Rd,West Palm Beach,FL,33409-3220,,"Servicing, Water Wells",President,Mr. Arthur H Champion,Champion Well and Pump Service,https://floridaucc.com/search?text=CHAMPION WELL AND PUMP SERVICE INC&searchOptionType=LegacySearch&searchOptionSubOption=FiledAndLapsedActualDebtorNameList&searchCategory=Standard,Search1600.csv,Lapsed,03/21/2001,03/21/2006,03/02/2026,200100062942,0,1,,,,,,,,,,,1,CHAMPION WELL AND PUMP SERVICE INC,"2080 INDIAN RD, WEST PALM BEACH, FL, 33409",UCC1,2,,03/21/2001
Ez Com Technologies  Inc,P O Box 4271,Boynton Beach,FL,33424,,"EZ COM TECHNOLOGIES, INC.",333 Southern Blvd Ste 402,West Palm Beach,FL,33405-2651,,Computer Software Development,Chief Executive Officer,Mr. Bill Folchetti,Ez Com Technologies  Inc,,Search1600.csv,No close match,,,,,,,,,,,,,,,,,,,,,,,
Aquamatic Sprinkler Systems,P O Box 4523,Boynton Beach,FL,33424-4523,4523,AQUAMATIC SPRINKLER SYSTEMS INC,2097 Spafford Ave,West Palm Beach,FL,33409-3213,,Irrigation Systems,President,Mr. Richard M Penney,Aquamatic Sprinkler Systems,https://floridaucc.com/search?text=AQUAMATIC SPRINKLER SYSTEMS INC&searchOptionType=LegacySearch&searchOptionSubOption=FiledAndLapsedActualDebtorNameList&searchCategory=Standard,Search1600.csv,Lapsed,08/15/2006,08/15/2011,03/02/2026,200603428418,0,1,,,,,,,,,,,1,"AQUAMATIC SPRINKLER SYSTEMS, INC","7364 102ND PLACE SOUTH, BOYNTON BEACH, FL, 33437",UCC1,1,,08/15/2006
Channel Industries Inc,P O Box 65,Canal Point,FL,33438-0065,65,CHANNEL INDUSTRIES INC.,511 29th St,West Palm Beach,FL,33407-5115,,Pumps And Pumping Equipment,President,Mr. James Goldie,Channel Industries Inc,https://floridaucc.com/search?text=CHANNEL INDUSTRIES INC.&searchOptionType=LegacySearch&searchOptionSubOption=FiledAndLapsedActualDebtorNameList&searchCategory=Standard,Search1600.csv,Lapsed,03/24/2005,03/24/2015,03/02/2026,200509265411,2,1,,,,,,,,,,,1,CHANNEL INDUSTRIES INC.,"50 KINDRED STREET, SUITE 201, STUART, FL, 34994",UCC1,1,,03/24/2005
22 Enterprises Inc,P O Box 540066,Greenacres,FL,33454,,22 ENTERPRISES INC.,411 S County Rd Ste 200,Palm Beach,FL,33480-6714,,"Software, Business And Non-Game",Chairman Of The Board,Mr. Nasser Kazeminy,22 Enterprises Inc,,Search1600.csv,No close match,,,,,,,,,,,,,,,,,,,,,,,
Coral Reef Cast Stone Inc,P O Box 540549,Greenacres,FL,33454-0549,549,CORAL REEF CAST STONE INC,6100 Georgia Ave,West Palm Beach,FL,33405-3950,,"Stone, Cast Concrete",President,Ms. Rhoda Meyers,Coral Reef Cast Stone Inc,https://floridaucc.com/search?text=CORAL REEF CAST STONE INC&searchOptionType=LegacySearch&searchOptionSubOption=FiledAndLapsedActualDebtorNameList&searchCategory=Standard,Search1600.csv,Lapsed,04/22/1998,04/22/2003,03/02/2026,980000087401,0,1,,,,,,,,,,,3,CORAL REEF CAST STONE INC,"6100 GEORGIA AVE, WEST PALM BEACH, FL, 33405",UCC1,6,,04/22/1998
Phoenix Landscape Maint Inc,P O Box 1692,Lake Worth,FL,33460,,"PHOENIX LANDSCAPE MAINTENANCE, INC.",815 Belvedere Rd,West Palm Beach,FL,33405-1109,,Landscape Services,President,Mr. Allen E Weidenfeller,Phoenix Landscape Maint Inc,"https://floridaucc.com/search?text=PHOENIX LANDSCAPE MAINTENANCE, INC.&searchOptionType=LegacySearch&searchOptionSubOption=FiledAndLapsedActualDebtorNameList&searchCategory=Standard",Search1600.csv,Lapsed,11/15/1994,11/15/1999,03/02/2026,940000232468,0,1,,,,,,,,,,,1,PHOENIX LANDSCAPE MAINTENANCE INC,"PO BOX 10544, 1701 WEST 10TH STREET, RIVIERA BEACH, FL, 33404",UCC1,1,,11/15/1994
Heto  Inc,P O Box 331,Lake Worth,FL,33460-0331,331,"HETO, INC.",1753 22nd Ave N,Lake Worth,FL,33460-6049,,"General Contractor, Highway And Street Construction",President,Mr. Thomas M Bassie,Heto  Inc,"https://floridaucc.com/search?text=HETO, INC.&searchOptionType=LegacySearch&searchOptionSubOption=FiledAndLapsedActualDebtorNameList&searchCategory=Standard",Search1600.csv,Lapsed,05/29/2020,05/29/2025,03/02/2026,202001870424,0,1,,,,,,,,,,,1,"HETO, INC","1753 22ND AVE N, LAKE WORTH, FL, 33460",UCC1,1,,05/29/2020
Path To College Foundation Inc,P O Box 487,Lake Worth,FL,33460-0487,487,THE PATH TO COLLEGE FOUNDATION INC,313 Datura St Ste 200,West Palm Beach,FL,33401-5405,,Civic And Social Associations,Executive Director,Ms. Christine Sylvain,Path To College Foundation Inc,,Search1600.csv,No close match,,,,,,,,,,,,,,,,,,,,,,,
Dolormed  Inc,P O Box 943,Lake Worth,FL,33460-0943,943,"DOLORMED, INC.",2502 N Dixie Hwy Unit 32,Lake Worth,FL,33460-6272,,Medical Equipment And Supplies,President,Mr. Nester Estrada,Dolormed  Inc,,Search1600.csv,No close match,,,,,,,,,,,,,,,,,,,,,,,
Thomas & Clough Co  PA,P O Box 1288,Lake Worth,FL,33460-1288,1288,"THOMAS & CLOUGH CO., P.A.",1919 N Flagler Dr Ste 300,West Palm Beach,FL,33407-9805,,Certified Public Accountant,President,Dana Thomas,Thomas & Clough Co  PA,"https://floridaucc.com/search?text=THOMAS & CLOUGH CO., P.A.&searchOptionType=LegacySearch&searchOptionSubOption=FiledAndLapsedActualDebtorNameList&searchCategory=Standard",Search1600.csv,Lapsed,06/29/2020,06/29/2025,03/02/2026,202002696827,0,1,,,,,,,,,,,1,THOMAS & CLOUGH CO PA,"1111 HYPOLUXO ROAD, SUITE 101A, LANTANA, FL, 33462",UCC1,1,,06/29/2020
National New Play Network Ltd,P O Box 1692,Lake Worth,FL,33460-1692,1692,NATIONAL NEW PLAY NETWORK LTD.,365 Gregory Rd,West Palm Beach,FL,33405-4926,,Theater Programs,Executive Director,Ms. Nan Barnett,National New Play Network Ltd,,Search1600.csv,No close match,,,,,,,,,,,,,,,,,,,,,,,
Jay Butan  Dvm  PA,501 24th Ave N,Lake Worth,FL,33460-6113,6113,"JAY BUTAN, D.V.M., P.A.",501 24th Ave N,Lake Worth,FL,33460-6113,C005,"Animal Hospital Services, Pets And Other Animal Specialties",President,Dr. Jay Butan,Jay Butan  Dvm  PA,"https://floridaucc.com/search?text=JAY BUTAN, D.V.M., P.A.&searchOptionType=LegacySearch&searchOptionSubOption=FiledAndLapsedActualDebtorNameList&searchCategory=Standard",Search1600.csv,Lapsed,03/23/2015,03/23/2020,03/02/2026,201503317275,0,1,,,,,,,,,,,1,"JAY BUTAN D.V.M., P.A.","501 24TH AVE N, LAKE WORTH, FL, 334606113",UCC1,1,,03/23/2015
K M I International Inc,2501 Park St,Lake Worth,FL,33460-6139,6139,K M I INTERNATIONAL INC.,2501 Park St,Lake Worth,FL,33460-6139,C005,"Doors, Wood",President,Mr. Carlos Rodriguez,K M I International Inc,https://floridaucc.com/search?text=K M I INTERNATIONAL INC.&searchOptionType=LegacySearch&searchOptionSubOption=FiledAndLapsedActualDebtorNameList&searchCategory=Standard,Search1600.csv,Lapsed,07/06/1995,07/06/2000,03/02/2026,950000134725,0,1,,,,,,,,,,,1,K M I INTERNATIONAL INC,"2501 PARK STREET, LAKE WORTH, FL, 33460",UCC1,2,,07/06/1995
Camel Towing LLC,2712 Park St,Lake Worth,FL,33460-6144,6144,CAMEL TOWING LLC,2712 Park St,Lake Worth,FL,33460-6144,,"Towing Service, Automotive",Managing Member,Mr. Mario B Faga,Camel Towing LLC,https://floridaucc.com/search?text=CAMEL TOWING LLC&searchOptionType=LegacySearch&searchOptionSubOption=FiledAndLapsedActualDebtorNameList&searchCategory=Standard,Search1600.csv,Lapsed,03/19/2012,03/19/2017,03/02/2026,201206377907,0,1,,,,,,,,,,,1,CAMEL TOWING LLC,"602 N G ST., STE A, LAKE WORTH, FL, 33460",UCC1,1,,03/19/2012
Millers Custom Metals  Inc,1224 Pope Ln,Lake Worth,FL,33460-6146,6146,"MILLER'S CUSTOM METALS, INC.",1224 Pope Ln,Lake Worth,FL,33460-6146,C005,"Stairs, Staircases, Stair Treads: Prefabricated Metal",President,Mr. John Miller,Millers Custom Metals  Inc,,Search1600.csv,No close match,,,,,,,,,,,,,,,,,,,,,,,
Cr Dunn  Inc,1202 Pope Ln,Lake Worth,FL,33460-6146,6146,"C.R. DUNN, INC.",1202 Pope Ln,Lake Worth,FL,33460-6146,,General Electrical Contractor,President,Mr. Clyde R Dunn,Cr Dunn  Inc,"https://floridaucc.com/search?text=C.R. DUNN, INC.&searchOptionType=LegacySearch&searchOptionSubOption=FiledAndLapsedActualDebtorNameList&searchCategory=Standard",Search1600.csv,Lapsed,04/22/1996,04/22/2001,03/02/2026,960000080834,1,1,,,,,,,,,,,1,CR DUNN INC,"1214 POPE LN, LAKE WORTH, FL, 33460",UCC1,2,,04/22/1996
Johnson Medical Center II,2531 N Dixie Hwy,Lake Worth,FL,33460-6250,6250,JOHNSON MEDICAL CENTER II CORP,2531 N Dixie Hwy,Lake Worth,FL,33460-6250,,"General And Family Practice, Physician/Surgeon",Principal,Ms. Rosa Genao,Johnson Medical Center II,,Search1600.csv,No close match,,,,,,,,,,,,,,,,,,,,,,,
02m Nebmed Inc,2525 N Dixie Hwy,Lake Worth,FL,33460-6250,6250,02M NEBMED INC,2525 N Dixie Hwy,Lake Worth,FL,33460-6250,C005,Drug Stores,Principal,Ms. Minerva Garcia,02m Nebmed Inc,https://floridaucc.com/search?text=02M NEBMED INC&searchOptionType=LegacySearch&searchOptionSubOption=FiledAndLapsedActualDebtorNameList&searchCategory=Standard,Search1600.csv,Filed,07/04/2020,07/04/2030,03/02/2026,202003157792,1,1,,,,,,,,,,,1,02M NEBMED INC,"2525 N DIXIE HWY, LAKE WORTH, FL, 33460",UCC1,1,,07/04/2020
Bellace Tile & Marble Inc,P O Box 8147,Lake Worth,FL,33465,,BELLACE TILE & MARBLE INC,1129 Clare Ave,West Palm Beach,FL,33401-6903,,"Tile Installation, Ceramic",President,Mr. Andy Bellace,Bellace Tile & Marble Inc,https://floridaucc.com/search?text=BELLACE TILE & MARBLE INC&searchOptionType=LegacySearch&searchOptionSubOption=FiledAndLapsedActualDebtorNameList&searchCategory=Standard,Search1600.csv,Lapsed,02/07/2019,02/07/2024,03/02/2026,201907651800,0,1,,,,,,,,,,,1,"BELLACE TILE & MARBLE, INC.","1129 CLARE AVE, WEST PALM BEACH, FL, 33401",UCC1,5,,02/07/2019
Digital United LLC,P O Box 540,Jupiter,FL,33468,,DIGITAL UNITED LLC,525 S Flagler Dr Ste 300,West Palm Beach,FL,33401-5932,,Administrative Services Consultant,Member,Mr. Stan Valencis,Digital United LLC,https://floridaucc.com/search?text=DIGITAL UNITED LLC&searchOptionType=LegacySearch&searchOptionSubOption=FiledAndLapsedActualDebtorNameList&searchCategory=Standard,Search1600.csv,Filed,07/04/2020,07/04/2030,03/02/2026,202003160386,1,1,,,,,,,,,,,1,DIGITAL UNLIMITED LLC,"6114 TURNBURY PARK DR, #12102, SARASOTA, FL, 34243",UCC1,1,,07/04/2020
Alley Maass Rogers Lindsay PA,P O Box 431,Palm Beach,FL,33480,,"ALLEY, MAASS, ROGERS, & LINDSAY, PA",340 Royal Poinciana Way Ste 321,Palm Beach,FL,33480-4096,,"General Practice Attorney, Lawyer",Partner,Mr. Doyle Rogers,Alley Maass Rogers Lindsay PA,"https://floridaucc.com/search?text=ALLEY, MAASS, ROGERS, & LINDSAY, PA&searchOptionType=LegacySearch&searchOptionSubOption=FiledAndLapsedActualDebtorNameList&searchCategory=Standard",Search1600.csv,Lapsed,02/13/1989,02/13/1999,03/02/2026,890000040597,2,1,,,,,,,,,,,1,ALLEY MAASS ROGERS LINDSAY P A,"321 ROYAL POINCIANA PLZ, PALM BEACH, FL, 33480",UCC1,1,,02/13/1989
Cavu Aviation Finance LLC,P O Box 1105,Palm Beach,FL,33480,,CAVU AVIATION FINANCE LLC,340 Royal Poinciana Way Unit 1105,Palm Beach,FL,33480-8094,,Management Services,Member,Mr. Matthew B Lorentzen,Cavu Aviation Finance LLC,,Search1600.csv,No close match,,,,,,,,,,,,,,,,,,,,,,,
Garden Couture  Inc,P O Box 607,Palm Beach,FL,33480,,"GARDEN COUTURE, INC.",4517 Parker Ave,West Palm Beach,FL,33405-2801,,Lawn And Garden Services,President,Ms. Shawna Price,Garden Couture  Inc,"https://floridaucc.com/search?text=GARDEN COUTURE, INC.&searchOptionType=LegacySearch&searchOptionSubOption=FiledAndLapsedActualDebtorNameList&searchCategory=Standard",Search1600.csv,Lapsed,12/20/2018,12/20/2023,03/02/2026,201807287813,1,1,,,,,,,,,,,1,"GARDEN COUTURE, INC.","632 EASTWIND DR, N PALM BEACH, FL, 334084301",UCC1,1,,12/20/2018
Mizner  Inc,P O Box 3383,Palm Beach,FL,33480,,"MIZNER, INC.",87 Via Mizner,Palm Beach,FL,33480-4610,,Italian Restaurant,President,Ms. Arlena Desiderio,Mizner  Inc,,Search1600.csv,No close match,,,,,,,,,,,,,,,,,,,,,,,
Phd Financial LLC,P O Box 1012,Palm Beach,FL,33480,,PHD FINANCIAL LLC,1717 N Flagler Dr Ste 5,West Palm Beach,FL,33407-6555,,Investment Advisory Service,Managing Member,Mr. Paul Darrow,Phd Financial LLC,https://floridaucc.com/search?text=PHD FINANCIAL LLC&searchOptionType=LegacySearch&searchOptionSubOption=FiledAndLapsedActualDebtorNameList&searchCategory=Standard,Search1600.csv,Filed,09/05/2020,09/05/2030,03/02/2026,202004587502,1,1,,,,,,,,,,,1,PHD FINANCIAL LLC,"1717 N FLAGLER DR STE 5, WEST PALM BCH, FL, 33407",UCC1,1,,09/05/2020
Runge International LLC,P O Box 429,Palm Beach,FL,33480-0429,429,RUNGE INTERNATIONAL LLC,220 Sunrise Ave Ste 100,Palm Beach,FL,33480-3871,,"Air Passenger Carrier, Scheduled",Managing Member,Mr. Robert C Runge,Runge International LLC,https://floridaucc.com/search?text=RUNGE INTERNATIONAL LLC&searchOptionType=LegacySearch&searchOptionSubOption=FiledAndLapsedActualDebtorNameList&searchCategory=Standard,Search1600.csv,Lapsed,11/15/2019,11/15/2024,03/02/2026,201900163436,0,1,,,,,,,,,,,1,RUNGE INTERNATIONAL LLC,"105 S NARCISSUS AVE STE 305, WEST PALM BEACH, FL, 33401",UCC1,5,,11/15/2019
Old Gard Soc Of Palm Bch Glfer,P O Box 509,Palm Beach,FL,33480-0509,509,OLD GUARD SOCIETY OF PALM BEACH GOLFERS INC,165 Bradley Pl,Palm Beach,FL,33480-3784,,Membership Sports And Recreation Clubs,Manager,Mr. Glenn Petit,Old Gard Soc Of Palm Bch Glfer,,Search1600.csv,No close match,,,,,,,,,,,,,,,,,,,,,,,
Palm Beach Country Club  Inc,P O Box 997,Palm Beach,FL,33480-0997,997,"PALM BEACH COUNTRY CLUB, INC.",760 N Ocean Blvd,Palm Beach,FL,33480-3300,,"Country Club, Membership",President,Mr. Ira Eichner,Palm Beach Country Club  Inc,"https://floridaucc.com/search?text=PALM BEACH COUNTRY CLUB, INC.&searchOptionType=LegacySearch&searchOptionSubOption=FiledAndLapsedActualDebtorNameList&searchCategory=Standard",Search1600.csv,Lapsed,09/26/1994,09/26/1999,03/02/2026,940000196009,0,1,,,,,,,,,,,1,PALM BEACH COUNTRY CLUB INC,"760 N OCEAN BLVD, PALM BEACH, FL, 33480",UCC1,2,,09/26/1994
Allyn Bckley Bedloe Graham LLC,P O Box 3023,Palm Beach,FL,33480-1223,1223,"ALLYN BUCKLEY, BEDLOE & GRAHAM LLC",251 Palmetto Ln,West Palm Beach,FL,33405-4125,,Financial Consultant,Member,Mr. Thomas J Gallagher,Allyn Bckley Bedloe Graham LLC,,Search1600.csv,No close match,,,,,,,,,,,,,,,,,,,,,,,
Cancer Aliance Help & Hope Inc,P O Box 3292,Palm Beach,FL,33480-1492,1492,"CANCER ALLIANCE OF HELP AND HOPE, INC.",264 Rutland Blvd,West Palm Beach,FL,33405-5034,,Charitable Organization,Chief Executive Officer,Mr. Stanton Collener,Cancer Aliance Help & Hope Inc,,Search1600.csv,No close match,,,,,,,,,,,,,,,,,,,,,,,
Memory For Memory  Inc,P O Box 3321,Palm Beach,FL,33480-1521,1521,"MEMORY FOR MEMORY, INC.",4262 Westroads Dr Ste A,West Palm Beach,FL,33407-1216,,Advocacy Group,Principal,Mr. Karl Schoeller,Memory For Memory  Inc,"https://floridaucc.com/search?text=MEMORY FOR MEMORY, INC.&searchOptionType=LegacySearch&searchOptionSubOption=FiledAndLapsedActualDebtorNameList&searchCategory=Standard",Search1600.csv,Lapsed,01/05/2018,01/05/2023,03/02/2026,201803730046,0,1,,,,,,,,,,,1,"MEMORY FOR MEMORY, INC.","3866 PROSPECT AVE # A-8, WEST PALM BEACH, FL, 33404",UCC1,1,,01/05/2018
Palm Beach Liquidation Company,P O Box 3344,Palm Beach,FL,33480-1544,1544,PALM BEACH LIQUIDATION COMPANY,1000 N Dixie Hwy Ste C,West Palm Beach,FL,33401-3349,,"Magazines: Publishing Only, Not Printed On Site",Chairman,Mr. Ronald Woods,Palm Beach Liquidation Company,,Search1600.csv,No close match,,,,,,,,,,,,,,,,,,,,,,,
Earl A Hollis  Realty Inc,P O Box 2199,Palm Beach,FL,33480-2199,2199,"EARL A HOLLIS, REALTY INC",217 Peruvian Ave Ste 1,Palm Beach,FL,33480-4679,,Real Estate Brokers And Agents,President,Mr. Earl A Hollis,Earl A Hollis  Realty Inc,,Search1600.csv,No close match,,,,,,,,,,,,,,,,,,,,,,,
Sloane Cnstr Of Palm Bch Cnty,P O Box 2251,Palm Beach,FL,33480-2251,2251,SLOANE CONSTRUCTION CO OF PALM BEACH COUNTY INC,1804 N Dixie Hwy Ste D,West Palm Beach,FL,33407-6570,,"General Remodeling, Single-Family Houses",Chief Executive Officer,Mr. Scott Sloane,Sloane Cnstr Of Palm Bch Cnty,,Search1600.csv,No close match,,,,,,,,,,,,,,,,,,,,,,,
Willis H Du Pont,P O Box 2468,Palm Beach,FL,33480-2468,2468,WILLIS H DU PONT,140 Royal Palm Way Ste 102,Palm Beach,FL,33480-4279,,"Investment Firm, General Brokerage",Owner,Mr. Willis H Dupont,Willis H Du Pont,,Search1600.csv,No close match,,,,,,,,,,,,,,,,,,,,,,,
Mas G Massoumi MD PA,P O Box 2585,Palm Beach,FL,33480-2585,2585,MAS G MASSOUMI MD PA,1500 N Dixie Hwy Ste 104,West Palm Beach,FL,33401-2722,,Orthopedic Physician,President,Mas G Massoumi,Mas G Massoumi MD PA,,Search1600.csv,No close match,,,,,,,,,,,,,,,,,,,,,,,
Caldwell Pctti Edwrds Schech V,P O Box 2775,Palm Beach,FL,33480-2775,2775,CALDWELL PACETTI EDWARDS SCHOECH & VIATOR P.A.,1555 Palm Beach Lakes Blvd Ste 1200,West Palm Beach,FL,33401-2326,,"General Practice Attorney, Lawyer",President,Mr. Manley P Caldwell,Caldwell Pctti Edwrds Schech V,,Search1600.csv,No close match,,,,,,,,,,,,,,,,,,,,,,,
Boynton Landscape Company Inc,P O Box 2902,Palm Beach,FL,33480-2902,2902,"BOYNTON LANDSCAPE COMPANY, INC.",4521 Parker Ave,West Palm Beach,FL,33405-2801,,Landscape Planning Services,President,Mr. Robert R Horner,Boynton Landscape Company Inc,"https://floridaucc.com/search?text=BOYNTON LANDSCAPE COMPANY, INC.&searchOptionType=LegacySearch&searchOptionSubOption=FiledAndLapsedActualDebtorNameList&searchCategory=Standard",Search1600.csv,Lapsed,01/31/1997,01/31/2002,03/02/2026,970000022681,0,1,,,,,,,,,,,1,BOYNTON LANDSCAPE COMPANY INC,"4521 PARKER AVE, WEST PALM BCH, FL, 33405",UCC1,1,,01/31/1997
Pinebrook South  Ltd,1420 N Ocean Blvd,Palm Beach,FL,33480-3045,3045,"PINEBROOK SOUTH, LTD.",1420 N Ocean Blvd,Palm Beach,FL,33480-3045,,Real Estate Agents And Managers,Partner,Mr. Ron Schram,Pinebrook South  Ltd,"https://floridaucc.com/search?text=PINEBROOK SOUTH, LTD.&searchOptionType=LegacySearch&searchOptionSubOption=FiledAndLapsedActualDebtorNameList&searchCategory=Standard",Search1600.csv,Lapsed,04/06/1992,04/06/1997,03/02/2026,920000068607,2,1,,,,,,,,,,,1,PINEBROOK SOUTH LTD,"1803 AUSTRALIAN AVE S, WEST PALM BEACH, FL, 33409",UCC1,5,,04/06/1992
Peninsula Petroleum LLC,1464 N Ocean Blvd,Palm Beach,FL,33480-3054,3054,PENINSULA PETROLEUM LLC,1464 N Ocean Blvd,Palm Beach,FL,33480-3054,,Engine Fuels And Oils,Principal,Mj Castelo,Peninsula Petroleum LLC,https://floridaucc.com/search?text=PENINSULA PETROLEUM LLC&searchOptionType=LegacySearch&searchOptionSubOption=FiledAndLapsedActualDebtorNameList&searchCategory=Standard,Search1600.csv,Lapsed,11/01/2004,11/01/2009,03/02/2026,200408209125,0,1,,,,,,,,,,,3,"TJ PETROLEUM SOUTH, LLC","1730 S. MILITARY TRAIL, WEST PALM BEACH, FL, 33415",UCC1,2,,11/01/2004
Engelberg Foundation,1050 N Lake Way,Palm Beach,FL,33480-3252,3252,ENGELBERG FOUNDATION,1050 N Lake Way,Palm Beach,FL,33480-3252,,Civic And Social Associations,Principal,Mr. Alfred Engelberg,Engelberg Foundation,,Search1600.csv,No close match,,,,,,,,,,,,,,,,,,,,,,,
Beach Club Tennis Shop,211 Fairview Rd,Palm Beach,FL,33480-3319,3319,BEACH CLUB TENNIS SHOP,211 Fairview Rd,Palm Beach,FL,33480-3319,,"Swimming Club, Membership",Principal,Ms. Carol Bochte,Beach Club Tennis Shop,,Search1600.csv,No close match,,,,,,,,,,,,,,,,,,,,,,,
Mayer Investments  LLC,224 Southland Rd,Palm Beach,FL,33480-3417,3417,"MAYER INVESTMENTS, LLC",224 Southland Rd,Palm Beach,FL,33480-3417,C002,"Investors, Nec",Principal,Ms. Marsha Mayer,Mayer Investments  LLC,,Search1600.csv,No close match,,,,,,,,,,,,,,,,,,,,,,,
Fantasma Productions Inc,226 Emerald Ln,Palm Beach,FL,33480-3613,3613,FANTASMA PRODUCTIONS INC,226 Emerald Ln,Palm Beach,FL,33480-3613,,"Booking Agency, Theatrical",President,Mr. Jon Stoll,Fantasma Productions Inc,https://floridaucc.com/search?text=FANTASMA PRODUCTIONS INC&searchOptionType=LegacySearch&searchOptionSubOption=FiledAndLapsedActualDebtorNameList&searchCategory=Standard,Search1600.csv,Lapsed,01/06/1999,01/06/2004,03/02/2026,990000003355,1,1,,,,,,,,,,,1,FANTASMA PRODUCTIONS INC,"2000 SOUTH DIXIE HIGHWAY, WEST PALM BEACH, FL, 33401",UCC1,2,,01/06/1999
Midtown Otptent Srgery Ctr LLC,240 Sanford Ave,Palm Beach,FL,33480-3620,3620,"MIDTOWN OUTPATIENT SURGERY CENTER, LLC",240 Sanford Ave,Palm Beach,FL,33480-3620,,General Medical And Surgical Hospitals,Member,Mr. Amos Dare,Midtown Otptent Srgery Ctr LLC,,Search1600.csv,No close match,,,,,,,,,,,,,,,,,,,,,,,
Flex3golf  LLC,378 N Lake Way,Palm Beach,FL,33480-3630,3630,"FLEX3GOLF, LLC",378 N Lake Way Unit 248,Palm Beach,FL,33480-3630,C002,Golf Equipment,Member,Tony Patrick,Flex3golf  LLC,,Search1600.csv,No close match,,,,,,,,,,,,,,,,,,,,,,,
Promise Fund Of Florida  Inc,211 Via Tortuga,Palm Beach,FL,33480-3638,3638,"PROMISE FUND OF FLORIDA, INC.",211 Via Tortuga,Palm Beach,FL,33480-3638,,Fund Raising Organizations,Chief Executive Officer,Ms. Audrey Brown,Promise Fund Of Florida  Inc,,Search1600.csv,No close match,,,,,,,,,,,,,,,,,,,,,,,
Marvin Elnor Godman Foundation,211 Via Tortuga,Palm Beach,FL,33480-3638,3638,MARVIN & ELEANOR GOODMAN FOUNDATION,211 Via Tortuga,Palm Beach,FL,33480-3638,C002,Charitable Organization,Principal,Ms. Nancy Brinker,Marvin Elnor Godman Foundation,,Search1600.csv,No close match,,,,,,,,,,,,,,,,,,,,,,,
Dorson Sports  Inc,257 Dunbar Rd,Palm Beach,FL,33480-3714,3714,"DORSON SPORTS, INC.",257 Dunbar Rd,Palm Beach,FL,33480-3714,,Sporting And Recreation Goods,President,Mr. Timothy Moran,Dorson Sports  Inc,,Search1600.csv,No close match,,,,,,,,,,,,,,,,,,,,,,,
Bf Enterprises  Inc,231 Bradley Pl Ste 201,Palm Beach,FL,33480-3725,3725,"BF ENTERPRISES, INC.",231 Bradley Pl Ste 201,Palm Beach,FL,33480-3725,,"Subdividers And Developers, Nec",Chief Executive Officer,Mr. Brian P Burns,Bf Enterprises  Inc,,Search1600.csv,No close match,,,,,,,,,,,,,,,,,,,,,,,
Developement Services,241 Bradley Pl,Palm Beach,FL,33480-3738,3738,DEVELOPEMENT SERVICES,241 Bradley Pl,Palm Beach,FL,33480-3738,C067,Management Services,Principal,Mr. Oliver Grace,Developement Services,,Search1600.csv,No close match,,,,,,,,,,,,,,,,,,,,,,,
Temple Emanu-El Palm Beach Inc,190 N County Rd,Palm Beach,FL,33480-3740,3740,"TEMPLE EMANU-EL OF PALM BEACH, INCORPORATED",190 N County Rd,Palm Beach,FL,33480-3740,C067,Synagogue,President,Mr. Anthony Lambert,Temple Emanu-El Palm Beach Inc,,Search1600.csv,No close match,,,,,,,,,,,,,,,,,,,,,,,
Tina Fanjul Associates  Inc,220 Sunrise Ave Ste 214,Palm Beach,FL,33480-3803,3803,"TINA FANJUL ASSOCIATES, INC.",220 Sunrise Ave Ste 214,Palm Beach,FL,33480-3803,C067,"Real Estate Agent, Residential",President,Ms. Tina Fanjul,Tina Fanjul Associates  Inc,,Search1600.csv,No close match,,,,,,,,,,,,,,,,,,,,,,,
Re Lamis Crown Foundation Inc,2 N Breakers Row Apt S24,Palm Beach,FL,33480-3811,3811,RE LAMIS CROWN FOUNDATION INC,2 N Breakers Row Apt S24,Palm Beach,FL,33480-3811,,Civic And Social Associations,Director,Ms. Ellen H Block,Re Lamis Crown Foundation Inc,,Search1600.csv,No close match,,,,,,,,,,,,,,,,,,,,,,,
Island Animal Hospital,285 Sunrise Ave,Palm Beach,FL,33480-3812,3812,ISLAND ANIMAL HOSPITAL,285 Sunrise Ave,Palm Beach,FL,33480-3812,,"Animal Hospital Services, Pets And Other Animal Specialties",President,Mr. Andrew Turkell,Island Animal Hospital,https://floridaucc.com/search?text=ISLAND ANIMAL HOSPITAL&searchOptionType=LegacySearch&searchOptionSubOption=FiledAndLapsedActualDebtorNameList&searchCategory=Standard,Search1600.csv,Lapsed,08/16/1996,08/16/2001,03/02/2026,960000172504,1,1,,,,,,,,,,,2,"TURKELL, DVM, ANDREW","1110 SECOND AVE NORTH, LAKE WORTH, FL, 33460",UCC1,1,,08/16/1996
Palm Beach Ht Condo Assn Inc,235 Sunrise Ave,Palm Beach,FL,33480-3812,3812,"PALM BEACH HOTEL CONDOMINIUM ASSOCIATION, INC.",235 Sunrise Ave,Palm Beach,FL,33480-3812,,Condominium Association,Chairman,Mr. Richard Spielberg,Palm Beach Ht Condo Assn Inc,,Search1600.csv,No close match,,,,,,,,,,,,,,,,,,,,,,,
Pb Catch,251 Sunrise Ave,Palm Beach,FL,33480-3812,3812,PB CATCH,251 Sunrise Ave,Palm Beach,FL,33480-3812,,Oyster Bar,Principal,Mr. Aaron Black,Pb Catch,,Search1600.csv,No close match,,,,,,,,,,,,,,,,,,,,,,,
Boner & Boner  DDS  PA,254 Sunset Ave,Palm Beach,FL,33480-3815,3815,"BONER & BONER, D.D.S., P.A.",254 Sunset Ave,Palm Beach,FL,33480-3815,,Dentists' Office,President,Mr. Clive Boner,Boner & Boner  DDS  PA,"https://floridaucc.com/search?text=BONER & BONER, D.D.S., P.A.&searchOptionType=LegacySearch&searchOptionSubOption=FiledAndLapsedActualDebtorNameList&searchCategory=Standard",Search1600.csv,Lapsed,10/21/1998,10/21/2003,03/02/2026,980000235162,1,1,,,,,,,,,,,1,BONER & BONER DDS PA,"254 SUNSET AVE, PALM BEACH, FL, 33480",UCC1,5,,10/21/1998
Bradley Park Hotel,280 Sunset Ave,Palm Beach,FL,33480-3815,3815,BRADLEY PARK HOTEL,280 Sunset Ave,Palm Beach,FL,33480-3815,,Hotels,President,Ms. Stephanie Levin,Bradley Park Hotel,,Search1600.csv,No close match,,,,,,,,,,,,,,,,,,,,,,,
Buzz Agency LLC,101 Bradley Pl Ste 207,Palm Beach,FL,33480-3828,3828,THE BUZZ AGENCY LLC,101 Bradley Pl Ste 207,Palm Beach,FL,33480-3828,,Public Relations Services,Member,Ms. Julie Mullen,Buzz Agency LLC,,Search1600.csv,No close match,,,,,,,,,,,,,,,,,,,,,,,
Travel Resource Inc,223 Sunset Ave Ste 230,Palm Beach,FL,33480-3855,3855,TRAVEL RESOURCE INC,223 Sunset Ave Ste 230,Palm Beach,FL,33480-3855,,"Tourist Agency Arranging Transport, Lodging And Car Rental",President,Leslie Shaw,Travel Resource Inc,https://floridaucc.com/search?text=TRAVEL RESOURCE INC&searchOptionType=LegacySearch&searchOptionSubOption=FiledAndLapsedActualDebtorNameList&searchCategory=Standard,Search1600.csv,Lapsed,03/06/2000,03/06/2005,03/02/2026,200000053699,0,1,,,,,,,,,,,1,TRAVEL RESOURCES INC,"223 SUNSET AVE, PALM BCH, FL, 33480",UCC1,1,,03/06/2000
Hertog Foundation Inc,223 Sunset Avenue #200,Palm Beach,FL,33480-3855,3855,HERTOG FOUNDATION INC,223 Sunset Ave Ste 200,Palm Beach,FL,33480-3855,,Charitable Organization,Principal,Kit Becker,Hertog Foundation Inc,,Search1600.csv,No close match,,,,,,,,,,,,,,,,,,,,,,,
Palm Bch Bltmore Cndo Assn Inc,150 Bradley Pl Ofc,Palm Beach,FL,33480-3868,3868,THE PALM BEACH BILTMORE CONDOMINIUM ASSOCIATION INC,150 Bradley Pl Ofc,Palm Beach,FL,33480-3868,C019,Condominium Association,President,Mr. Phil Rosenband,Palm Bch Bltmore Cndo Assn Inc,,Search1600.csv,No close match,,,,,,,,,,,,,,,,,,,,,,,
Suddha Pharmacy  LLC,255 Sunrise Ave,Palm Beach,FL,33480-3876,3876,"SUDDHA PHARMACY, LLC",255 Sunrise Ave,Palm Beach,FL,33480-3876,C067,Drug Stores,Member,Dipti Patel,Suddha Pharmacy  LLC,"https://floridaucc.com/search?text=SUDDHA PHARMACY, LLC&searchOptionType=LegacySearch&searchOptionSubOption=FiledAndLapsedActualDebtorNameList&searchCategory=Standard",Search1600.csv,Filed,07/14/2006,07/14/2026,03/02/2026,200603164976,3,1,,,,,,,,,,,1,SUDDHA PHARMACY LLC,"255 SUNRISE AVE, PALM BEACH, FL, 33480",UCC1,2,,07/14/2006
Lj Dog Products LLC,255 Sunrise Ave Ste 201,Palm Beach,FL,33480-3876,3876,LJ DOG PRODUCTS LLC,255 Sunrise Ave Ste 201,Palm Beach,FL,33480-3876,,Dog And Cat Food,Chief Executive Officer,Ms. Sarah Goldberger,Lj Dog Products LLC,,Search1600.csv,No close match,,,,,,,,,,,,,,,,,,,,,,,
Nievera Williams Design Inc,223 Sunset Ave Ste 150,Palm Beach,FL,33480-3889,3889,NIEVERA WILLIAMS DESIGN INC,223 Sunset Ave Ste 150,Palm Beach,FL,33480-3889,C020,Landscape Architects,President,Mr. Mario Nievera,Nievera Williams Design Inc,,Search1600.csv,No close match,,,,,,,,,,,,,,,,,,,,,,,
Palm Beach Hotel Inc,235 Sunrise Ave,Palm Beach,FL,33480-3896,3896,PALM BEACH HOTEL INC,235 Sunrise Ave,Palm Beach,FL,33480-3896,C067,Resort Hotel,President,Mr. John Tracey,Palm Beach Hotel Inc,,Search1600.csv,No close match,,,,,,,,,,,,,,,,,,,,,,,
Mildred Hoit  Incorporated,265 Sunrise Ave Lowr,Palm Beach,FL,33480-3898,3898,"MILDRED HOIT, INCORPORATED",265 Sunrise Ave Lowr,Palm Beach,FL,33480-3898,C067,"Ready-To-Wear Apparel, Women's",President,Ms. Mary C Gushee,Mildred Hoit  Incorporated,"https://floridaucc.com/search?text=MILDRED HOIT, INCORPORATED&searchOptionType=LegacySearch&searchOptionSubOption=FiledAndLapsedActualDebtorNameList&searchCategory=Standard",Search1600.csv,Lapsed,11/04/1994,11/04/1999,03/02/2026,940000224815,0,1,,,,,,,,,,,1,MILDRED HOIT INCORPORATED,"265 SUNRISE AVE, PALM BEACH, FL, 33480",UCC1,1,,11/04/1994
Fivestory New York LLC,100 N County Rd,Palm Beach,FL,33480-3907,3907,FIVESTORY NEW YORK LLC,100 N County Rd,Palm Beach,FL,33480-3907,,Boutiques,Managing Member,Ms. Claire Distenfeld,Fivestory New York LLC,,Search1600.csv,No close match,,,,,,,,,,,,,,,,,,,,,,,
Leverett House Condo Assn Inc,120 Sunset Ave Apt 2b,Palm Beach,FL,33480-3948,3948,"LEVERETT HOUSE CONDOMINIUM ASSOCIATION, INC.",120 Sunset Ave Apt 2b,Palm Beach,FL,33480-3948,,Condominium Association,Manager,Mr. Sean Dyer,Leverett House Condo Assn Inc,,Search1600.csv,No close match,,,,,,,,,,,,,,,,,,,,,,,
Palm Beach Civic Assn Inc,139 N County Rd Ste 33,Palm Beach,FL,33480-3950,3950,"PALM BEACH CIVIC ASSOCIATION, INC.",139 N County Rd Ste 33,Palm Beach,FL,33480-3950,,Charitable Organization,President,Mr. Ned Barnes,Palm Beach Civic Assn Inc,,Search1600.csv,No close match,,,,,,,,,,,,,,,,,,,,,,,
Amici Market  LLC,155 N County Rd,Palm Beach,FL,33480-3954,3954,"AMICI MARKET, LLC",155 N County Rd,Palm Beach,FL,33480-3954,C067,Italian Restaurant,Member,Ms. Mia Ciminella,Amici Market  LLC,"https://floridaucc.com/search?text=AMICI MARKET, LLC&searchOptionType=LegacySearch&searchOptionSubOption=FiledAndLapsedActualDebtorNameList&searchCategory=Standard",Search1600.csv,Lapsed,10/04/2010,10/04/2015,03/02/2026,201003308277,0,1,,,,,,,,,,,1,"AMICI MARKET, LLC","155 NORTH COUNTY ROAD, PALM BEACH, FL, 33480",UCC1,1,,10/04/2010
Hospice Foundation W Palm Bch,139 N County Rd Ste 26,Palm Beach,FL,33480-3977,3977,HOSPICE FOUNDATION OF WEST PALM BEACH,139 N County Rd Ste 26,Palm Beach,FL,33480-3977,,Charitable Organization,President,Rex Ford,Hospice Foundation W Palm Bch,,Search1600.csv,No close match,,,,,,,,,,,,,,,,,,,,,,,
Hamptons Liquors Of Palm Beach,257a Royal Poinciana Way,Palm Beach,FL,33480-4007,4007,HAMPTON'S LIQUORS OF PALM BEACH INC,257 Royal Poinciana Way A,Palm Beach,FL,33480-4007,C020,Hard Liquor,Principal,Mr. Joshua Volpe,Hamptons Liquors Of Palm Beach,,Search1600.csv,No close match,,,,,,,,,,,,,,,,,,,,,,,
Rsvp Tampa Inc,277 Royal Poinciana Way,Palm Beach,FL,33480-4007,4007,RSVP TAMPA INC,277 Royal Poinciana Way,Palm Beach,FL,33480-4007,C020,Packing Goods For Shipping,Owner,Ms. Barbara Kelly,Rsvp Tampa Inc,https://floridaucc.com/search?text=RSVP TAMPA INC&searchOptionType=LegacySearch&searchOptionSubOption=FiledAndLapsedActualDebtorNameList&searchCategory=Standard,Search1600.csv,Lapsed,04/09/2012,04/09/2017,03/02/2026,201206511824,0,1,,,,,,,,,,,1,"RSVP TAMPA, INC.","3981 JOG ROAD, GREENACRES, FL, 33467",UCC1,1,,04/09/2012
Palm Bch Stging Prod by Brkers,1 S County Rd,Palm Beach,FL,33480-4023,4023,PALM BEACH STAGING AND PRODUCTION BY THE BREAKERS.,1 S County Rd,Palm Beach,FL,33480-4023,,Resort Hotel,President,Mr. Richard Taylor,Palm Bch Stging Prod by Brkers,,Search1600.csv,No close match,,,,,,,,,,,,,,,,,,,,,,,
Francis P Conroy Dmd  PA,50 Cocoanut Row Ste 216,Palm Beach,FL,33480-4027,4027,"FRANCIS P. CONROY D.M.D., P.A.",50 Cocoanut Row Ste 216,Palm Beach,FL,33480-4027,,Dental Surgeon,Principal,Mr. Francis Conroy,Francis P Conroy Dmd  PA,,Search1600.csv,No close match,,,,,,,,,,,,,,,,,,,,,,,
Sunshine Fuel  LLC,95 N County Rd,Palm Beach,FL,33480-4029,4029,"SUNSHINE FUEL, LLC",95 N County Rd,Palm Beach,FL,33480-4029,,Diesel Fuel,Managing Member,Mr. Jeff Greene,Sunshine Fuel  LLC,,Search1600.csv,No close match,,,,,,,,,,,,,,,,,,,,,,,
Ellen Rnald Block Fmly Fndtion,2 N Breakers Row Ste 24,Palm Beach,FL,33480-4040,4040,ELLEN AND RONALD BLOCK FAMILY FOUNDATION INC,2 N Breakers Row Ste 24,Palm Beach,FL,33480-4040,C020,Charitable Organization,Principal,Ms. Ellen Block,Ellen Rnald Block Fmly Fndtion,,Search1600.csv,No close match,,,,,,,,,,,,,,,,,,,,,,,
Simpl Technology  LLC,340 Royal Poinciana Way,Palm Beach,FL,33480-4048,4048,"SIMPL TECHNOLOGY, LLC",340 Royal Poinciana Way Ste 317,Palm Beach,FL,33480-4048,C019,Catalog And Mail-Order Houses,Member,Mr. Bruce Barnett,Simpl Technology  LLC,"https://floridaucc.com/search?text=SIMPL TECHNOLOGY, LLC&searchOptionType=LegacySearch&searchOptionSubOption=FiledAndLapsedActualDebtorNameList&searchCategory=Standard",Search1600.csv,Filed,08/20/2021,08/20/2026,03/02/2026,202108172601,1,1,,,,,,,,,,,1,"SIMPL TECHNOLOGY, LLC","340 POINCIANA WAY SUITE 317-317, PALM BEACH, FL, 33480",UCC1,1,,08/20/2021
Gavlak LLC,340 Royal Poinciana Way,Palm Beach,FL,33480-4048,4048,GAVLAK L.L.C.,340 Royal Poinciana Way Ste 307,Palm Beach,FL,33480-4048,C019,Art Gallery,Member,Ms. Sarah Gavlak,Gavlak LLC,https://floridaucc.com/search?text=GAVLAK L.L.C.&searchOptionType=LegacySearch&searchOptionSubOption=FiledAndLapsedActualDebtorNameList&searchCategory=Standard,Search1600.csv,Filed,05/27/2020,05/27/2030,03/02/2026,202001777858,1,1,,,,,,,,,,,1,GAVLAK LLC,"340 ROYAL POINCIANA WAY STE M334, PALM BEACH, FL, 33480",UCC1,1,,05/27/2020
List Companies,340 Royal Poinciana Way,Palm Beach,FL,33480-4048,4048,THE LIST COMPANIES,340 Royal Poinciana Way,Palm Beach,FL,33480-4048,,Construction Project Management Consultant,Owner,Mart List,List Companies,,Search1600.csv,No close match,,,,,,,,,,,,,,,,,,,,,,,
Innkeepers Hospitality III Inc,340 Royal Poinciana Way,Palm Beach,FL,33480-4048,4048,"INNKEEPERS HOSPITALITY III, INC.",340 Royal Poinciana Way Ste 306,Palm Beach,FL,33480-4048,C019,Hotels And Motels,President,Mr. Jeffrey Fisher,Innkeepers Hospitality III Inc,"https://floridaucc.com/search?text=INNKEEPERS HOSPITALITY III, INC.&searchOptionType=LegacySearch&searchOptionSubOption=FiledAndLapsedActualDebtorNameList&searchCategory=Standard",Search1600.csv,Lapsed,03/29/2005,03/29/2010,03/02/2026,20050930347X,0,1,,,,,,,,,,,1,"INNKEEPERS HOSPITALITY, INC.","50 CONCOURSE ROW, SUITE 200, PALM BEACH, FL, 33480",UCC1,1,,03/29/2005
Sterling Financial LLC,340 Royal Poinciana Way,Palm Beach,FL,33480-4048,4048,STERLING FINANCIAL LLC,340 Royal Poinciana Way Ste 316,Palm Beach,FL,33480-4048,C019,Real Estate Agents And Managers,Partner,Mr. David Kosoy,Sterling Financial LLC,https://floridaucc.com/search?text=STERLING FINANCIAL LLC&searchOptionType=LegacySearch&searchOptionSubOption=FiledAndLapsedActualDebtorNameList&searchCategory=Standard,Search1600.csv,Filed,01/12/2023,01/12/2028,03/02/2026,202300109113,1,1,,,,,,,,,,,1,"STERLING FINANCIAL, LLC","2329 NOSTRAND AVENUE, 3RD FLOOR, BROOKLYN, NY, 11210",UCC1,7,,01/12/2023
Mirsky Realty Group Inc,340 Royal Poinciana,Palm Beach,FL,33480-4048,4048,MIRSKY REALTY GROUP INC,340 Royal Poinciana Way,Palm Beach,FL,33480-4048,,Real Estate Brokers And Agents,President,Ms. Norma Mirsky,Mirsky Realty Group Inc,https://floridaucc.com/search?text=MIRSKY REALTY GROUP INC&searchOptionType=LegacySearch&searchOptionSubOption=FiledAndLapsedActualDebtorNameList&searchCategory=Standard,Search1600.csv,Lapsed,08/01/2002,08/01/2007,03/02/2026,200201814836,1,1,,,,,,,,,,,1,"MIRSKY REALTY GROUP, INC.","340 ROYAL POINCIANA WAY, SUITE 330, PALM BEACH, FL, 33480",UCC1,1,,08/01/2002
Island Club Brands  LLC,340 Ryal Pncana Way Ste 3,Palm Beach,FL,33480-4048,4048,"ISLAND CLUB BRANDS, LLC",340 Royal Poinciana Way Ste 317-325,Palm Beach,FL,33480-4048,,Wine,Managing Member,Ms. Matti Anttila,Island Club Brands  LLC,,Search1600.csv,No close match,,,,,,,,,,,,,,,,,,,,,,,
Sp2 Systems LLC,340 Ryal Pncana Way Ste 3,Palm Beach,FL,33480-4048,4048,SP2 SYSTEMS L.L.C.,340 Royal Poinciana Way Ste 317/307,Palm Beach,FL,33480-4048,,Software Programming Applications,Managing Member,Jadranko Visnjic,Sp2 Systems LLC,,Search1600.csv,No close match,,,,,,,,,,,,,,,,,,,,,,,
Two Nrth Brkers Row Cndo Assn,2 N Breakers Row Ofc,Palm Beach,FL,33480-4050,4050,"TWO NORTH BREAKERS ROW CONDOMINIUM ASSOCIATION, INC.",2 N Breakers Row Ofc,Palm Beach,FL,33480-4050,C020,Condominium Association,Manager,Chris Mills,Two Nrth Brkers Row Cndo Assn,,Search1600.csv,No close match,,,,,,,,,,,,,,,,,,,,,,,
Biscup Spine Institute,340 Royal Poinciana Way,Palm Beach,FL,33480-4063,4063,BISCUP SPINE INSTITUTE,340 Royal Poinciana Way Ste 338,Palm Beach,FL,33480-4063,C019,Noncommercial Research Organizations,Principal,Mr. Robert Biscup,Biscup Spine Institute,https://floridaucc.com/search?text=BISCUP SPINE INSTITUTE&searchOptionType=LegacySearch&searchOptionSubOption=FiledAndLapsedActualDebtorNameList&searchCategory=Standard,Search1600.csv,Lapsed,01/04/2008,01/04/2013,03/02/2026,200807355249,0,1,,,,,,,,,,,1,BISCUP SPINE INSTITUTE LLC,"1301 NE BROWARD BLVD, FORT LAUDERDALE, FL, 33301",UCC1,1,,01/04/2008
Couture and More Inc,255 Royal Poinciana Way,Palm Beach,FL,33480-4066,4066,COUTURE AND MORE INC.,255 Royal Poinciana Way,Palm Beach,FL,33480-4066,,Boutiques,President,Ms. Arlene V Bomar,Couture and More Inc,https://floridaucc.com/search?text=COUTURE AND MORE INC.&searchOptionType=LegacySearch&searchOptionSubOption=FiledAndLapsedActualDebtorNameList&searchCategory=Standard,Search1600.csv,Lapsed,06/25/2001,06/25/2011,03/02/2026,200100137709,2,1,,,,,,,,,,,1,COUTURE AND MORE INC,"139 NORTH COUNTY ROAD, PALM BEACH, FL, 33480",UCC1,1,,06/25/2001
Heritage Hollybrook Ltd,340 Ryal Pncana Way Ste 3,Palm Beach,FL,33480-4094,4094,HERITAGE HOLLYBROOK LTD,340 Royal Poinciana Way Ste 305,Palm Beach,FL,33480-4094,,"Dwelling Operators, Except Apartments",Partner,Sidney A Kohl,Heritage Hollybrook Ltd,https://floridaucc.com/search?text=HERITAGE HOLLYBROOK LTD&searchOptionType=LegacySearch&searchOptionSubOption=FiledAndLapsedActualDebtorNameList&searchCategory=Standard,Search1600.csv,Lapsed,09/30/1996,09/30/2016,03/02/2026,960000203926,5,1,,,,,,,,,,,1,HERITAGE HOLLYBROOK LTD,"450 CHALLENGER RD, CAPE CANAVERAL, FL, 32920",UCC1,4,,09/30/1996
Affluent Insurance Program LLC,340 Ryal Pncana Way Ste 3,Palm Beach,FL,33480-4094,4094,"AFFLUENT INSURANCE PROGRAM, LLC",340 Royal Poinciana Way Ste 305,Palm Beach,FL,33480-4094,,"Insurance Agents, Brokers, And Service",Principal,Mr. Bruce P Gendelman,Affluent Insurance Program LLC,,Search1600.csv,No close match,,,,,,,,,,,,,,,,,,,,,,,
Flo Sun Land Corporation,316 Royal Poinciana Plaza,Palm Beach,FL,33480-4096,4096,FLO SUN LAND CORPORATION,340 Royal Poinciana Way Ste 316,Palm Beach,FL,33480-4096,,Sugar Grinding,Chairman Of The Board,Mr. Alfonso Fanjul,Flo Sun Land Corporation,,Search1600.csv,No close match,,,,,,,,,,,,,,,,,,,,,,,
Sun & Surf 130 Association,130 Sunrise Ave Ofc,Palm Beach,FL,33480-4097,4097,SUN & SURF 130 ASSOCIATION INC,130 Sunrise Ave Ofc,Palm Beach,FL,33480-4097,,Condominium Association,President,Mr. Steven Meltzer,Sun & Surf 130 Association,,Search1600.csv,No close match,,,,,,,,,,,,,,,,,,,,,,,
Rabideau Klein  PA,400 Ryal Palm Way Ste 404,Palm Beach,FL,33480-4117,4117,"RABIDEAU KLEIN, P.A.",400 Royal Palm Way Ste 404,Palm Beach,FL,33480-4117,,"General Practice Attorney, Lawyer",President,Mr. Guy Rabideau,Rabideau Klein  PA,,Search1600.csv,No close match,,,,,,,,,,,,,,,,,,,,,,,
Fortin Foundation Of Fla Inc,300 Chapel Hill Rd,Palm Beach,FL,33480-4124,4124,THE FORTIN FOUNDATION OF FLORIDA INC,300 Chapel Hill Rd,Palm Beach,FL,33480-4124,,Civic And Social Associations,Principal,Ms. Lesly Smith,Fortin Foundation Of Fla Inc,,Search1600.csv,No close match,,,,,,,,,,,,,,,,,,,,,,,
Duke Robotics Corp,420 Royal Palm Wy Ste 100,Palm Beach,FL,33480-4125,4125,DUKE ROBOTICS CORP.,420 Royal Palm Way Ste 100,Palm Beach,FL,33480-4125,,Aircraft,President,Yossi Balucka,Duke Robotics Corp,,Search1600.csv,No close match,,,,,,,,,,,,,,,,,,,,,,,
Bluegate Partners  LLC,420 Royal Palm Way,Palm Beach,FL,33480-4133,4133,"BLUEGATE PARTNERS, LLC",420 Royal Palm Way Ste 310,Palm Beach,FL,33480-4133,C063,"Real Estate Agent, Commercial",Managing Member,Mr. Eric M Bylin,Bluegate Partners  LLC,,Search1600.csv,No close match,,,,,,,,,,,,,,,,,,,,,,,
Earth Property Holdings LLC,420 Royal Palm Way,Palm Beach,FL,33480-4133,4133,EARTH PROPERTY HOLDINGS LLC,420 Royal Palm Way Ste 100,Palm Beach,FL,33480-4133,C063,Packaging And Labeling Services,Chief Executive Officer,Mr. Kevin Bolin,Earth Property Holdings LLC,,Search1600.csv,No close match,,,,,,,,,,,,,,,,,,,,,,,
Camper & Nicholsons USA  Inc,450 Ryal Palm Way Ste 100,Palm Beach,FL,33480-4144,4144,"CAMPER & NICHOLSONS USA, INC.",450 Royal Palm Way Ste 100,Palm Beach,FL,33480-4144,,"Yachts, Building And Repairing",President,Mr. Russell Preston,Camper & Nicholsons USA  Inc,"https://floridaucc.com/search?text=CAMPER & NICHOLSONS USA, INC.&searchOptionType=LegacySearch&searchOptionSubOption=FiledAndLapsedActualDebtorNameList&searchCategory=Standard",Search1600.csv,Lapsed,05/18/2012,05/18/2017,03/02/2026,201206762185,2,2,,,,,,,,,,,1,"CAMPER & NICHOLSONS USA, INC.","450 ROYAL PALM WAY, SUITE 100, PALM BEACH, FL, 33480",UCC1,1,,05/18/2012
Palm Beach Board Realtors Inc,140 Ryal Palm Way Ste 205,Palm Beach,FL,33480-4204,4204,"PALM BEACH BOARD OF REALTORS, INC.",140 Royal Palm Way Ste 205,Palm Beach,FL,33480-4204,,Trade Associations,President,Ms. Christine Franks,Palm Beach Board Realtors Inc,"https://floridaucc.com/search?text=PALM BEACH BOARD OF REALTORS, INC.&searchOptionType=LegacySearch&searchOptionSubOption=FiledAndLapsedActualDebtorNameList&searchCategory=Standard",Search1600.csv,Lapsed,12/20/2007,12/20/2012,03/02/2026,200707259930,2,1,,,,,,,,,,,1,"PALM BEACH BOARD OF REALTORS, INC.","140 ROYAL PALM WAY, SUITE 205, PALM BEACH, FL, 33480",UCC1,1,,12/20/2007
Sanchez & Maddux Inc,140 Ryal Palm Way Ste 206,Palm Beach,FL,33480-4204,4204,SANCHEZ & MADDUX INC,140 Royal Palm Way Ste 206,Palm Beach,FL,33480-4204,,Landscape Architects,President,Mr. Jorge A Sanchez,Sanchez & Maddux Inc,https://floridaucc.com/search?text=SANCHEZ & MADDUX INC&searchOptionType=LegacySearch&searchOptionSubOption=FiledAndLapsedActualDebtorNameList&searchCategory=Standard,Search1600.csv,Lapsed,01/12/2001,01/12/2016,03/02/2026,200100009467,3,1,,,,,,,,,,,1,SANCHEZ & MADDUX INC,"140 ROYAL PALM WAY STE 206, PALM BEACH, FL, 33480",UCC1,1,,01/12/2001
300 Suth Ocean Blvd Aprtmnts I,300 S Ocean Blvd,Palm Beach,FL,33480-4205,4205,"300 SOUTH OCEAN BOULEVARD APARTMENTS, INC.",300 S Ocean Blvd,Palm Beach,FL,33480-4205,C010,Condominium Association,President,Mr. Walter Smith,300 Suth Ocean Blvd Aprtmnts I,,Search1600.csv,No close match,,,,,,,,,,,,,,,,,,,,,,,
One Royal Palm Way Assn Inc,100 Royal Palm Way,Palm Beach,FL,33480-4213,4213,ONE ROYAL PALM WAY ASSOCIATION INCORPORATED,100 Royal Palm Way,Palm Beach,FL,33480-4213,,Condominium Manager,Manager,Mr. Santos Lumia,One Royal Palm Way Assn Inc,,Search1600.csv,No close match,,,,,,,,,,,,,,,,,,,,,,,
Silverdge Gvrnment Slutions LP,100 Royal Palm Way,Palm Beach,FL,33480-4213,4213,"SILVEREDGE GOVERNMENT SOLUTIONS, LP",100 Royal Palm Way,Palm Beach,FL,33480-4213,,Management Consulting Services,Managing Partner,Mr. Douglas T Lake,Silverdge Gvrnment Slutions LP,,Search1600.csv,No close match,,,,,,,,,,,,,,,,,,,,,,,
Salon Margrit  Inc,165 Brazilian Ave Ste A,Palm Beach,FL,33480-4221,4221,"SALON MARGRIT, INC.",165 Brazilian Ave Ste A,Palm Beach,FL,33480-4221,,Hairdressers,President,Ms. Margrit Bessenroth,Salon Margrit  Inc,"https://floridaucc.com/search?text=SALON MARGRIT, INC.&searchOptionType=LegacySearch&searchOptionSubOption=FiledAndLapsedActualDebtorNameList&searchCategory=Standard",Search1600.csv,Lapsed,09/11/2003,09/11/2008,03/02/2026,200304920795,0,1,,,,,,,,,,,2,BESSENROTH MARGRIT,"311 SOUTH COUNTY ROAD, PALM BEACH, FL",UCC1,4,,09/11/2003
Smith Intr Design Group Inc,206 Phipps Plz,Palm Beach,FL,33480-4241,4241,"SMITH INTERIOR DESIGN GROUP, INC.",206 Phipps Plz,Palm Beach,FL,33480-4241,,Interior Decorating,President,Mr. Jeffrey W Smith,Smith Intr Design Group Inc,,Search1600.csv,No close match,,,,,,,,,,,,,,,,,,,,,,,
Smith Architectural Group Inc,205 Phipps Plz,Palm Beach,FL,33480-4241,4241,SMITH ARCHITECTURAL GROUP INC,205 Phipps Plz,Palm Beach,FL,33480-4241,,Architectural Engineering,President,Mr. Jeffrey Smith,Smith Architectural Group Inc,,Search1600.csv,No close match,,,,,,,,,,,,,,,,,,,,,,,
Scott Snyder  Inc,239 S County Rd Ste 200,Palm Beach,FL,33480-4243,4243,"SCOTT SNYDER, INC.",239 S County Rd Ste 200,Palm Beach,FL,33480-4243,,Interior Decorating,President,Mr. Scott Snyder,Scott Snyder  Inc,"https://floridaucc.com/search?text=SCOTT SNYDER, INC.&searchOptionType=LegacySearch&searchOptionSubOption=FiledAndLapsedActualDebtorNameList&searchCategory=Standard",Search1600.csv,Lapsed,12/22/1999,12/22/2009,03/02/2026,990000286965,3,1,,,,,,,,,,,1,SCOTT SNYDER INC,"209 PHIPPS PLAZA, PALM BEACH, FL, 33480",UCC1,2,,12/22/1999
Premier Title Company  Ltd,151 Royal Palm Way,Palm Beach,FL,33480-4249,4249,"PREMIER TITLE COMPANY, LTD.",151 Royal Palm Way,Palm Beach,FL,33480-4249,,Title And Trust Companies,President,Mr. Bernard R Baker,Premier Title Company  Ltd,,Search1600.csv,No close match,,,,,,,,,,,,,,,,,,,,,,,
Bleu Provence Inc,300 S County Rd,Palm Beach,FL,33480-4277,4277,BLEU PROVENCE INC,300 S County Rd,Palm Beach,FL,33480-4277,,Retail Bakeries,President,Thierry Miroir,Bleu Provence Inc,,Search1600.csv,No close match,,,,,,,,,,,,,,,,,,,,,,,
Mish Jewelry Inc,244 S County Rd,Palm Beach,FL,33480-4296,4296,MISH JEWELRY INC,244 S County Rd,Palm Beach,FL,33480-4296,C007,Jewelry,President,Mish Tworkowski,Mish Jewelry Inc,,Search1600.csv,No close match,,,,,,,,,,,,,,,,,,,,,,,
Kemble Interiors  Inc,294 Hibiscus Ave,Palm Beach,FL,33480-4301,4301,"KEMBLE INTERIORS, INC.",294 Hibiscus Ave,Palm Beach,FL,33480-4301,,Interior Designer,President,Ms. Mimi M Mcmakin,Kemble Interiors  Inc,"https://floridaucc.com/search?text=KEMBLE INTERIORS, INC.&searchOptionType=LegacySearch&searchOptionSubOption=FiledAndLapsedActualDebtorNameList&searchCategory=Standard",Search1600.csv,Lapsed,05/10/2004,05/10/2009,03/02/2026,20040686066X,0,1,,,,,,,,,,,1,"KEMBLE INTERIORS, INC.","294 HIBISCUS AVE, PALM BEACH, FL, 33480",UCC1,1,,05/10/2004
Rehablttion Ctr For Chldren Ad,300 Royal Palm Way,Palm Beach,FL,33480-4305,4305,REHABILITATION CENTER FOR CHILDREN & ADULTS INC,300 Royal Palm Way,Palm Beach,FL,33480-4305,,Physical Therapist,President,Ms. Heather Henry,Rehablttion Ctr For Chldren Ad,,Search1600.csv,No close match,,,,,,,,,,,,,,,,,,,,,,,
Jacqueline Albarran,324 Ryal Palm Way Ste 211,Palm Beach,FL,33480-4306,4306,JACQUELINE ALBARRAN,324 Royal Palm Way Ste 211,Palm Beach,FL,33480-4306,,Architectural Engineering,Principal,Ms. Jacqueline Albarran,Jacqueline Albarran,https://floridaucc.com/search?text=JACQUELINE ALBARRAN&searchOptionType=LegacySearch&searchOptionSubOption=FiledAndLapsedActualDebtorNameList&searchCategory=Standard,Search1600.csv,Lapsed,07/06/2009,07/06/2014,03/02/2026,200900806085,0,1,,,,,,,,,,,1,JACQUELINE ALBARRAN ARCHITECT P.A.,"324 ROYAL PALM WAY, SUITE 227, PALM BEACH, FL, 33480",UCC1,2,,07/06/2009
Pressly Prssly Rndlph Prssly P,251 Ryal Palm Way Ste 300,Palm Beach,FL,33480-4310,4310,"PRESSLY, PRESSLY, RANDOLPH & PRESSLY, P.A.",251 Royal Palm Way Ste 300,Palm Beach,FL,33480-4310,,General Practice Law Office,President,Mr. James G Pressly,Pressly Prssly Rndlph Prssly P,"https://floridaucc.com/search?text=PRESSLY, PRESSLY, RANDOLPH & PRESSLY, P.A.&searchOptionType=LegacySearch&searchOptionSubOption=FiledAndLapsedActualDebtorNameList&searchCategory=Standard",Search1600.csv,Lapsed,03/16/2017,03/16/2022,03/02/2026,201700614175,0,1,,,,,,,,,,,1,"PRESSLY, PRESSLY, RANDOLPH & PRESSLY, P.A.","222 LAKEVIEW AVENUE, SUITE 910, WEST PALM BEACH, FL, 33401-6148",UCC1,1,,03/16/2017
Stubbs & Wootton Corp,251 Royal Palm Way,Palm Beach,FL,33480-4310,4310,STUBBS & WOOTTON CORP,251 Royal Palm Way Ste 200,Palm Beach,FL,33480-4310,C007,Shoe Stores,President,Mr. Percival P Steinhart,Stubbs & Wootton Corp,https://floridaucc.com/search?text=STUBBS & WOOTTON CORP&searchOptionType=LegacySearch&searchOptionSubOption=FiledAndLapsedActualDebtorNameList&searchCategory=Standard,Search1600.csv,Lapsed,09/27/1993,09/27/2008,03/02/2026,930000199976,2,1,,,,,,,,,,,1,STUBBS & WOOTTON CORP,"323 WORTH AVE, PALM BEACH, FL, 33480",UCC1,2,,09/27/1993
Alvarium Inv Advisors US Inc,324 Royal Palm Way,Palm Beach,FL,33480-4313,4313,"ALVARIUM INVESTMENT ADVISORS (US), INC.",324 Royal Palm Way,Palm Beach,FL,33480-4313,,Financial Management For Business,President,Mr. Pablo Stalman,Alvarium Inv Advisors US Inc,,Search1600.csv,No close match,,,,,,,,,,,,,,,,,,,,,,,
Menin Development Inc,324 Royal Palm Way,Palm Beach,FL,33480-4313,4313,MENIN DEVELOPMENT INC.,324 Royal Palm Way Ste 100,Palm Beach,FL,33480-4313,C007,Commercial And Industrial Building Operation,President,Mr. Craig Menin,Menin Development Inc,https://floridaucc.com/search?text=MENIN DEVELOPMENT INC.&searchOptionType=LegacySearch&searchOptionSubOption=FiledAndLapsedActualDebtorNameList&searchCategory=Standard,Search1600.csv,Lapsed,09/03/1999,09/03/2004,03/02/2026,990000203185,1,1,,,,,,,,,,,1,MENIN DEVELOPMENT CO INC,"201 N HIGHWAY 1, SUITE D-S, JUPITER, FL, 33477",UCC1,3,,09/03/1999
Alpine Associates Mgt Inc,249 Royal Palm Way,Palm Beach,FL,33480-4321,4321,ALPINE ASSOCIATES MANAGEMENT INC.,249 Royal Palm Way,Palm Beach,FL,33480-4321,,"Management Investment, Open-End",Partner,Ms. Victoria Zoellner,Alpine Associates Mgt Inc,,Search1600.csv,No close match,,,,,,,,,,,,,,,,,,,,,,,
Hafer & Gilmer Cpa,249 Ryal Palm Way Ste 300,Palm Beach,FL,33480-4333,4333,HAFER & GILMER CPA,249 Royal Palm Way Ste 300,Palm Beach,FL,33480-4333,,Certified Public Accountant,Partner,Mr. Charles Hafer,Hafer & Gilmer Cpa,,Search1600.csv,No close match,,,,,,,,,,,,,,,,,,,,,,,
Kantis Management  LLC,251 Ryal Palm Way Ste 400,Palm Beach,FL,33480-4360,4360,"KANTIS MANAGEMENT, LLC",251 Royal Palm Way Ste 400a,Palm Beach,FL,33480-4360,,Management Services,Principal,Kantis Stephanie,Kantis Management  LLC,"https://floridaucc.com/search?text=KANTIS MANAGEMENT, LLC&searchOptionType=LegacySearch&searchOptionSubOption=FiledAndLapsedActualDebtorNameList&searchCategory=Standard",Search1600.csv,Lapsed,12/22/2015,12/22/2020,03/02/2026,201506057908,1,1,,,,,,,,,,,4,KANTIS UNIVERSAL LLC,"251 ROYAL PALM WAY, PALM BEACH, FL, 33480",UCC1,3,,12/22/2015
Findlay Galleries Wally Intl,165 Worth Ave,Palm Beach,FL,33480-4406,4406,WALLY FINDLAY GALLERIES INTERNATIONAL INC,165 Worth Ave,Palm Beach,FL,33480-4406,,Art Dealers,Chief Executive Officer,Mr. James Borynack,Findlay Galleries Wally Intl,,Search1600.csv,No close match,,,,,,,,,,,,,,,,,,,,,,,
Palm Beach Inv Res Group,123 Australian Ave,Palm Beach,FL,33480-4434,4434,PALM BEACH INVESTMENT RESEARCH GROUP INC,123 Australian Ave,Palm Beach,FL,33480-4434,,"Investors, Nec",Principal,Mr. Richard L Stone,Palm Beach Inv Res Group,,Search1600.csv,No close match,,,,,,,,,,,,,,,,,,,,,,,
331 South County Road Corp,331 S County Rd,Palm Beach,FL,33480-4443,4443,331 SOUTH COUNTY ROAD CORP.,331 S County Rd,Palm Beach,FL,33480-4443,,"Personal Service Agents, Brokers, And Bureaus",Principal,Mr. Norbert M Goldner,331 South County Road Corp,https://floridaucc.com/search?text=331 SOUTH COUNTY ROAD CORP.&searchOptionType=LegacySearch&searchOptionSubOption=FiledAndLapsedActualDebtorNameList&searchCategory=Standard,Search1600.csv,Lapsed,11/28/1994,11/28/1999,03/02/2026,940000239901,1,1,,,,,,,,,,,1,331 SOUTH COUNTY ROAD CORP,"331 S COUNTY RD, PALM BCH, FL, 33480",UCC1,3,,11/28/1994
Grays Sunoco,340 S County Rd,Palm Beach,FL,33480-4457,4457,GRAY'S SUNOCO,340 S County Rd,Palm Beach,FL,33480-4457,,"Filling Stations, Gasoline",President,Mr. Richard Gray,Grays Sunoco,,Search1600.csv,No close match,,,,,,,,,,,,,,,,,,,,,,,
Southlake Association Inc,315 S Lake Dr Ofc,Palm Beach,FL,33480-4525,4525,THE SOUTHLAKE ASSOCIATION INC,315 S Lake Dr Ofc,Palm Beach,FL,33480-4525,,Condominium Association,Manager,Mr. Andrew Miller,Southlake Association Inc,,Search1600.csv,No close match,,,,,,,,,,,,,,,,,,,,,,,
Tribeca Capital LLC,455 Australian Ave Ste 4h,Palm Beach,FL,33480-4526,4526,TRIBECA CAPITAL LLC,455 Australian Ave Ste 4h,Palm Beach,FL,33480-4526,C066,Computer Software Development And Applications,Managing Member,Mr. Greg Meyer,Tribeca Capital LLC,,Search1600.csv,No close match,,,,,,,,,,,,,,,,,,,,,,,
Park Place Inc,369 S Lake Dr Ofc,Palm Beach,FL,33480-4571,4571,PARK PLACE INC,369 S Lake Dr Ofc,Palm Beach,FL,33480-4571,C063,Tenant Association,President,Ms. Grace Cromwell,Park Place Inc,https://floridaucc.com/search?text=PARK PLACE INC&searchOptionType=LegacySearch&searchOptionSubOption=FiledAndLapsedActualDebtorNameList&searchCategory=Standard,Search1600.csv,Lapsed,11/02/1998,11/02/2003,03/02/2026,980000244122,0,1,,,,,,,,,,,1,PARK PLACE INC,"369 S LAKE DR, PALM BEACH, FL, 33480",UCC1,1,,11/02/1998
Capri Of Palm Beach  Inc,205 Worth Ave #307b,Palm Beach,FL,33480-4600,4600,"CAPRI OF PALM BEACH, INC.",205 Worth Ave Ste 307b,Palm Beach,FL,33480-4600,,Jewelry,President,Ms. Rhonda Shore,Capri Of Palm Beach  Inc,"https://floridaucc.com/search?text=CAPRI OF PALM BEACH, INC.&searchOptionType=LegacySearch&searchOptionSubOption=FiledAndLapsedActualDebtorNameList&searchCategory=Standard",Search1600.csv,Lapsed,05/28/1992,05/28/1997,03/02/2026,920000106532,1,1,,,,,,,,,,,1,CAPRI OF PALM BEACH INC,"205 WORTH AVE, PALM BEACH, FL, 33480",UCC1,2,,05/28/1992
Leta Astin Fster Daughters Inc,64 Via Mazner,Palm Beach,FL,33480-4611,4611,"LETA AUSTIN FOSTER & DAUGHTERS, INC.",64 Via Mizner,Palm Beach,FL,33480-4611,,Interior Designer,President,Ms. Leta Foster,Leta Astin Fster Daughters Inc,,Search1600.csv,No close match,,,,,,,,,,,,,,,,,,,,,,,
Bridges Marsh & Associates Inc,18 Via Mizner,Palm Beach,FL,33480-4611,4611,"BRIDGES, MARSH & ASSOCIATES, INC.",18 Via Mizner,Palm Beach,FL,33480-4611,C063,Architectural Engineering,President,Mr. Mark Marsh,Bridges Marsh & Associates Inc,,Search1600.csv,No close match,,,,,,,,,,,,,,,,,,,,,,,
Linda A Gary Real Estate Inc,201 Worth Ave,Palm Beach,FL,33480-4614,4614,LINDA A GARY REAL ESTATE INC,201 Worth Ave,Palm Beach,FL,33480-4614,C063,"Real Estate Agent, Residential",President,Ms. Linda A Gary,Linda A Gary Real Estate Inc,https://floridaucc.com/search?text=LINDA A GARY REAL ESTATE INC&searchOptionType=LegacySearch&searchOptionSubOption=FiledAndLapsedActualDebtorNameList&searchCategory=Standard,Search1600.csv,Lapsed,06/27/1996,06/27/2001,03/02/2026,960000133154,0,1,,,,,,,,,,,1,LINDA A GARY REAL STATE INC,"420 S COUNTY ROAD, PALM BEACH, FL, 33480",UCC1,1,,06/27/1996
Paul B Henry Of Palm Beach,236 Worth Ave,Palm Beach,FL,33480-4615,4615,PAUL B HENRY OF PALM BEACH INC,236 Worth Ave,Palm Beach,FL,33480-4615,C063,"Jewelry, Precious Stones And Precious Metals",President,Mr. Paul B Henry,Paul B Henry Of Palm Beach,https://floridaucc.com/search?text=PAUL B HENRY OF PALM BEACH INC&searchOptionType=LegacySearch&searchOptionSubOption=FiledAndLapsedActualDebtorNameList&searchCategory=Standard,Search1600.csv,Lapsed,05/06/1997,05/06/2002,03/02/2026,970000097172,1,1,,,,,,,,,,,2,HENRY PAUL B,"235 WELLS RD, PALM BEACH, FL, 33480",UCC1,1,,05/06/1997
Trillion  Inc,315 Worth Ave,Palm Beach,FL,33480-4616,4616,"TRILLION, INC.",315 Worth Ave,Palm Beach,FL,33480-4616,,Clothing Accessories: Men's And Boys',President,Mr. David W Neff,Trillion  Inc,"https://floridaucc.com/search?text=TRILLION, INC.&searchOptionType=LegacySearch&searchOptionSubOption=FiledAndLapsedActualDebtorNameList&searchCategory=Standard",Search1600.csv,Lapsed,01/29/2007,01/29/2012,03/02/2026,200704687966,0,2,,,,,,,,,,,2,WALTON COUNTY SCHOOL DISTRICT FL,"145 PARK STREET, DEFUNIAK SPRINGS, FL, 32433W",UCC1,12,,01/29/2007
Friedrichs Optical Corp,328 Worth Ave,Palm Beach,FL,33480-4617,4617,FRIEDRICH'S OPTICAL CORP.,328 Worth Ave,Palm Beach,FL,33480-4617,C063,Opticians,President,Mr. Friedrich Paulick,Friedrichs Optical Corp,,Search1600.csv,No close match,,,,,,,,,,,,,,,,,,,,,,,
David Lawrence Arch Inc,205 Worth Ave Ste 305,Palm Beach,FL,33480-4618,4618,DAVID LAWRENCE ARCHITECTURE INCORPORATED,205 Worth Ave Ste 305,Palm Beach,FL,33480-4618,,Architectural Engineering,President,Mr. David B Lawrence,David Lawrence Arch Inc,,Search1600.csv,No close match,,,,,,,,,,,,,,,,,,,,,,,
Benchmark Of Palm Beach,205 Worth Ave Ste 315,Palm Beach,FL,33480-4618,4618,BENCHMARK OF PALM BEACH,205 Worth Ave Ste 315,Palm Beach,FL,33480-4618,C063,Jewelers' Hand Tools,President,Mr. Ken Burns,Benchmark Of Palm Beach,,Search1600.csv,No close match,,,,,,,,,,,,,,,,,,,,,,,
Dudley & Shanley  Inc,205 Worth Ave Ste 311,Palm Beach,FL,33480-4618,4618,"DUDLEY & SHANLEY, INC.",205 Worth Ave Ste 311,Palm Beach,FL,33480-4618,C063,Investment Advisory Service,Principal,Mr. Henry Dudley,Dudley & Shanley  Inc,,Search1600.csv,No close match,,,,,,,,,,,,,,,,,,,,,,,
Fortin Foundation Of Fla Inc,201 Chilean Ave,Palm Beach,FL,33480-4629,4629,THE FORTIN FOUNDATION OF FLORIDA INC,201 Chilean Ave,Palm Beach,FL,33480-4629,,Youth Organizations,President,Ms. Lesly S Smith,Fortin Foundation Of Fla Inc,,Search1600.csv,No close match,,,,,,,,,,,,,,,,,,,,,,,
Coe Broberg & Austin L L P,223 Peruvian Ave,Palm Beach,FL,33480-4635,4635,"COE, BROBERG & AUSTIN L L P",223 Peruvian Ave,Palm Beach,FL,33480-4635,C063,"General Practice Attorney, Lawyer",Partner,Mr. Peter Broberg,Coe Broberg & Austin L L P,,Search1600.csv,No close match,,,,,,,,,,,,,,,,,,,,,,,
Jennifer Garrigues  Inc,308 Peruvian Ave,Palm Beach,FL,33480-4638,4638,"JENNIFER GARRIGUES, INC.",308 Peruvian Ave,Palm Beach,FL,33480-4638,C063,Interior Designer,President,Ms. Jennifer Garrigues,Jennifer Garrigues  Inc,"https://floridaucc.com/search?text=JENNIFER GARRIGUES, INC.&searchOptionType=LegacySearch&searchOptionSubOption=FiledAndLapsedActualDebtorNameList&searchCategory=Standard",Search1600.csv,Lapsed,03/03/1997,03/03/2012,03/02/2026,970000045180,5,1,,,,,,,,,,,1,JENNIFER GARRIGUES INC,"308 PERUVIAN AVE, PALM BCH, FL, 33480",UCC1,1,,03/03/1997
Advertising Images  Inc,205 Worth Ave Suite 201,Palm Beach,FL,33480-4650,4650,"ADVERTISING IMAGES, INC.",205 Worth Ave Ste 201,Palm Beach,FL,33480-4650,,Advertising Specialties,President,Robin L Sexton,Advertising Images  Inc,,Search1600.csv,No close match,,,,,,,,,,,,,,,,,,,,,,,
Celebration Cakes  LLC,214 Brazilian Ave Ste 212,Palm Beach,FL,33480-4676,4676,"CELEBRATION CAKES, LLC",214 Brazilian Ave Ste 212,Palm Beach,FL,33480-4676,,Cakes,Managing Member,Mr. Nick Sales,Celebration Cakes  LLC,"https://floridaucc.com/search?text=CELEBRATION CAKES, LLC&searchOptionType=LegacySearch&searchOptionSubOption=FiledAndLapsedActualDebtorNameList&searchCategory=Standard",Search1600.csv,Lapsed,05/18/2000,05/18/2005,03/02/2026,200000115984,2,1,,,,,,,,,,,1,CELEBRATION CAKES LLC,"14100 WALSINGHAM RD STE 34, LARGO, FL, 33774",UCC1,1,,05/18/2000
Palm Beach Pharma  Corp,235 Peruvian Ave Ste 4,Palm Beach,FL,33480-4695,4695,"PALM BEACH PHARMA, CORP.",235 Peruvian Ave Ste 4,Palm Beach,FL,33480-4695,C063,Drug Stores,Chief Executive Officer,Ildiko Sipos,Palm Beach Pharma  Corp,"https://floridaucc.com/search?text=PALM BEACH PHARMA, CORP.&searchOptionType=LegacySearch&searchOptionSubOption=FiledAndLapsedActualDebtorNameList&searchCategory=Standard",Search1600.csv,Lapsed,02/25/2013,02/25/2018,03/02/2026,201308496999,0,1,,,,,,,,,,,1,PALM BEACH PHARMA CORP,"235 PERUVIAN AVE #3, PALM BEACH, FL, 33480",UCC1,1,,02/25/2013
Tricony Management LLC,313 Worth Ave Ste B,Palm Beach,FL,33480-4704,4704,"TRICONY MANAGEMENT, LLC",313 Worth Ave Ste B,Palm Beach,FL,33480-4704,,Real Estate Managers,Managing Member,Mr. Edward Torres,Tricony Management LLC,,Search1600.csv,No close match,,,,,,,,,,,,,,,,,,,,,,,
Winthrop House Condo Assn Inc,100 Worth Ave Ph 12,Palm Beach,FL,33480-4717,4717,"WINTHROP HOUSE CONDOMINIUM ASSOCIATION, INC.",100 Worth Ave Ph 12,Palm Beach,FL,33480-4717,,Condominium Association,President,Jean R Green,Winthrop House Condo Assn Inc,,Search1600.csv,No close match,,,,,,,,,,,,,,,,,,,,,,,
Martin Sosnoff,260 Via Bellaria,Palm Beach,FL,33480-4901,4901,MARTIN SOSNOFF,260 Via Bellaria,Palm Beach,FL,33480-4901,,Civic And Social Associations,President,Mr. Martin Sosnoff,Martin Sosnoff,,Search1600.csv,No close match,,,,,,,,,,,,,,,,,,,,,,,
Mar-A-Lago Club  LLC,1100 S Ocean Blvd,Palm Beach,FL,33480-5004,5004,"MAR-A-LAGO CLUB, L.L.C.",1100 S Ocean Blvd,Palm Beach,FL,33480-5004,C016,"Social Club, Membership",President,Mr. Donald Trump,Mar-A-Lago Club  LLC,"https://floridaucc.com/search?text=MAR-A-LAGO CLUB, L.L.C.&searchOptionType=LegacySearch&searchOptionSubOption=FiledAndLapsedActualDebtorNameList&searchCategory=Standard",Search1600.csv,Lapsed,05/01/1996,05/01/2001,03/02/2026,960000089302,1,1,,,,,,,,,,,1,MAR-A-LAGO CLUB LLC,"C/O 725 FIFTH AVE, NEW YORK, NY, 10022",UCC1,6,,05/01/1996
Mariko Boutique Inc,329 Worth Ave Ste 3,Palm Beach,FL,33480-6012,6012,MARIKO BOUTIQUE INC,329 Worth Ave Ste 3,Palm Beach,FL,33480-6012,C063,Apparel Accessories,President,Mr. Peter Kiyokawa,Mariko Boutique Inc,https://floridaucc.com/search?text=MARIKO BOUTIQUE INC&searchOptionType=LegacySearch&searchOptionSubOption=FiledAndLapsedActualDebtorNameList&searchCategory=Standard,Search1600.csv,Lapsed,11/24/1998,11/24/2008,03/02/2026,980000262102,2,1,,,,,,,,,,,1,MARIKO BOUTIQUE INC,"329 WORTH AVE, PALM BEACH, FL, 33480",UCC1,1,,11/24/1998
Palm Beach Soc Companies Inc,240 Worth Ave Frnt,Palm Beach,FL,33480-6028,6028,"PALM BEACH SOCIETY COMPANIES, INC.",240 Worth Ave Frnt,Palm Beach,FL,33480-6028,,"Magazines: Publishing Only, Not Printed On Site",President,Mr. James J Sheeran,Palm Beach Soc Companies Inc,,Search1600.csv,No close match,,,,,,,,,,,,,,,,,,,,,,,
Eye Of Needle  Inc,313 1/2 Worth Ave Ste C2,Palm Beach,FL,33480-6057,6057,"EYE OF THE NEEDLE, INC.",313 1/2 Worth Ave Ste C2,Palm Beach,FL,33480-6057,C063,"Ready-To-Wear Apparel, Women's",Principal,Ms. Karen S Golov,Eye Of Needle  Inc,"https://floridaucc.com/search?text=EYE OF THE NEEDLE, INC.&searchOptionType=LegacySearch&searchOptionSubOption=FiledAndLapsedActualDebtorNameList&searchCategory=Standard",Search1600.csv,Lapsed,08/30/1993,08/30/1998,03/02/2026,930000181310,0,1,,,,,,,,,,,1,EYE OF THE NEEDLE INC,"2117 US HWY #1, JUPITER, FL, 33477",UCC1,1,,08/30/1993
Palamad  LLC,317 Peruvian Ave Ste 204,Palm Beach,FL,33480-6059,6059,"PALAMAD, LLC",317 Peruvian Ave Ste 204,Palm Beach,FL,33480-6059,C063,Apartment Building Operators,Member,Mr. Paul Maddock,Palamad  LLC,"https://floridaucc.com/search?text=PALAMAD, LLC&searchOptionType=LegacySearch&searchOptionSubOption=FiledAndLapsedActualDebtorNameList&searchCategory=Standard",Search1600.csv,Lapsed,07/02/2014,07/02/2019,03/02/2026,201401738514,1,1,,,,,,,,,,,3,"MADDOCK, JR. PAUL L. TRUSTEE","317 PERUVIAN AVENUE, SUITE 204, PALM BEACH, FL, 33480",UCC1,5,,07/02/2014
Cdk Development Inc,235 Worth Ave Ste A,Palm Beach,FL,33480-6070,6070,CDK DEVELOPMENT INC,235 Worth Ave Ste A,Palm Beach,FL,33480-6070,C063,Interior Design Services,Owner,Tracy Kamenstein,Cdk Development Inc,,Search1600.csv,No close match,,,,,,,,,,,,,,,,,,,,,,,
National Housing Corporation,313 Clarke Ave,Palm Beach,FL,33480-6126,6126,NATIONAL HOUSING CORPORATION,313 Clarke Ave,Palm Beach,FL,33480-6126,,"Subdividers And Developers, Nec",President,Mr. Robert H Josephberg,National Housing Corporation,https://floridaucc.com/search?text=NATIONAL HOUSING CORPORATION&searchOptionType=LegacySearch&searchOptionSubOption=FiledAndLapsedActualDebtorNameList&searchCategory=Standard,Search1600.csv,Lapsed,01/12/1995,01/12/2000,03/02/2026,950000007409,0,1,,,,,,,,,,,1,NATIONAL HOUSING DEVELOPMENT CORPORATION,"3821 NORTH SHORE DR, W PALM BEACH, FL, 33407",UCC1,3,,01/12/1995
Dunster House Condo Assn Inc,360 S Ocean Blvd Ofc,Palm Beach,FL,33480-6702,6702,"DUNSTER HOUSE CONDOMINIUM ASSOCIATION, INC.",360 S Ocean Blvd Ofc,Palm Beach,FL,33480-6702,C010,Condominium Association,President,Sidney Jacobson,Dunster House Condo Assn Inc,,Search1600.csv,No close match,,,,,,,,,,,,,,,,,,,,,,,
Aron Richard Associates Inc,100 Worth Ave,Palm Beach,FL,33480-6710,6710,ARON RICHARD ASSOCIATES INC,100 Worth Ave,Palm Beach,FL,33480-6710,,Jewelry,President,Mr. Richard Aron,Aron Richard Associates Inc,,Search1600.csv,No close match,,,,,,,,,,,,,,,,,,,,,,,
Buccan,350 S County Rd Ste 212,Palm Beach,FL,33480-6732,6732,BUCCAN,350 S County Rd Ste 212,Palm Beach,FL,33480-6732,,American Restaurant,Chief Executive Officer,Mr. Samuel Slattery,Buccan,https://floridaucc.com/search?text=BUCCAN&searchOptionType=LegacySearch&searchOptionSubOption=FiledAndLapsedActualDebtorNameList&searchCategory=Standard,Search1600.csv,Lapsed,07/25/2016,07/25/2021,03/02/2026,201608275904,0,1,,,,,,,,,,,2,THE EMBER GROUP,"350 SOUTH COUNTY ROAD, PALM BEACH, FL, 33480",UCC1,1,,07/25/2016
Three Sisters Hobe Sound  Inc,336 S County Rd,Palm Beach,FL,33480-6744,6744,"THREE SISTERS OF HOBE SOUND, INC.",336 S County Rd,Palm Beach,FL,33480-6744,C007,"Ready-To-Wear Apparel, Women's",President,Ms. Cassandra Orrico,Three Sisters Hobe Sound  Inc,,Search1600.csv,No close match,,,,,,,,,,,,,,,,,,,,,,,
Lake Towers Association  Inc,250 Bradley Pl Ofc,Palm Beach,FL,33480-7407,7407,"LAKE TOWERS ASSOCIATION, INC.",250 Bradley Pl Ofc,Palm Beach,FL,33480-7407,C067,Condominium Association,President,Niki Mcdonald,Lake Towers Association  Inc,"https://floridaucc.com/search?text=LAKE TOWERS ASSOCIATION, INC.&searchOptionType=LegacySearch&searchOptionSubOption=FiledAndLapsedActualDebtorNameList&searchCategory=Standard",Search1600.csv,Lapsed,07/28/1995,07/28/2000,03/02/2026,950000150228,1,1,,,,,,,,,,,1,LAKE TOWERS ASSOCIATION INC,"250 BRADLEY PLACE, PALM BEACH, FL, 33480",UCC1,1,,07/28/1995
Diverse Supply  Inc,P O Box 10997,Saint Petersburg,FL,33733-0997,997,"DIVERSE SUPPLY, INC.",980 Siesta Dr,West Palm Beach,FL,33415-1312,,"Hoppers, End Dump",President,Mr. Guillermo Hernandez,Diverse Supply  Inc,,Search1600.csv,No close match,,,,,,,,,,,,,,,,,,,,,,,
Palmis Tire & Auto Center Inc,P O Box 778,Babson Park,FL,33827-0778,778,PALMIS TIRE & AUTO CENTER INC,3100 45th St,West Palm Beach,FL,33407-1916,,General Automotive Repair Shops,President,Mr. Guillermo Hernandez,Palmis Tire & Auto Center Inc,https://floridaucc.com/search?text=PALMIS TIRE & AUTO CENTER INC&searchOptionType=LegacySearch&searchOptionSubOption=FiledAndLapsedActualDebtorNameList&searchCategory=Standard,Search1600.csv,Lapsed,03/15/1999,03/15/2004,03/02/2026,990000056563,0,1,,,,,,,,,,,3,PALMIS TIRE & AUTO CENTER INC,"2770 N MILITARY TRAIL, WEST PALM BEACH, FL, 33409",UCC1,2,,03/15/1999
Ww Lumber Palm Beach  Inc,P O Box 1,Indiantown,FL,34956-0001,1,"W.W. LUMBER OF PALM BEACH, INC.",2077 N Military Trl,West Palm Beach,FL,33409-3101,,Lumber And Other Building Materials,President,Ms. Iris Wall,Ww Lumber Palm Beach  Inc,,Search1600.csv,No close match,,,,,,,,,,,,,,,,,,,,,,,
D & T Auto Services  Inc,P O Box 8053,Port Saint Lucie,FL,34985,,"D & T AUTO SERVICES, INC.",2188 N Military Trl Ste A,West Palm Beach,FL,33409-3131,,General Automotive Repair Shops,Vice-President,Tony Cecere,D & T Auto Services  Inc,"https://floridaucc.com/search?text=D & T AUTO SERVICES, INC.&searchOptionType=LegacySearch&searchOptionSubOption=FiledAndLapsedActualDebtorNameList&searchCategory=Standard",Search1600.csv,Lapsed,03/08/2002,03/08/2007,03/02/2026,200200558836,1,1,,,,,,,,,,,1,D & T AUTO SERVICES INC,"250 OLD COUNTRY RD, WELLINGTON, FL, 33414",UCC1,2,,03/08/2002
United Plumbing Solutions,P O Box 1827,Palm City,FL,34991-6827,6827,"UNITED PLUMBING SOLUTIONS, INC",2781 Vista Pkwy Ste K10,West Palm Beach,FL,33411-6754,,Plumbing Contractors,Partner,Mr. Paul Shaughnessy,United Plumbing Solutions,"https://floridaucc.com/search?text=UNITED PLUMBING SOLUTIONS, INC&searchOptionType=LegacySearch&searchOptionSubOption=FiledAndLapsedActualDebtorNameList&searchCategory=Standard",Search1600.csv,Lapsed,06/29/2020,06/29/2025,03/02/2026,202002714868,1,1,,,,,,,,,,,1,UNITED PLUMBING SOLUTIONS INC,"2781 VISTA PKWY STE K10, WEST PALM BEACH, FL, 33411",UCC1,1,,06/29/2020
Appalchian Crdvsclar Assoc Inc,P O Box 681239,Fort Payne,AL,35968-1613,1613,"APPALACHIAN CARDIOVASCULAR ASSOCIATES, INC.",290 N Olive Ave Apt 515,West Palm Beach,FL,33401-5569,,Cardiologist And Cardio-Vascular Specialist,Principal,Sanjeed Saxena,Appalchian Crdvsclar Assoc Inc,,Search1600.csv,No close match,,,,,,,,,,,,,,,,,,,,,,,
Executive Coffee Service  Inc,P O Box 22547,Knoxville,TN,37933-0547,547,"EXECUTIVE COFFEE SERVICE, INC.",1126 Elizabeth Ave,West Palm Beach,FL,33401-6972,,Coffee Service,Principal,Mr. James Gregory,Executive Coffee Service  Inc,"https://floridaucc.com/search?text=EXECUTIVE COFFEE SERVICE, INC.&searchOptionType=LegacySearch&searchOptionSubOption=FiledAndLapsedActualDebtorNameList&searchCategory=Standard",Search1600.csv,Lapsed,09/30/2013,09/30/2018,03/02/2026,201309924285,0,1,,,,,,,,,,,1,"EXECUTIVE COFFEE SERVICE, INC.","1126 ELIZABETH AVENUE, WEST PALM BEACH, FL, 33401",UCC1,1,,09/30/2013
Hrf Exploration & Prod LLC,P O Box 160,Gaylord,MI,49734-0160,160,"HRF EXPLORATION & PRODUCTION, L.L.C.",250 El Dorado Ln,Palm Beach,FL,33480-3302,,Oil And Gas Exploration Services,President,H R Fruehaug,Hrf Exploration & Prod LLC,,Search1600.csv,No close match,,,,,,,,,,,,,,,,,,,,,,,
Pure Global Brands  Inc,P O Box 261889,Plano,TX,75026-1889,1889,"PURE GLOBAL BRANDS, INC.",500 S Australian Ave Ste 500,West Palm Beach,FL,33401-6223,,Gymnasium Equipment,President,Ms. Patricia G Frank,Pure Global Brands  Inc,"https://floridaucc.com/search?text=PURE GLOBAL BRANDS, INC.&searchOptionType=LegacySearch&searchOptionSubOption=FiledAndLapsedActualDebtorNameList&searchCategory=Standard",Search1600.csv,Lapsed,08/21/2012,08/21/2017,03/02/2026,20120738205X,2,1,,,,,,,,,,,1,"PURE GLOBAL BRANDS, INC.","8040 BELVEDERE ROAD, WEST PALM BEACH, FL, 33411",UCC1,1,,08/21/2012